ISO-10303-21;
HEADER;
FILE_DESCRIPTION(('KiCad electronic assembly'),'2;1');
FILE_NAME('Hex_Out_RevA_3D.step','2025-07-31T11:10:01',('Pcbnew'),(
    'Kicad'),'Open CASCADE STEP processor 7.9','KiCad to STEP converter'
  ,'Unknown');
FILE_SCHEMA(('AUTOMOTIVE_DESIGN { 1 0 10303 214 1 1 1 1 }'));
ENDSEC;
DATA;
#1 = APPLICATION_PROTOCOL_DEFINITION('international standard',
  'automotive_design',2000,#2);
#2 = APPLICATION_CONTEXT(
  'core data for automotive mechanical design processes');
#3 = SHAPE_DEFINITION_REPRESENTATION(#4,#10);
#4 = PRODUCT_DEFINITION_SHAPE('','',#5);
#5 = PRODUCT_DEFINITION('design','',#6,#9);
#6 = PRODUCT_DEFINITION_FORMATION('','',#7);
#7 = PRODUCT('Hex_Out_RevA_3D 1','Hex_Out_RevA_3D 1','',(#8));
#8 = PRODUCT_CONTEXT('',#2,'mechanical');
#9 = PRODUCT_DEFINITION_CONTEXT('part definition',#2,'design');
#10 = SHAPE_REPRESENTATION('',(#11,#15,#19,#23,#27),#31);
#11 = AXIS2_PLACEMENT_3D('',#12,#13,#14);
#12 = CARTESIAN_POINT('',(0.,0.,0.));
#13 = DIRECTION('',(0.,0.,1.));
#14 = DIRECTION('',(1.,0.,-0.));
#15 = AXIS2_PLACEMENT_3D('',#16,#17,#18);
#16 = CARTESIAN_POINT('',(150.,-94.99785,-8.5E-02));
#17 = DIRECTION('',(-1.224646799147E-16,-1.,-1.224646799147E-16));
#18 = DIRECTION('',(-1.,1.224646799147E-16,1.224646799147E-16));
#19 = AXIS2_PLACEMENT_3D('',#20,#21,#22);
#20 = CARTESIAN_POINT('',(0.,0.,0.));
#21 = DIRECTION('',(0.,0.,1.));
#22 = DIRECTION('',(1.,0.,-0.));
#23 = AXIS2_PLACEMENT_3D('',#24,#25,#26);
#24 = CARTESIAN_POINT('',(0.,0.,0.));
#25 = DIRECTION('',(0.,0.,1.));
#26 = DIRECTION('',(1.,0.,-0.));
#27 = AXIS2_PLACEMENT_3D('',#28,#29,#30);
#28 = CARTESIAN_POINT('',(0.,0.,0.));
#29 = DIRECTION('',(0.,0.,1.));
#30 = DIRECTION('',(1.,0.,-0.));
#31 = ( GEOMETRIC_REPRESENTATION_CONTEXT(3) 
GLOBAL_UNCERTAINTY_ASSIGNED_CONTEXT((#35)) GLOBAL_UNIT_ASSIGNED_CONTEXT(
(#32,#33,#34)) REPRESENTATION_CONTEXT('Context #1',
  '3D Context with UNIT and UNCERTAINTY') );
#32 = ( LENGTH_UNIT() NAMED_UNIT(*) SI_UNIT(.MILLI.,.METRE.) );
#33 = ( NAMED_UNIT(*) PLANE_ANGLE_UNIT() SI_UNIT($,.RADIAN.) );
#34 = ( NAMED_UNIT(*) SI_UNIT($,.STERADIAN.) SOLID_ANGLE_UNIT() );
#35 = UNCERTAINTY_MEASURE_WITH_UNIT(LENGTH_MEASURE(2.E-06),#32,
  'distance_accuracy_value','confusion accuracy');
#36 = PRODUCT_RELATED_PRODUCT_CATEGORY('part',$,(#7));
#37 = SHAPE_DEFINITION_REPRESENTATION(#38,#44);
#38 = PRODUCT_DEFINITION_SHAPE('','',#39);
#39 = PRODUCT_DEFINITION('design','',#40,#43);
#40 = PRODUCT_DEFINITION_FORMATION('','',#41);
#41 = PRODUCT('Hex_Out_RevA_3D 1.1','Hex_Out_RevA_3D 1.1','',(#42));
#42 = PRODUCT_CONTEXT('',#2,'mechanical');
#43 = PRODUCT_DEFINITION_CONTEXT('part definition',#2,'design');
#44 = ADVANCED_BREP_SHAPE_REPRESENTATION('',(#11,#45),#11179);
#45 = MANIFOLD_SOLID_BREP('',#46);
#46 = CLOSED_SHELL('',(#47,#89,#129,#160,#191,#222,#253,#293,#324,#355,
    #386,#417,#457,#488,#519,#550,#581,#621,#652,#683,#714,#745,#785,
    #816,#847,#878,#909,#951,#991,#1022,#1053,#1072,#1103,#1136,#1160,
    #1179,#1210,#1236,#1276,#1307,#1338,#1369,#1400,#1442,#1482,#1513,
    #1544,#1563,#1594,#1627,#1651,#1670,#1701,#1727,#1767,#1798,#1829,
    #1860,#1891,#1933,#1973,#2004,#2035,#2054,#2085,#2118,#2142,#2161,
    #2192,#2218,#2258,#2289,#2320,#2351,#2382,#2424,#2464,#2495,#2526,
    #2545,#2576,#2609,#2633,#2652,#2683,#2709,#2749,#2780,#2811,#2842,
    #2873,#2915,#2955,#2986,#3017,#3036,#3067,#3100,#3124,#3143,#3174,
    #3200,#3249,#3289,#3320,#3352,#3392,#3423,#3463,#3494,#3534,#3572,
    #3596,#3636,#3678,#3709,#3740,#3771,#3804,#3846,#3877,#3908,#3939,
    #3972,#4014,#4045,#4076,#4107,#4140,#4180,#4211,#4242,#4273,#4304,
    #4323,#4342,#4383,#4415,#4434,#4453,#4484,#4526,#4557,#4588,#4619,
    #4652,#4692,#4723,#4754,#4785,#4816,#4835,#4854,#4895,#4927,#4946,
    #4965,#4996,#5038,#5069,#5100,#5131,#5164,#5204,#5235,#5266,#5297,
    #5328,#5347,#5366,#5407,#5439,#5458,#5477,#5508,#5550,#5581,#5612,
    #5643,#5676,#5716,#5747,#5778,#5809,#5840,#5859,#5878,#5919,#5951,
    #5970,#5989,#6020,#6062,#6093,#6124,#6155,#6188,#6228,#6259,#6290,
    #6321,#6352,#6371,#6390,#6431,#6463,#6482,#6501,#6532,#6634,#6674,
    #6705,#6737,#6777,#6809,#6840,#6864,#6881,#6921,#6959,#6983,#7046,
    #7070,#7101,#7141,#7181,#7221,#7252,#7308,#7332,#7356,#7380,#7436,
    #7467,#7507,#7572,#7603,#7643,#7686,#7717,#7775,#7800,#7825,#7867,
    #7891,#7908,#7951,#7973,#7990,#8002,#8019,#8054,#8094,#8129,#8203,
    #8250,#8287,#8327,#8367,#8407,#8438,#8477,#8521,#8554,#8580,#8604,
    #8637,#8684,#8708,#8732,#8788,#8820,#8852,#8879,#8914,#8938,#8962,
    #8990,#9014,#9049,#9073,#9097,#9125,#9159,#9178,#9220,#9244,#9269,
    #9297,#9321,#9339,#9356,#9392,#9417,#9456,#9473,#9625,#9639,#9653,
    #9694,#9726,#9740,#9754,#9785,#9827,#10033,#10064,#10095,#10112,
    #10136,#10153,#10170,#10187,#10204,#10221,#10238,#10255,#10272,
    #10289,#10306,#10330,#10344,#10358,#10383,#10408,#10422,#10436,
    #10453,#10575,#10615,#10646,#10677,#10691,#10703,#10736,#10760,
    #10774,#10786,#10812,#10852,#10883,#10914,#11012,#11026,#11038,
    #11064,#11088,#11102,#11114,#11133));
#47 = ADVANCED_FACE('',(#48),#84,.T.);
#48 = FACE_BOUND('',#49,.T.);
#49 = EDGE_LOOP('',(#50,#61,#69,#78));
#50 = ORIENTED_EDGE('',*,*,#51,.T.);
#51 = EDGE_CURVE('',#52,#54,#56,.T.);
#52 = VERTEX_POINT('',#53);
#53 = CARTESIAN_POINT('',(-6.7,4.25,-1.197722557505));
#54 = VERTEX_POINT('',#55);
#55 = CARTESIAN_POINT('',(-6.7,4.26,-1.191202365109));
#56 = CIRCLE('',#57,0.65);
#57 = AXIS2_PLACEMENT_3D('',#58,#59,#60);
#58 = CARTESIAN_POINT('',(-6.7,3.9,-0.65));
#59 = DIRECTION('',(1.,0.,0.));
#60 = DIRECTION('',(0.,0.538461538462,-0.84265008847));
#61 = ORIENTED_EDGE('',*,*,#62,.T.);
#62 = EDGE_CURVE('',#54,#63,#65,.T.);
#63 = VERTEX_POINT('',#64);
#64 = CARTESIAN_POINT('',(-6.3,4.26,-1.191202365109));
#65 = LINE('',#66,#67);
#66 = CARTESIAN_POINT('',(-6.7,4.26,-1.191202365109));
#67 = VECTOR('',#68,1.);
#68 = DIRECTION('',(1.,0.,0.));
#69 = ORIENTED_EDGE('',*,*,#70,.F.);
#70 = EDGE_CURVE('',#71,#63,#73,.T.);
#71 = VERTEX_POINT('',#72);
#72 = CARTESIAN_POINT('',(-6.3,4.25,-1.197722557505));
#73 = CIRCLE('',#74,0.65);
#74 = AXIS2_PLACEMENT_3D('',#75,#76,#77);
#75 = CARTESIAN_POINT('',(-6.3,3.9,-0.65));
#76 = DIRECTION('',(1.,0.,0.));
#77 = DIRECTION('',(0.,0.538461538462,-0.84265008847));
#78 = ORIENTED_EDGE('',*,*,#79,.F.);
#79 = EDGE_CURVE('',#52,#71,#80,.T.);
#80 = LINE('',#81,#82);
#81 = CARTESIAN_POINT('',(-6.7,4.25,-1.197722557505));
#82 = VECTOR('',#83,1.);
#83 = DIRECTION('',(1.,0.,0.));
#84 = CYLINDRICAL_SURFACE('',#85,0.65);
#85 = AXIS2_PLACEMENT_3D('',#86,#87,#88);
#86 = CARTESIAN_POINT('',(-6.708,3.9,-0.65));
#87 = DIRECTION('',(1.,0.,0.));
#88 = DIRECTION('',(0.,0.,-1.));
#89 = ADVANCED_FACE('',(#90),#124,.F.);
#90 = FACE_BOUND('',#91,.T.);
#91 = EDGE_LOOP('',(#92,#102,#110,#118));
#92 = ORIENTED_EDGE('',*,*,#93,.T.);
#93 = EDGE_CURVE('',#94,#96,#98,.T.);
#94 = VERTEX_POINT('',#95);
#95 = CARTESIAN_POINT('',(-5.7,3.554875948641,0.15));
#96 = VERTEX_POINT('',#97);
#97 = CARTESIAN_POINT('',(-5.7,3.200836366114,0.274610685539));
#98 = LINE('',#99,#100);
#99 = CARTESIAN_POINT('',(-5.7,3.554875948641,0.15));
#100 = VECTOR('',#101,1.);
#101 = DIRECTION('',(0.,-0.943278015305,0.332003894317));
#102 = ORIENTED_EDGE('',*,*,#103,.T.);
#103 = EDGE_CURVE('',#96,#104,#106,.T.);
#104 = VERTEX_POINT('',#105);
#105 = CARTESIAN_POINT('',(-5.3,3.200836366114,0.274610685539));
#106 = LINE('',#107,#108);
#107 = CARTESIAN_POINT('',(-5.7,3.200836366114,0.274610685539));
#108 = VECTOR('',#109,1.);
#109 = DIRECTION('',(1.,0.,0.));
#110 = ORIENTED_EDGE('',*,*,#111,.F.);
#111 = EDGE_CURVE('',#112,#104,#114,.T.);
#112 = VERTEX_POINT('',#113);
#113 = CARTESIAN_POINT('',(-5.3,3.554875948641,0.15));
#114 = LINE('',#115,#116);
#115 = CARTESIAN_POINT('',(-5.3,3.554875948641,0.15));
#116 = VECTOR('',#117,1.);
#117 = DIRECTION('',(0.,-0.943278015305,0.332003894317));
#118 = ORIENTED_EDGE('',*,*,#119,.T.);
#119 = EDGE_CURVE('',#112,#94,#120,.T.);
#120 = LINE('',#121,#122);
#121 = CARTESIAN_POINT('',(-5.3,3.554875948641,0.15));
#122 = VECTOR('',#123,1.);
#123 = DIRECTION('',(-1.,-0.,0.));
#124 = PLANE('',#125);
#125 = AXIS2_PLACEMENT_3D('',#126,#127,#128);
#126 = CARTESIAN_POINT('',(-5.5,3.64331944871,0.118870697744));
#127 = DIRECTION('',(0.,-0.332003894317,-0.943278015305));
#128 = DIRECTION('',(-1.,-0.,0.));
#129 = ADVANCED_FACE('',(#130),#155,.F.);
#130 = FACE_BOUND('',#131,.T.);
#131 = EDGE_LOOP('',(#132,#142,#148,#149));
#132 = ORIENTED_EDGE('',*,*,#133,.T.);
#133 = EDGE_CURVE('',#134,#136,#138,.T.);
#134 = VERTEX_POINT('',#135);
#135 = CARTESIAN_POINT('',(-5.7,2.47,0.6));
#136 = VERTEX_POINT('',#137);
#137 = CARTESIAN_POINT('',(-5.3,2.47,0.6));
#138 = LINE('',#139,#140);
#139 = CARTESIAN_POINT('',(-5.7,2.47,0.6));
#140 = VECTOR('',#141,1.);
#141 = DIRECTION('',(1.,0.,0.));
#142 = ORIENTED_EDGE('',*,*,#143,.F.);
#143 = EDGE_CURVE('',#104,#136,#144,.T.);
#144 = LINE('',#145,#146);
#145 = CARTESIAN_POINT('',(-5.3,3.200836366114,0.274610685539));
#146 = VECTOR('',#147,1.);
#147 = DIRECTION('',(0.,-0.913545457643,0.406736643076));
#148 = ORIENTED_EDGE('',*,*,#103,.F.);
#149 = ORIENTED_EDGE('',*,*,#150,.T.);
#150 = EDGE_CURVE('',#96,#134,#151,.T.);
#151 = LINE('',#152,#153);
#152 = CARTESIAN_POINT('',(-5.7,3.200836366114,0.274610685539));
#153 = VECTOR('',#154,1.);
#154 = DIRECTION('',(0.,-0.913545457643,0.406736643076));
#155 = PLANE('',#156);
#156 = AXIS2_PLACEMENT_3D('',#157,#158,#159);
#157 = CARTESIAN_POINT('',(-5.5,2.835418183057,0.43730534277));
#158 = DIRECTION('',(0.,-0.406736643076,-0.913545457643));
#159 = DIRECTION('',(-1.,-0.,0.));
#160 = ADVANCED_FACE('',(#161),#186,.F.);
#161 = FACE_BOUND('',#162,.T.);
#162 = EDGE_LOOP('',(#163,#173,#179,#180));
#163 = ORIENTED_EDGE('',*,*,#164,.F.);
#164 = EDGE_CURVE('',#165,#167,#169,.T.);
#165 = VERTEX_POINT('',#166);
#166 = CARTESIAN_POINT('',(-5.3,2.400717967697,0.56));
#167 = VERTEX_POINT('',#168);
#168 = CARTESIAN_POINT('',(-5.7,2.400717967697,0.56));
#169 = LINE('',#170,#171);
#170 = CARTESIAN_POINT('',(-5.3,2.400717967697,0.56));
#171 = VECTOR('',#172,1.);
#172 = DIRECTION('',(-1.,-0.,0.));
#173 = ORIENTED_EDGE('',*,*,#174,.F.);
#174 = EDGE_CURVE('',#136,#165,#175,.T.);
#175 = LINE('',#176,#177);
#176 = CARTESIAN_POINT('',(-5.3,2.47,0.6));
#177 = VECTOR('',#178,1.);
#178 = DIRECTION('',(-1.110223024624E-14,-0.866025403785,-0.499999999999
    ));
#179 = ORIENTED_EDGE('',*,*,#133,.F.);
#180 = ORIENTED_EDGE('',*,*,#181,.T.);
#181 = EDGE_CURVE('',#134,#167,#182,.T.);
#182 = LINE('',#183,#184);
#183 = CARTESIAN_POINT('',(-5.7,2.47,0.6));
#184 = VECTOR('',#185,1.);
#185 = DIRECTION('',(0.,-0.866025403785,-0.499999999999));
#186 = PLANE('',#187);
#187 = AXIS2_PLACEMENT_3D('',#188,#189,#190);
#188 = CARTESIAN_POINT('',(-5.5,2.435358983849,0.58));
#189 = DIRECTION('',(0.,0.5,-0.866025403784));
#190 = DIRECTION('',(1.,0.,0.));
#191 = ADVANCED_FACE('',(#192),#217,.T.);
#192 = FACE_BOUND('',#193,.T.);
#193 = EDGE_LOOP('',(#194,#204,#210,#211));
#194 = ORIENTED_EDGE('',*,*,#195,.T.);
#195 = EDGE_CURVE('',#196,#198,#200,.T.);
#196 = VERTEX_POINT('',#197);
#197 = CARTESIAN_POINT('',(-5.7,2.325358355447,0.390739539619));
#198 = VERTEX_POINT('',#199);
#199 = CARTESIAN_POINT('',(-5.3,2.325358355447,0.390739539619));
#200 = LINE('',#201,#202);
#201 = CARTESIAN_POINT('',(-5.7,2.325358355447,0.390739539619));
#202 = VECTOR('',#203,1.);
#203 = DIRECTION('',(1.,0.,0.));
#204 = ORIENTED_EDGE('',*,*,#205,.F.);
#205 = EDGE_CURVE('',#165,#198,#206,.T.);
#206 = LINE('',#207,#208);
#207 = CARTESIAN_POINT('',(-5.3,2.400717967697,0.56));
#208 = VECTOR('',#209,1.);
#209 = DIRECTION('',(0.,-0.406736643075,-0.913545457643));
#210 = ORIENTED_EDGE('',*,*,#164,.T.);
#211 = ORIENTED_EDGE('',*,*,#212,.T.);
#212 = EDGE_CURVE('',#167,#196,#213,.T.);
#213 = LINE('',#214,#215);
#214 = CARTESIAN_POINT('',(-5.7,2.400717967697,0.56));
#215 = VECTOR('',#216,1.);
#216 = DIRECTION('',(0.,-0.406736643075,-0.913545457643));
#217 = PLANE('',#218);
#218 = AXIS2_PLACEMENT_3D('',#219,#220,#221);
#219 = CARTESIAN_POINT('',(-5.5,2.363038161572,0.475369769809));
#220 = DIRECTION('',(0.,-0.913545457643,0.406736643076));
#221 = DIRECTION('',(1.,0.,0.));
#222 = ADVANCED_FACE('',(#223),#248,.T.);
#223 = FACE_BOUND('',#224,.T.);
#224 = EDGE_LOOP('',(#225,#233,#234,#242));
#225 = ORIENTED_EDGE('',*,*,#226,.F.);
#226 = EDGE_CURVE('',#198,#227,#229,.T.);
#227 = VERTEX_POINT('',#228);
#228 = CARTESIAN_POINT('',(-5.3,2.866068214363,0.15));
#229 = LINE('',#230,#231);
#230 = CARTESIAN_POINT('',(-5.3,2.325358355447,0.390739539619));
#231 = VECTOR('',#232,1.);
#232 = DIRECTION('',(0.,0.913545457643,-0.406736643076));
#233 = ORIENTED_EDGE('',*,*,#195,.F.);
#234 = ORIENTED_EDGE('',*,*,#235,.T.);
#235 = EDGE_CURVE('',#196,#236,#238,.T.);
#236 = VERTEX_POINT('',#237);
#237 = CARTESIAN_POINT('',(-5.7,2.866068214363,0.15));
#238 = LINE('',#239,#240);
#239 = CARTESIAN_POINT('',(-5.7,2.325358355447,0.390739539619));
#240 = VECTOR('',#241,1.);
#241 = DIRECTION('',(0.,0.913545457643,-0.406736643076));
#242 = ORIENTED_EDGE('',*,*,#243,.T.);
#243 = EDGE_CURVE('',#236,#227,#244,.T.);
#244 = LINE('',#245,#246);
#245 = CARTESIAN_POINT('',(-5.7,2.866068214363,0.15));
#246 = VECTOR('',#247,1.);
#247 = DIRECTION('',(1.,0.,0.));
#248 = PLANE('',#249);
#249 = AXIS2_PLACEMENT_3D('',#250,#251,#252);
#250 = CARTESIAN_POINT('',(-5.5,2.716851285628,0.216435657007));
#251 = DIRECTION('',(0.,-0.406736643076,-0.913545457643));
#252 = DIRECTION('',(-1.,-0.,0.));
#253 = ADVANCED_FACE('',(#254),#288,.F.);
#254 = FACE_BOUND('',#255,.T.);
#255 = EDGE_LOOP('',(#256,#266,#274,#282));
#256 = ORIENTED_EDGE('',*,*,#257,.T.);
#257 = EDGE_CURVE('',#258,#260,#262,.T.);
#258 = VERTEX_POINT('',#259);
#259 = CARTESIAN_POINT('',(-3.7,3.554875948641,0.15));
#260 = VERTEX_POINT('',#261);
#261 = CARTESIAN_POINT('',(-3.7,3.200836366114,0.274610685539));
#262 = LINE('',#263,#264);
#263 = CARTESIAN_POINT('',(-3.7,3.554875948641,0.15));
#264 = VECTOR('',#265,1.);
#265 = DIRECTION('',(0.,-0.943278015305,0.332003894317));
#266 = ORIENTED_EDGE('',*,*,#267,.T.);
#267 = EDGE_CURVE('',#260,#268,#270,.T.);
#268 = VERTEX_POINT('',#269);
#269 = CARTESIAN_POINT('',(-3.3,3.200836366114,0.274610685539));
#270 = LINE('',#271,#272);
#271 = CARTESIAN_POINT('',(-3.7,3.200836366114,0.274610685539));
#272 = VECTOR('',#273,1.);
#273 = DIRECTION('',(1.,0.,0.));
#274 = ORIENTED_EDGE('',*,*,#275,.F.);
#275 = EDGE_CURVE('',#276,#268,#278,.T.);
#276 = VERTEX_POINT('',#277);
#277 = CARTESIAN_POINT('',(-3.3,3.554875948641,0.15));
#278 = LINE('',#279,#280);
#279 = CARTESIAN_POINT('',(-3.3,3.554875948641,0.15));
#280 = VECTOR('',#281,1.);
#281 = DIRECTION('',(0.,-0.943278015305,0.332003894317));
#282 = ORIENTED_EDGE('',*,*,#283,.T.);
#283 = EDGE_CURVE('',#276,#258,#284,.T.);
#284 = LINE('',#285,#286);
#285 = CARTESIAN_POINT('',(-3.3,3.554875948641,0.15));
#286 = VECTOR('',#287,1.);
#287 = DIRECTION('',(-1.,-0.,0.));
#288 = PLANE('',#289);
#289 = AXIS2_PLACEMENT_3D('',#290,#291,#292);
#290 = CARTESIAN_POINT('',(-3.5,3.64331944871,0.118870697744));
#291 = DIRECTION('',(0.,-0.332003894317,-0.943278015305));
#292 = DIRECTION('',(-1.,-0.,0.));
#293 = ADVANCED_FACE('',(#294),#319,.F.);
#294 = FACE_BOUND('',#295,.T.);
#295 = EDGE_LOOP('',(#296,#306,#312,#313));
#296 = ORIENTED_EDGE('',*,*,#297,.T.);
#297 = EDGE_CURVE('',#298,#300,#302,.T.);
#298 = VERTEX_POINT('',#299);
#299 = CARTESIAN_POINT('',(-3.7,2.47,0.6));
#300 = VERTEX_POINT('',#301);
#301 = CARTESIAN_POINT('',(-3.3,2.47,0.6));
#302 = LINE('',#303,#304);
#303 = CARTESIAN_POINT('',(-3.7,2.47,0.6));
#304 = VECTOR('',#305,1.);
#305 = DIRECTION('',(1.,0.,0.));
#306 = ORIENTED_EDGE('',*,*,#307,.F.);
#307 = EDGE_CURVE('',#268,#300,#308,.T.);
#308 = LINE('',#309,#310);
#309 = CARTESIAN_POINT('',(-3.3,3.200836366114,0.274610685539));
#310 = VECTOR('',#311,1.);
#311 = DIRECTION('',(0.,-0.913545457643,0.406736643076));
#312 = ORIENTED_EDGE('',*,*,#267,.F.);
#313 = ORIENTED_EDGE('',*,*,#314,.T.);
#314 = EDGE_CURVE('',#260,#298,#315,.T.);
#315 = LINE('',#316,#317);
#316 = CARTESIAN_POINT('',(-3.7,3.200836366114,0.274610685539));
#317 = VECTOR('',#318,1.);
#318 = DIRECTION('',(0.,-0.913545457643,0.406736643076));
#319 = PLANE('',#320);
#320 = AXIS2_PLACEMENT_3D('',#321,#322,#323);
#321 = CARTESIAN_POINT('',(-3.5,2.835418183057,0.43730534277));
#322 = DIRECTION('',(0.,-0.406736643076,-0.913545457643));
#323 = DIRECTION('',(-1.,-0.,0.));
#324 = ADVANCED_FACE('',(#325),#350,.F.);
#325 = FACE_BOUND('',#326,.T.);
#326 = EDGE_LOOP('',(#327,#337,#343,#344));
#327 = ORIENTED_EDGE('',*,*,#328,.F.);
#328 = EDGE_CURVE('',#329,#331,#333,.T.);
#329 = VERTEX_POINT('',#330);
#330 = CARTESIAN_POINT('',(-3.3,2.400717967697,0.56));
#331 = VERTEX_POINT('',#332);
#332 = CARTESIAN_POINT('',(-3.7,2.400717967697,0.56));
#333 = LINE('',#334,#335);
#334 = CARTESIAN_POINT('',(-3.3,2.400717967697,0.56));
#335 = VECTOR('',#336,1.);
#336 = DIRECTION('',(-1.,-0.,0.));
#337 = ORIENTED_EDGE('',*,*,#338,.F.);
#338 = EDGE_CURVE('',#300,#329,#339,.T.);
#339 = LINE('',#340,#341);
#340 = CARTESIAN_POINT('',(-3.3,2.47,0.6));
#341 = VECTOR('',#342,1.);
#342 = DIRECTION('',(0.,-0.866025403785,-0.499999999999));
#343 = ORIENTED_EDGE('',*,*,#297,.F.);
#344 = ORIENTED_EDGE('',*,*,#345,.T.);
#345 = EDGE_CURVE('',#298,#331,#346,.T.);
#346 = LINE('',#347,#348);
#347 = CARTESIAN_POINT('',(-3.7,2.47,0.6));
#348 = VECTOR('',#349,1.);
#349 = DIRECTION('',(0.,-0.866025403785,-0.499999999999));
#350 = PLANE('',#351);
#351 = AXIS2_PLACEMENT_3D('',#352,#353,#354);
#352 = CARTESIAN_POINT('',(-3.5,2.435358983849,0.58));
#353 = DIRECTION('',(0.,0.5,-0.866025403784));
#354 = DIRECTION('',(1.,0.,0.));
#355 = ADVANCED_FACE('',(#356),#381,.T.);
#356 = FACE_BOUND('',#357,.T.);
#357 = EDGE_LOOP('',(#358,#368,#374,#375));
#358 = ORIENTED_EDGE('',*,*,#359,.T.);
#359 = EDGE_CURVE('',#360,#362,#364,.T.);
#360 = VERTEX_POINT('',#361);
#361 = CARTESIAN_POINT('',(-3.7,2.325358355447,0.390739539619));
#362 = VERTEX_POINT('',#363);
#363 = CARTESIAN_POINT('',(-3.3,2.325358355447,0.390739539619));
#364 = LINE('',#365,#366);
#365 = CARTESIAN_POINT('',(-3.7,2.325358355447,0.390739539619));
#366 = VECTOR('',#367,1.);
#367 = DIRECTION('',(1.,0.,0.));
#368 = ORIENTED_EDGE('',*,*,#369,.F.);
#369 = EDGE_CURVE('',#329,#362,#370,.T.);
#370 = LINE('',#371,#372);
#371 = CARTESIAN_POINT('',(-3.3,2.400717967697,0.56));
#372 = VECTOR('',#373,1.);
#373 = DIRECTION('',(0.,-0.406736643075,-0.913545457643));
#374 = ORIENTED_EDGE('',*,*,#328,.T.);
#375 = ORIENTED_EDGE('',*,*,#376,.T.);
#376 = EDGE_CURVE('',#331,#360,#377,.T.);
#377 = LINE('',#378,#379);
#378 = CARTESIAN_POINT('',(-3.7,2.400717967697,0.56));
#379 = VECTOR('',#380,1.);
#380 = DIRECTION('',(0.,-0.406736643075,-0.913545457643));
#381 = PLANE('',#382);
#382 = AXIS2_PLACEMENT_3D('',#383,#384,#385);
#383 = CARTESIAN_POINT('',(-3.5,2.363038161572,0.475369769809));
#384 = DIRECTION('',(0.,-0.913545457643,0.406736643076));
#385 = DIRECTION('',(1.,0.,0.));
#386 = ADVANCED_FACE('',(#387),#412,.T.);
#387 = FACE_BOUND('',#388,.T.);
#388 = EDGE_LOOP('',(#389,#397,#398,#406));
#389 = ORIENTED_EDGE('',*,*,#390,.F.);
#390 = EDGE_CURVE('',#362,#391,#393,.T.);
#391 = VERTEX_POINT('',#392);
#392 = CARTESIAN_POINT('',(-3.3,2.866068214363,0.15));
#393 = LINE('',#394,#395);
#394 = CARTESIAN_POINT('',(-3.3,2.325358355447,0.390739539619));
#395 = VECTOR('',#396,1.);
#396 = DIRECTION('',(0.,0.913545457643,-0.406736643076));
#397 = ORIENTED_EDGE('',*,*,#359,.F.);
#398 = ORIENTED_EDGE('',*,*,#399,.T.);
#399 = EDGE_CURVE('',#360,#400,#402,.T.);
#400 = VERTEX_POINT('',#401);
#401 = CARTESIAN_POINT('',(-3.7,2.866068214363,0.15));
#402 = LINE('',#403,#404);
#403 = CARTESIAN_POINT('',(-3.7,2.325358355447,0.390739539619));
#404 = VECTOR('',#405,1.);
#405 = DIRECTION('',(0.,0.913545457643,-0.406736643076));
#406 = ORIENTED_EDGE('',*,*,#407,.T.);
#407 = EDGE_CURVE('',#400,#391,#408,.T.);
#408 = LINE('',#409,#410);
#409 = CARTESIAN_POINT('',(-3.7,2.866068214363,0.15));
#410 = VECTOR('',#411,1.);
#411 = DIRECTION('',(1.,0.,0.));
#412 = PLANE('',#413);
#413 = AXIS2_PLACEMENT_3D('',#414,#415,#416);
#414 = CARTESIAN_POINT('',(-3.5,2.716851285628,0.216435657007));
#415 = DIRECTION('',(0.,-0.406736643076,-0.913545457643));
#416 = DIRECTION('',(-1.,-0.,0.));
#417 = ADVANCED_FACE('',(#418),#452,.F.);
#418 = FACE_BOUND('',#419,.T.);
#419 = EDGE_LOOP('',(#420,#430,#438,#446));
#420 = ORIENTED_EDGE('',*,*,#421,.T.);
#421 = EDGE_CURVE('',#422,#424,#426,.T.);
#422 = VERTEX_POINT('',#423);
#423 = CARTESIAN_POINT('',(-6.7,3.584875948641,0.15));
#424 = VERTEX_POINT('',#425);
#425 = CARTESIAN_POINT('',(-6.7,3.230836366114,0.274610685539));
#426 = LINE('',#427,#428);
#427 = CARTESIAN_POINT('',(-6.7,3.584875948641,0.15));
#428 = VECTOR('',#429,1.);
#429 = DIRECTION('',(0.,-0.943278015305,0.332003894317));
#430 = ORIENTED_EDGE('',*,*,#431,.T.);
#431 = EDGE_CURVE('',#424,#432,#434,.T.);
#432 = VERTEX_POINT('',#433);
#433 = CARTESIAN_POINT('',(-6.3,3.230836366114,0.274610685539));
#434 = LINE('',#435,#436);
#435 = CARTESIAN_POINT('',(-6.7,3.230836366114,0.274610685539));
#436 = VECTOR('',#437,1.);
#437 = DIRECTION('',(1.,0.,0.));
#438 = ORIENTED_EDGE('',*,*,#439,.F.);
#439 = EDGE_CURVE('',#440,#432,#442,.T.);
#440 = VERTEX_POINT('',#441);
#441 = CARTESIAN_POINT('',(-6.3,3.584875948641,0.15));
#442 = LINE('',#443,#444);
#443 = CARTESIAN_POINT('',(-6.3,3.584875948641,0.15));
#444 = VECTOR('',#445,1.);
#445 = DIRECTION('',(0.,-0.943278015305,0.332003894317));
#446 = ORIENTED_EDGE('',*,*,#447,.T.);
#447 = EDGE_CURVE('',#440,#422,#448,.T.);
#448 = LINE('',#449,#450);
#449 = CARTESIAN_POINT('',(-6.3,3.584875948641,0.15));
#450 = VECTOR('',#451,1.);
#451 = DIRECTION('',(-1.,-0.,0.));
#452 = PLANE('',#453);
#453 = AXIS2_PLACEMENT_3D('',#454,#455,#456);
#454 = CARTESIAN_POINT('',(-6.5,3.67331944871,0.118870697744));
#455 = DIRECTION('',(0.,-0.332003894317,-0.943278015305));
#456 = DIRECTION('',(-1.,-0.,0.));
#457 = ADVANCED_FACE('',(#458),#483,.F.);
#458 = FACE_BOUND('',#459,.T.);
#459 = EDGE_LOOP('',(#460,#470,#476,#477));
#460 = ORIENTED_EDGE('',*,*,#461,.T.);
#461 = EDGE_CURVE('',#462,#464,#466,.T.);
#462 = VERTEX_POINT('',#463);
#463 = CARTESIAN_POINT('',(-6.7,2.5,0.6));
#464 = VERTEX_POINT('',#465);
#465 = CARTESIAN_POINT('',(-6.3,2.5,0.6));
#466 = LINE('',#467,#468);
#467 = CARTESIAN_POINT('',(-6.7,2.5,0.6));
#468 = VECTOR('',#469,1.);
#469 = DIRECTION('',(1.,0.,0.));
#470 = ORIENTED_EDGE('',*,*,#471,.F.);
#471 = EDGE_CURVE('',#432,#464,#472,.T.);
#472 = LINE('',#473,#474);
#473 = CARTESIAN_POINT('',(-6.3,3.230836366114,0.274610685539));
#474 = VECTOR('',#475,1.);
#475 = DIRECTION('',(0.,-0.913545457643,0.406736643076));
#476 = ORIENTED_EDGE('',*,*,#431,.F.);
#477 = ORIENTED_EDGE('',*,*,#478,.T.);
#478 = EDGE_CURVE('',#424,#462,#479,.T.);
#479 = LINE('',#480,#481);
#480 = CARTESIAN_POINT('',(-6.7,3.230836366114,0.274610685539));
#481 = VECTOR('',#482,1.);
#482 = DIRECTION('',(0.,-0.913545457643,0.406736643076));
#483 = PLANE('',#484);
#484 = AXIS2_PLACEMENT_3D('',#485,#486,#487);
#485 = CARTESIAN_POINT('',(-6.5,2.865418183057,0.43730534277));
#486 = DIRECTION('',(0.,-0.406736643076,-0.913545457642));
#487 = DIRECTION('',(-1.,-0.,0.));
#488 = ADVANCED_FACE('',(#489),#514,.F.);
#489 = FACE_BOUND('',#490,.T.);
#490 = EDGE_LOOP('',(#491,#501,#507,#508));
#491 = ORIENTED_EDGE('',*,*,#492,.T.);
#492 = EDGE_CURVE('',#493,#495,#497,.T.);
#493 = VERTEX_POINT('',#494);
#494 = CARTESIAN_POINT('',(-6.7,2.43527864045,0.552977179817));
#495 = VERTEX_POINT('',#496);
#496 = CARTESIAN_POINT('',(-6.3,2.43527864045,0.552977179817));
#497 = LINE('',#498,#499);
#498 = CARTESIAN_POINT('',(-6.7,2.43527864045,0.552977179817));
#499 = VECTOR('',#500,1.);
#500 = DIRECTION('',(1.,0.,0.));
#501 = ORIENTED_EDGE('',*,*,#502,.F.);
#502 = EDGE_CURVE('',#464,#495,#503,.T.);
#503 = LINE('',#504,#505);
#504 = CARTESIAN_POINT('',(-6.3,2.5,0.6));
#505 = VECTOR('',#506,1.);
#506 = DIRECTION('',(-1.110223024626E-14,-0.809016994375,-0.587785252293
    ));
#507 = ORIENTED_EDGE('',*,*,#461,.F.);
#508 = ORIENTED_EDGE('',*,*,#509,.T.);
#509 = EDGE_CURVE('',#462,#493,#510,.T.);
#510 = LINE('',#511,#512);
#511 = CARTESIAN_POINT('',(-6.7,2.5,0.6));
#512 = VECTOR('',#513,1.);
#513 = DIRECTION('',(3.330669073877E-14,-0.809016994375,-0.587785252293)
  );
#514 = PLANE('',#515);
#515 = AXIS2_PLACEMENT_3D('',#516,#517,#518);
#516 = CARTESIAN_POINT('',(-6.5,2.467639320225,0.576488589908));
#517 = DIRECTION('',(0.,0.587785252293,-0.809016994375));
#518 = DIRECTION('',(1.,0.,0.));
#519 = ADVANCED_FACE('',(#520),#545,.T.);
#520 = FACE_BOUND('',#521,.T.);
#521 = EDGE_LOOP('',(#522,#532,#538,#539));
#522 = ORIENTED_EDGE('',*,*,#523,.T.);
#523 = EDGE_CURVE('',#524,#526,#528,.T.);
#524 = VERTEX_POINT('',#525);
#525 = CARTESIAN_POINT('',(-6.7,2.357706654495,0.378747646736));
#526 = VERTEX_POINT('',#527);
#527 = CARTESIAN_POINT('',(-6.3,2.357706654495,0.378747646736));
#528 = LINE('',#529,#530);
#529 = CARTESIAN_POINT('',(-6.7,2.357706654495,0.378747646736));
#530 = VECTOR('',#531,1.);
#531 = DIRECTION('',(1.,0.,0.));
#532 = ORIENTED_EDGE('',*,*,#533,.F.);
#533 = EDGE_CURVE('',#495,#526,#534,.T.);
#534 = LINE('',#535,#536);
#535 = CARTESIAN_POINT('',(-6.3,2.43527864045,0.552977179817));
#536 = VECTOR('',#537,1.);
#537 = DIRECTION('',(0.,-0.406736643075,-0.913545457643));
#538 = ORIENTED_EDGE('',*,*,#492,.F.);
#539 = ORIENTED_EDGE('',*,*,#540,.T.);
#540 = EDGE_CURVE('',#493,#524,#541,.T.);
#541 = LINE('',#542,#543);
#542 = CARTESIAN_POINT('',(-6.7,2.43527864045,0.552977179817));
#543 = VECTOR('',#544,1.);
#544 = DIRECTION('',(0.,-0.406736643075,-0.913545457643));
#545 = PLANE('',#546);
#546 = AXIS2_PLACEMENT_3D('',#547,#548,#549);
#547 = CARTESIAN_POINT('',(-6.5,2.396492647472,0.465862413276));
#548 = DIRECTION('',(0.,-0.913545457643,0.406736643076));
#549 = DIRECTION('',(1.,0.,0.));
#550 = ADVANCED_FACE('',(#551),#576,.T.);
#551 = FACE_BOUND('',#552,.T.);
#552 = EDGE_LOOP('',(#553,#561,#562,#570));
#553 = ORIENTED_EDGE('',*,*,#554,.F.);
#554 = EDGE_CURVE('',#526,#555,#557,.T.);
#555 = VERTEX_POINT('',#556);
#556 = CARTESIAN_POINT('',(-6.3,2.871482281007,0.15));
#557 = LINE('',#558,#559);
#558 = CARTESIAN_POINT('',(-6.3,2.357706654495,0.378747646736));
#559 = VECTOR('',#560,1.);
#560 = DIRECTION('',(0.,0.913545457642,-0.406736643076));
#561 = ORIENTED_EDGE('',*,*,#523,.F.);
#562 = ORIENTED_EDGE('',*,*,#563,.T.);
#563 = EDGE_CURVE('',#524,#564,#566,.T.);
#564 = VERTEX_POINT('',#565);
#565 = CARTESIAN_POINT('',(-6.7,2.871482281007,0.15));
#566 = LINE('',#567,#568);
#567 = CARTESIAN_POINT('',(-6.7,2.357706654495,0.378747646736));
#568 = VECTOR('',#569,1.);
#569 = DIRECTION('',(0.,0.913545457642,-0.406736643076));
#570 = ORIENTED_EDGE('',*,*,#571,.T.);
#571 = EDGE_CURVE('',#564,#555,#572,.T.);
#572 = LINE('',#573,#574);
#573 = CARTESIAN_POINT('',(-6.7,2.871482281007,0.15));
#574 = VECTOR('',#575,1.);
#575 = DIRECTION('',(1.,0.,0.));
#576 = PLANE('',#577);
#577 = AXIS2_PLACEMENT_3D('',#578,#579,#580);
#578 = CARTESIAN_POINT('',(-6.5,2.6893383804,0.231095689404));
#579 = DIRECTION('',(0.,-0.406736643076,-0.913545457643));
#580 = DIRECTION('',(-1.,-0.,0.));
#581 = ADVANCED_FACE('',(#582),#616,.F.);
#582 = FACE_BOUND('',#583,.T.);
#583 = EDGE_LOOP('',(#584,#594,#602,#610));
#584 = ORIENTED_EDGE('',*,*,#585,.T.);
#585 = EDGE_CURVE('',#586,#588,#590,.T.);
#586 = VERTEX_POINT('',#587);
#587 = CARTESIAN_POINT('',(-4.7,3.584875948641,0.15));
#588 = VERTEX_POINT('',#589);
#589 = CARTESIAN_POINT('',(-4.7,3.230836366114,0.274610685539));
#590 = LINE('',#591,#592);
#591 = CARTESIAN_POINT('',(-4.7,3.584875948641,0.15));
#592 = VECTOR('',#593,1.);
#593 = DIRECTION('',(0.,-0.943278015305,0.332003894317));
#594 = ORIENTED_EDGE('',*,*,#595,.T.);
#595 = EDGE_CURVE('',#588,#596,#598,.T.);
#596 = VERTEX_POINT('',#597);
#597 = CARTESIAN_POINT('',(-4.3,3.230836366114,0.274610685539));
#598 = LINE('',#599,#600);
#599 = CARTESIAN_POINT('',(-4.7,3.230836366114,0.274610685539));
#600 = VECTOR('',#601,1.);
#601 = DIRECTION('',(1.,0.,0.));
#602 = ORIENTED_EDGE('',*,*,#603,.F.);
#603 = EDGE_CURVE('',#604,#596,#606,.T.);
#604 = VERTEX_POINT('',#605);
#605 = CARTESIAN_POINT('',(-4.3,3.584875948641,0.15));
#606 = LINE('',#607,#608);
#607 = CARTESIAN_POINT('',(-4.3,3.584875948641,0.15));
#608 = VECTOR('',#609,1.);
#609 = DIRECTION('',(0.,-0.943278015305,0.332003894317));
#610 = ORIENTED_EDGE('',*,*,#611,.T.);
#611 = EDGE_CURVE('',#604,#586,#612,.T.);
#612 = LINE('',#613,#614);
#613 = CARTESIAN_POINT('',(-4.3,3.584875948641,0.15));
#614 = VECTOR('',#615,1.);
#615 = DIRECTION('',(-1.,-0.,0.));
#616 = PLANE('',#617);
#617 = AXIS2_PLACEMENT_3D('',#618,#619,#620);
#618 = CARTESIAN_POINT('',(-4.5,3.67331944871,0.118870697744));
#619 = DIRECTION('',(0.,-0.332003894317,-0.943278015305));
#620 = DIRECTION('',(-1.,-0.,0.));
#621 = ADVANCED_FACE('',(#622),#647,.F.);
#622 = FACE_BOUND('',#623,.T.);
#623 = EDGE_LOOP('',(#624,#634,#640,#641));
#624 = ORIENTED_EDGE('',*,*,#625,.T.);
#625 = EDGE_CURVE('',#626,#628,#630,.T.);
#626 = VERTEX_POINT('',#627);
#627 = CARTESIAN_POINT('',(-4.7,2.5,0.6));
#628 = VERTEX_POINT('',#629);
#629 = CARTESIAN_POINT('',(-4.3,2.5,0.6));
#630 = LINE('',#631,#632);
#631 = CARTESIAN_POINT('',(-4.7,2.5,0.6));
#632 = VECTOR('',#633,1.);
#633 = DIRECTION('',(1.,0.,0.));
#634 = ORIENTED_EDGE('',*,*,#635,.F.);
#635 = EDGE_CURVE('',#596,#628,#636,.T.);
#636 = LINE('',#637,#638);
#637 = CARTESIAN_POINT('',(-4.3,3.230836366114,0.274610685539));
#638 = VECTOR('',#639,1.);
#639 = DIRECTION('',(0.,-0.913545457643,0.406736643076));
#640 = ORIENTED_EDGE('',*,*,#595,.F.);
#641 = ORIENTED_EDGE('',*,*,#642,.T.);
#642 = EDGE_CURVE('',#588,#626,#643,.T.);
#643 = LINE('',#644,#645);
#644 = CARTESIAN_POINT('',(-4.7,3.230836366114,0.274610685539));
#645 = VECTOR('',#646,1.);
#646 = DIRECTION('',(0.,-0.913545457643,0.406736643076));
#647 = PLANE('',#648);
#648 = AXIS2_PLACEMENT_3D('',#649,#650,#651);
#649 = CARTESIAN_POINT('',(-4.5,2.865418183057,0.43730534277));
#650 = DIRECTION('',(0.,-0.406736643076,-0.913545457642));
#651 = DIRECTION('',(-1.,-0.,0.));
#652 = ADVANCED_FACE('',(#653),#678,.F.);
#653 = FACE_BOUND('',#654,.T.);
#654 = EDGE_LOOP('',(#655,#665,#671,#672));
#655 = ORIENTED_EDGE('',*,*,#656,.T.);
#656 = EDGE_CURVE('',#657,#659,#661,.T.);
#657 = VERTEX_POINT('',#658);
#658 = CARTESIAN_POINT('',(-4.7,2.43527864045,0.552977179817));
#659 = VERTEX_POINT('',#660);
#660 = CARTESIAN_POINT('',(-4.3,2.43527864045,0.552977179817));
#661 = LINE('',#662,#663);
#662 = CARTESIAN_POINT('',(-4.7,2.43527864045,0.552977179817));
#663 = VECTOR('',#664,1.);
#664 = DIRECTION('',(1.,0.,0.));
#665 = ORIENTED_EDGE('',*,*,#666,.F.);
#666 = EDGE_CURVE('',#628,#659,#667,.T.);
#667 = LINE('',#668,#669);
#668 = CARTESIAN_POINT('',(-4.3,2.5,0.6));
#669 = VECTOR('',#670,1.);
#670 = DIRECTION('',(-1.110223024626E-14,-0.809016994375,-0.587785252293
    ));
#671 = ORIENTED_EDGE('',*,*,#625,.F.);
#672 = ORIENTED_EDGE('',*,*,#673,.T.);
#673 = EDGE_CURVE('',#626,#657,#674,.T.);
#674 = LINE('',#675,#676);
#675 = CARTESIAN_POINT('',(-4.7,2.5,0.6));
#676 = VECTOR('',#677,1.);
#677 = DIRECTION('',(0.,-0.809016994375,-0.587785252293));
#678 = PLANE('',#679);
#679 = AXIS2_PLACEMENT_3D('',#680,#681,#682);
#680 = CARTESIAN_POINT('',(-4.5,2.467639320225,0.576488589908));
#681 = DIRECTION('',(0.,0.587785252293,-0.809016994375));
#682 = DIRECTION('',(1.,0.,0.));
#683 = ADVANCED_FACE('',(#684),#709,.T.);
#684 = FACE_BOUND('',#685,.T.);
#685 = EDGE_LOOP('',(#686,#696,#702,#703));
#686 = ORIENTED_EDGE('',*,*,#687,.T.);
#687 = EDGE_CURVE('',#688,#690,#692,.T.);
#688 = VERTEX_POINT('',#689);
#689 = CARTESIAN_POINT('',(-4.7,2.357706654495,0.378747646736));
#690 = VERTEX_POINT('',#691);
#691 = CARTESIAN_POINT('',(-4.3,2.357706654495,0.378747646736));
#692 = LINE('',#693,#694);
#693 = CARTESIAN_POINT('',(-4.7,2.357706654495,0.378747646736));
#694 = VECTOR('',#695,1.);
#695 = DIRECTION('',(1.,0.,0.));
#696 = ORIENTED_EDGE('',*,*,#697,.F.);
#697 = EDGE_CURVE('',#659,#690,#698,.T.);
#698 = LINE('',#699,#700);
#699 = CARTESIAN_POINT('',(-4.3,2.43527864045,0.552977179817));
#700 = VECTOR('',#701,1.);
#701 = DIRECTION('',(0.,-0.406736643075,-0.913545457643));
#702 = ORIENTED_EDGE('',*,*,#656,.F.);
#703 = ORIENTED_EDGE('',*,*,#704,.T.);
#704 = EDGE_CURVE('',#657,#688,#705,.T.);
#705 = LINE('',#706,#707);
#706 = CARTESIAN_POINT('',(-4.7,2.43527864045,0.552977179817));
#707 = VECTOR('',#708,1.);
#708 = DIRECTION('',(0.,-0.406736643075,-0.913545457643));
#709 = PLANE('',#710);
#710 = AXIS2_PLACEMENT_3D('',#711,#712,#713);
#711 = CARTESIAN_POINT('',(-4.5,2.396492647472,0.465862413276));
#712 = DIRECTION('',(0.,-0.913545457643,0.406736643076));
#713 = DIRECTION('',(1.,0.,0.));
#714 = ADVANCED_FACE('',(#715),#740,.T.);
#715 = FACE_BOUND('',#716,.T.);
#716 = EDGE_LOOP('',(#717,#725,#726,#734));
#717 = ORIENTED_EDGE('',*,*,#718,.F.);
#718 = EDGE_CURVE('',#690,#719,#721,.T.);
#719 = VERTEX_POINT('',#720);
#720 = CARTESIAN_POINT('',(-4.3,2.871482281007,0.15));
#721 = LINE('',#722,#723);
#722 = CARTESIAN_POINT('',(-4.3,2.357706654495,0.378747646736));
#723 = VECTOR('',#724,1.);
#724 = DIRECTION('',(0.,0.913545457642,-0.406736643076));
#725 = ORIENTED_EDGE('',*,*,#687,.F.);
#726 = ORIENTED_EDGE('',*,*,#727,.T.);
#727 = EDGE_CURVE('',#688,#728,#730,.T.);
#728 = VERTEX_POINT('',#729);
#729 = CARTESIAN_POINT('',(-4.7,2.871482281007,0.15));
#730 = LINE('',#731,#732);
#731 = CARTESIAN_POINT('',(-4.7,2.357706654495,0.378747646736));
#732 = VECTOR('',#733,1.);
#733 = DIRECTION('',(0.,0.913545457642,-0.406736643076));
#734 = ORIENTED_EDGE('',*,*,#735,.T.);
#735 = EDGE_CURVE('',#728,#719,#736,.T.);
#736 = LINE('',#737,#738);
#737 = CARTESIAN_POINT('',(-4.7,2.871482281007,0.15));
#738 = VECTOR('',#739,1.);
#739 = DIRECTION('',(1.,0.,0.));
#740 = PLANE('',#741);
#741 = AXIS2_PLACEMENT_3D('',#742,#743,#744);
#742 = CARTESIAN_POINT('',(-4.5,2.6893383804,0.231095689404));
#743 = DIRECTION('',(0.,-0.406736643076,-0.913545457643));
#744 = DIRECTION('',(-1.,-0.,0.));
#745 = ADVANCED_FACE('',(#746),#780,.F.);
#746 = FACE_BOUND('',#747,.T.);
#747 = EDGE_LOOP('',(#748,#758,#766,#774));
#748 = ORIENTED_EDGE('',*,*,#749,.T.);
#749 = EDGE_CURVE('',#750,#752,#754,.T.);
#750 = VERTEX_POINT('',#751);
#751 = CARTESIAN_POINT('',(-2.7,3.584875948641,0.15));
#752 = VERTEX_POINT('',#753);
#753 = CARTESIAN_POINT('',(-2.7,3.230836366114,0.274610685539));
#754 = LINE('',#755,#756);
#755 = CARTESIAN_POINT('',(-2.7,3.584875948641,0.15));
#756 = VECTOR('',#757,1.);
#757 = DIRECTION('',(0.,-0.943278015305,0.332003894317));
#758 = ORIENTED_EDGE('',*,*,#759,.T.);
#759 = EDGE_CURVE('',#752,#760,#762,.T.);
#760 = VERTEX_POINT('',#761);
#761 = CARTESIAN_POINT('',(-2.3,3.230836366114,0.274610685539));
#762 = LINE('',#763,#764);
#763 = CARTESIAN_POINT('',(-2.7,3.230836366114,0.274610685539));
#764 = VECTOR('',#765,1.);
#765 = DIRECTION('',(1.,0.,0.));
#766 = ORIENTED_EDGE('',*,*,#767,.F.);
#767 = EDGE_CURVE('',#768,#760,#770,.T.);
#768 = VERTEX_POINT('',#769);
#769 = CARTESIAN_POINT('',(-2.3,3.584875948641,0.15));
#770 = LINE('',#771,#772);
#771 = CARTESIAN_POINT('',(-2.3,3.584875948641,0.15));
#772 = VECTOR('',#773,1.);
#773 = DIRECTION('',(0.,-0.943278015305,0.332003894317));
#774 = ORIENTED_EDGE('',*,*,#775,.T.);
#775 = EDGE_CURVE('',#768,#750,#776,.T.);
#776 = LINE('',#777,#778);
#777 = CARTESIAN_POINT('',(-2.3,3.584875948641,0.15));
#778 = VECTOR('',#779,1.);
#779 = DIRECTION('',(-1.,-0.,0.));
#780 = PLANE('',#781);
#781 = AXIS2_PLACEMENT_3D('',#782,#783,#784);
#782 = CARTESIAN_POINT('',(-2.5,3.67331944871,0.118870697744));
#783 = DIRECTION('',(0.,-0.332003894317,-0.943278015305));
#784 = DIRECTION('',(-1.,-0.,0.));
#785 = ADVANCED_FACE('',(#786),#811,.F.);
#786 = FACE_BOUND('',#787,.T.);
#787 = EDGE_LOOP('',(#788,#798,#804,#805));
#788 = ORIENTED_EDGE('',*,*,#789,.T.);
#789 = EDGE_CURVE('',#790,#792,#794,.T.);
#790 = VERTEX_POINT('',#791);
#791 = CARTESIAN_POINT('',(-2.7,2.5,0.6));
#792 = VERTEX_POINT('',#793);
#793 = CARTESIAN_POINT('',(-2.3,2.5,0.6));
#794 = LINE('',#795,#796);
#795 = CARTESIAN_POINT('',(-2.7,2.5,0.6));
#796 = VECTOR('',#797,1.);
#797 = DIRECTION('',(1.,0.,0.));
#798 = ORIENTED_EDGE('',*,*,#799,.F.);
#799 = EDGE_CURVE('',#760,#792,#800,.T.);
#800 = LINE('',#801,#802);
#801 = CARTESIAN_POINT('',(-2.3,3.230836366114,0.274610685539));
#802 = VECTOR('',#803,1.);
#803 = DIRECTION('',(0.,-0.913545457643,0.406736643076));
#804 = ORIENTED_EDGE('',*,*,#759,.F.);
#805 = ORIENTED_EDGE('',*,*,#806,.T.);
#806 = EDGE_CURVE('',#752,#790,#807,.T.);
#807 = LINE('',#808,#809);
#808 = CARTESIAN_POINT('',(-2.7,3.230836366114,0.274610685539));
#809 = VECTOR('',#810,1.);
#810 = DIRECTION('',(0.,-0.913545457643,0.406736643076));
#811 = PLANE('',#812);
#812 = AXIS2_PLACEMENT_3D('',#813,#814,#815);
#813 = CARTESIAN_POINT('',(-2.5,2.865418183057,0.43730534277));
#814 = DIRECTION('',(0.,-0.406736643076,-0.913545457642));
#815 = DIRECTION('',(-1.,-0.,0.));
#816 = ADVANCED_FACE('',(#817),#842,.F.);
#817 = FACE_BOUND('',#818,.T.);
#818 = EDGE_LOOP('',(#819,#829,#835,#836));
#819 = ORIENTED_EDGE('',*,*,#820,.T.);
#820 = EDGE_CURVE('',#821,#823,#825,.T.);
#821 = VERTEX_POINT('',#822);
#822 = CARTESIAN_POINT('',(-2.7,2.43527864045,0.552977179817));
#823 = VERTEX_POINT('',#824);
#824 = CARTESIAN_POINT('',(-2.3,2.43527864045,0.552977179817));
#825 = LINE('',#826,#827);
#826 = CARTESIAN_POINT('',(-2.7,2.43527864045,0.552977179817));
#827 = VECTOR('',#828,1.);
#828 = DIRECTION('',(1.,0.,0.));
#829 = ORIENTED_EDGE('',*,*,#830,.F.);
#830 = EDGE_CURVE('',#792,#823,#831,.T.);
#831 = LINE('',#832,#833);
#832 = CARTESIAN_POINT('',(-2.3,2.5,0.6));
#833 = VECTOR('',#834,1.);
#834 = DIRECTION('',(0.,-0.809016994375,-0.587785252293));
#835 = ORIENTED_EDGE('',*,*,#789,.F.);
#836 = ORIENTED_EDGE('',*,*,#837,.T.);
#837 = EDGE_CURVE('',#790,#821,#838,.T.);
#838 = LINE('',#839,#840);
#839 = CARTESIAN_POINT('',(-2.7,2.5,0.6));
#840 = VECTOR('',#841,1.);
#841 = DIRECTION('',(0.,-0.809016994375,-0.587785252293));
#842 = PLANE('',#843);
#843 = AXIS2_PLACEMENT_3D('',#844,#845,#846);
#844 = CARTESIAN_POINT('',(-2.5,2.467639320225,0.576488589908));
#845 = DIRECTION('',(0.,0.587785252293,-0.809016994375));
#846 = DIRECTION('',(1.,0.,0.));
#847 = ADVANCED_FACE('',(#848),#873,.T.);
#848 = FACE_BOUND('',#849,.T.);
#849 = EDGE_LOOP('',(#850,#860,#866,#867));
#850 = ORIENTED_EDGE('',*,*,#851,.T.);
#851 = EDGE_CURVE('',#852,#854,#856,.T.);
#852 = VERTEX_POINT('',#853);
#853 = CARTESIAN_POINT('',(-2.7,2.357706654495,0.378747646736));
#854 = VERTEX_POINT('',#855);
#855 = CARTESIAN_POINT('',(-2.3,2.357706654495,0.378747646736));
#856 = LINE('',#857,#858);
#857 = CARTESIAN_POINT('',(-2.7,2.357706654495,0.378747646736));
#858 = VECTOR('',#859,1.);
#859 = DIRECTION('',(1.,0.,0.));
#860 = ORIENTED_EDGE('',*,*,#861,.F.);
#861 = EDGE_CURVE('',#823,#854,#862,.T.);
#862 = LINE('',#863,#864);
#863 = CARTESIAN_POINT('',(-2.3,2.43527864045,0.552977179817));
#864 = VECTOR('',#865,1.);
#865 = DIRECTION('',(0.,-0.406736643075,-0.913545457643));
#866 = ORIENTED_EDGE('',*,*,#820,.F.);
#867 = ORIENTED_EDGE('',*,*,#868,.T.);
#868 = EDGE_CURVE('',#821,#852,#869,.T.);
#869 = LINE('',#870,#871);
#870 = CARTESIAN_POINT('',(-2.7,2.43527864045,0.552977179817));
#871 = VECTOR('',#872,1.);
#872 = DIRECTION('',(0.,-0.406736643075,-0.913545457643));
#873 = PLANE('',#874);
#874 = AXIS2_PLACEMENT_3D('',#875,#876,#877);
#875 = CARTESIAN_POINT('',(-2.5,2.396492647472,0.465862413276));
#876 = DIRECTION('',(0.,-0.913545457643,0.406736643076));
#877 = DIRECTION('',(1.,0.,0.));
#878 = ADVANCED_FACE('',(#879),#904,.T.);
#879 = FACE_BOUND('',#880,.T.);
#880 = EDGE_LOOP('',(#881,#889,#890,#898));
#881 = ORIENTED_EDGE('',*,*,#882,.F.);
#882 = EDGE_CURVE('',#854,#883,#885,.T.);
#883 = VERTEX_POINT('',#884);
#884 = CARTESIAN_POINT('',(-2.3,2.871482281007,0.15));
#885 = LINE('',#886,#887);
#886 = CARTESIAN_POINT('',(-2.3,2.357706654495,0.378747646736));
#887 = VECTOR('',#888,1.);
#888 = DIRECTION('',(0.,0.913545457642,-0.406736643076));
#889 = ORIENTED_EDGE('',*,*,#851,.F.);
#890 = ORIENTED_EDGE('',*,*,#891,.T.);
#891 = EDGE_CURVE('',#852,#892,#894,.T.);
#892 = VERTEX_POINT('',#893);
#893 = CARTESIAN_POINT('',(-2.7,2.871482281007,0.15));
#894 = LINE('',#895,#896);
#895 = CARTESIAN_POINT('',(-2.7,2.357706654495,0.378747646736));
#896 = VECTOR('',#897,1.);
#897 = DIRECTION('',(0.,0.913545457642,-0.406736643076));
#898 = ORIENTED_EDGE('',*,*,#899,.T.);
#899 = EDGE_CURVE('',#892,#883,#900,.T.);
#900 = LINE('',#901,#902);
#901 = CARTESIAN_POINT('',(-2.7,2.871482281007,0.15));
#902 = VECTOR('',#903,1.);
#903 = DIRECTION('',(1.,0.,0.));
#904 = PLANE('',#905);
#905 = AXIS2_PLACEMENT_3D('',#906,#907,#908);
#906 = CARTESIAN_POINT('',(-2.5,2.6893383804,0.231095689404));
#907 = DIRECTION('',(0.,-0.406736643076,-0.913545457643));
#908 = DIRECTION('',(-1.,-0.,0.));
#909 = ADVANCED_FACE('',(#910),#946,.T.);
#910 = FACE_BOUND('',#911,.T.);
#911 = EDGE_LOOP('',(#912,#923,#931,#940));
#912 = ORIENTED_EDGE('',*,*,#913,.T.);
#913 = EDGE_CURVE('',#914,#916,#918,.T.);
#914 = VERTEX_POINT('',#915);
#915 = CARTESIAN_POINT('',(-2.7,4.25,-1.197722557505));
#916 = VERTEX_POINT('',#917);
#917 = CARTESIAN_POINT('',(-2.7,4.26,-1.191202365109));
#918 = CIRCLE('',#919,0.65);
#919 = AXIS2_PLACEMENT_3D('',#920,#921,#922);
#920 = CARTESIAN_POINT('',(-2.7,3.9,-0.65));
#921 = DIRECTION('',(1.,0.,0.));
#922 = DIRECTION('',(0.,0.538461538462,-0.84265008847));
#923 = ORIENTED_EDGE('',*,*,#924,.T.);
#924 = EDGE_CURVE('',#916,#925,#927,.T.);
#925 = VERTEX_POINT('',#926);
#926 = CARTESIAN_POINT('',(-2.3,4.26,-1.191202365109));
#927 = LINE('',#928,#929);
#928 = CARTESIAN_POINT('',(-2.7,4.26,-1.191202365109));
#929 = VECTOR('',#930,1.);
#930 = DIRECTION('',(1.,0.,0.));
#931 = ORIENTED_EDGE('',*,*,#932,.F.);
#932 = EDGE_CURVE('',#933,#925,#935,.T.);
#933 = VERTEX_POINT('',#934);
#934 = CARTESIAN_POINT('',(-2.3,4.25,-1.197722557505));
#935 = CIRCLE('',#936,0.65);
#936 = AXIS2_PLACEMENT_3D('',#937,#938,#939);
#937 = CARTESIAN_POINT('',(-2.3,3.9,-0.65));
#938 = DIRECTION('',(1.,0.,0.));
#939 = DIRECTION('',(0.,0.538461538462,-0.84265008847));
#940 = ORIENTED_EDGE('',*,*,#941,.F.);
#941 = EDGE_CURVE('',#914,#933,#942,.T.);
#942 = LINE('',#943,#944);
#943 = CARTESIAN_POINT('',(-2.7,4.25,-1.197722557505));
#944 = VECTOR('',#945,1.);
#945 = DIRECTION('',(1.,0.,0.));
#946 = CYLINDRICAL_SURFACE('',#947,0.65);
#947 = AXIS2_PLACEMENT_3D('',#948,#949,#950);
#948 = CARTESIAN_POINT('',(-2.708,3.9,-0.65));
#949 = DIRECTION('',(1.,0.,0.));
#950 = DIRECTION('',(0.,0.,-1.));
#951 = ADVANCED_FACE('',(#952),#986,.F.);
#952 = FACE_BOUND('',#953,.T.);
#953 = EDGE_LOOP('',(#954,#964,#972,#980));
#954 = ORIENTED_EDGE('',*,*,#955,.T.);
#955 = EDGE_CURVE('',#956,#958,#960,.T.);
#956 = VERTEX_POINT('',#957);
#957 = CARTESIAN_POINT('',(-2.7,-8.673617379884E-16,2.25));
#958 = VERTEX_POINT('',#959);
#959 = CARTESIAN_POINT('',(-2.3,-8.673617379884E-16,2.25));
#960 = LINE('',#961,#962);
#961 = CARTESIAN_POINT('',(-2.7,-8.673617379884E-16,2.25));
#962 = VECTOR('',#963,1.);
#963 = DIRECTION('',(1.,0.,0.));
#964 = ORIENTED_EDGE('',*,*,#965,.F.);
#965 = EDGE_CURVE('',#966,#958,#968,.T.);
#966 = VERTEX_POINT('',#967);
#967 = CARTESIAN_POINT('',(-2.3,0.25,2.25));
#968 = LINE('',#969,#970);
#969 = CARTESIAN_POINT('',(-2.3,0.25,2.25));
#970 = VECTOR('',#971,1.);
#971 = DIRECTION('',(0.,-1.,2.522426711947E-13));
#972 = ORIENTED_EDGE('',*,*,#973,.F.);
#973 = EDGE_CURVE('',#974,#966,#976,.T.);
#974 = VERTEX_POINT('',#975);
#975 = CARTESIAN_POINT('',(-2.7,0.25,2.25));
#976 = LINE('',#977,#978);
#977 = CARTESIAN_POINT('',(-2.7,0.25,2.25));
#978 = VECTOR('',#979,1.);
#979 = DIRECTION('',(1.,0.,0.));
#980 = ORIENTED_EDGE('',*,*,#981,.T.);
#981 = EDGE_CURVE('',#974,#956,#982,.T.);
#982 = LINE('',#983,#984);
#983 = CARTESIAN_POINT('',(-2.7,0.25,2.25));
#984 = VECTOR('',#985,1.);
#985 = DIRECTION('',(0.,-1.,2.522426711947E-13));
#986 = PLANE('',#987);
#987 = AXIS2_PLACEMENT_3D('',#988,#989,#990);
#988 = CARTESIAN_POINT('',(-2.5,0.125,2.25));
#989 = DIRECTION('',(0.,-0.,-1.));
#990 = DIRECTION('',(-1.,-0.,0.));
#991 = ADVANCED_FACE('',(#992),#1017,.T.);
#992 = FACE_BOUND('',#993,.T.);
#993 = EDGE_LOOP('',(#994,#1004,#1010,#1011));
#994 = ORIENTED_EDGE('',*,*,#995,.T.);
#995 = EDGE_CURVE('',#996,#998,#1000,.T.);
#996 = VERTEX_POINT('',#997);
#997 = CARTESIAN_POINT('',(-2.7,-8.673617379884E-16,1.65));
#998 = VERTEX_POINT('',#999);
#999 = CARTESIAN_POINT('',(-2.3,-8.673617379884E-16,1.65));
#1000 = LINE('',#1001,#1002);
#1001 = CARTESIAN_POINT('',(-2.7,-8.673617379884E-16,1.65));
#1002 = VECTOR('',#1003,1.);
#1003 = DIRECTION('',(1.,0.,0.));
#1004 = ORIENTED_EDGE('',*,*,#1005,.F.);
#1005 = EDGE_CURVE('',#958,#998,#1006,.T.);
#1006 = LINE('',#1007,#1008);
#1007 = CARTESIAN_POINT('',(-2.3,-8.673617379884E-16,2.25));
#1008 = VECTOR('',#1009,1.);
#1009 = DIRECTION('',(0.,6.143234069593E-14,-1.));
#1010 = ORIENTED_EDGE('',*,*,#955,.F.);
#1011 = ORIENTED_EDGE('',*,*,#1012,.T.);
#1012 = EDGE_CURVE('',#956,#996,#1013,.T.);
#1013 = LINE('',#1014,#1015);
#1014 = CARTESIAN_POINT('',(-2.7,-8.673617379884E-16,2.25));
#1015 = VECTOR('',#1016,1.);
#1016 = DIRECTION('',(0.,6.143234069593E-14,-1.));
#1017 = PLANE('',#1018);
#1018 = AXIS2_PLACEMENT_3D('',#1019,#1020,#1021);
#1019 = CARTESIAN_POINT('',(-2.5,-8.673617379884E-16,1.95));
#1020 = DIRECTION('',(0.,-1.,0.));
#1021 = DIRECTION('',(-1.,0.,0.));
#1022 = ADVANCED_FACE('',(#1023),#1048,.T.);
#1023 = FACE_BOUND('',#1024,.T.);
#1024 = EDGE_LOOP('',(#1025,#1033,#1034,#1042));
#1025 = ORIENTED_EDGE('',*,*,#1026,.F.);
#1026 = EDGE_CURVE('',#998,#1027,#1029,.T.);
#1027 = VERTEX_POINT('',#1028);
#1028 = CARTESIAN_POINT('',(-2.3,5.E-02,1.477333110405));
#1029 = LINE('',#1030,#1031);
#1030 = CARTESIAN_POINT('',(-2.3,-8.673617379884E-16,1.65));
#1031 = VECTOR('',#1032,1.);
#1032 = DIRECTION('',(0.,0.278147794074,-0.960538289009));
#1033 = ORIENTED_EDGE('',*,*,#995,.F.);
#1034 = ORIENTED_EDGE('',*,*,#1035,.T.);
#1035 = EDGE_CURVE('',#996,#1036,#1038,.T.);
#1036 = VERTEX_POINT('',#1037);
#1037 = CARTESIAN_POINT('',(-2.7,5.E-02,1.477333110405));
#1038 = LINE('',#1039,#1040);
#1039 = CARTESIAN_POINT('',(-2.7,-8.673617379884E-16,1.65));
#1040 = VECTOR('',#1041,1.);
#1041 = DIRECTION('',(0.,0.278147794074,-0.960538289009));
#1042 = ORIENTED_EDGE('',*,*,#1043,.T.);
#1043 = EDGE_CURVE('',#1036,#1027,#1044,.T.);
#1044 = LINE('',#1045,#1046);
#1045 = CARTESIAN_POINT('',(-2.7,5.E-02,1.477333110405));
#1046 = VECTOR('',#1047,1.);
#1047 = DIRECTION('',(1.,0.,0.));
#1048 = PLANE('',#1049);
#1049 = AXIS2_PLACEMENT_3D('',#1050,#1051,#1052);
#1050 = CARTESIAN_POINT('',(-2.5,0.374865427748,0.355463051482));
#1051 = DIRECTION('',(0.,-0.960538289009,-0.278147794074));
#1052 = DIRECTION('',(-1.,-0.,0.));
#1053 = ADVANCED_FACE('',(#1054),#1067,.F.);
#1054 = FACE_BOUND('',#1055,.T.);
#1055 = EDGE_LOOP('',(#1056,#1057,#1058,#1059,#1060,#1061));
#1056 = ORIENTED_EDGE('',*,*,#767,.T.);
#1057 = ORIENTED_EDGE('',*,*,#799,.T.);
#1058 = ORIENTED_EDGE('',*,*,#830,.T.);
#1059 = ORIENTED_EDGE('',*,*,#861,.T.);
#1060 = ORIENTED_EDGE('',*,*,#882,.T.);
#1061 = ORIENTED_EDGE('',*,*,#1062,.T.);
#1062 = EDGE_CURVE('',#883,#768,#1063,.T.);
#1063 = LINE('',#1064,#1065);
#1064 = CARTESIAN_POINT('',(-2.3,2.871482281007,0.15));
#1065 = VECTOR('',#1066,1.);
#1066 = DIRECTION('',(0.,1.,0.));
#1067 = PLANE('',#1068);
#1068 = AXIS2_PLACEMENT_3D('',#1069,#1070,#1071);
#1069 = CARTESIAN_POINT('',(-2.3,2.275070900416,0.475));
#1070 = DIRECTION('',(-1.,-0.,0.));
#1071 = DIRECTION('',(0.,-0.,-1.));
#1072 = ADVANCED_FACE('',(#1073),#1098,.F.);
#1073 = FACE_BOUND('',#1074,.T.);
#1074 = EDGE_LOOP('',(#1075,#1076,#1084,#1092));
#1075 = ORIENTED_EDGE('',*,*,#932,.T.);
#1076 = ORIENTED_EDGE('',*,*,#1077,.F.);
#1077 = EDGE_CURVE('',#1078,#925,#1080,.T.);
#1078 = VERTEX_POINT('',#1079);
#1079 = CARTESIAN_POINT('',(-2.3,4.26,-1.1));
#1080 = LINE('',#1081,#1082);
#1081 = CARTESIAN_POINT('',(-2.3,4.26,-1.1));
#1082 = VECTOR('',#1083,1.);
#1083 = DIRECTION('',(0.,-0.,-1.));
#1084 = ORIENTED_EDGE('',*,*,#1085,.T.);
#1085 = EDGE_CURVE('',#1078,#1086,#1088,.T.);
#1086 = VERTEX_POINT('',#1087);
#1087 = CARTESIAN_POINT('',(-2.3,4.25,-1.1));
#1088 = LINE('',#1089,#1090);
#1089 = CARTESIAN_POINT('',(-2.3,4.26,-1.1));
#1090 = VECTOR('',#1091,1.);
#1091 = DIRECTION('',(0.,-1.,0.));
#1092 = ORIENTED_EDGE('',*,*,#1093,.T.);
#1093 = EDGE_CURVE('',#1086,#933,#1094,.T.);
#1094 = LINE('',#1095,#1096);
#1095 = CARTESIAN_POINT('',(-2.3,4.25,-1.1));
#1096 = VECTOR('',#1097,1.);
#1097 = DIRECTION('',(0.,-0.,-1.));
#1098 = PLANE('',#1099);
#1099 = AXIS2_PLACEMENT_3D('',#1100,#1101,#1102);
#1100 = CARTESIAN_POINT('',(-2.3,2.275070900416,0.475));
#1101 = DIRECTION('',(-1.,-0.,0.));
#1102 = DIRECTION('',(0.,-0.,-1.));
#1103 = ADVANCED_FACE('',(#1104),#1131,.F.);
#1104 = FACE_BOUND('',#1105,.T.);
#1105 = EDGE_LOOP('',(#1106,#1114,#1115,#1116,#1117,#1125));
#1106 = ORIENTED_EDGE('',*,*,#1107,.T.);
#1107 = EDGE_CURVE('',#1108,#966,#1110,.T.);
#1108 = VERTEX_POINT('',#1109);
#1109 = CARTESIAN_POINT('',(-2.3,0.25,1.8));
#1110 = LINE('',#1111,#1112);
#1111 = CARTESIAN_POINT('',(-2.3,0.25,1.8));
#1112 = VECTOR('',#1113,1.);
#1113 = DIRECTION('',(-0.,1.322398980443E-13,1.));
#1114 = ORIENTED_EDGE('',*,*,#965,.T.);
#1115 = ORIENTED_EDGE('',*,*,#1005,.T.);
#1116 = ORIENTED_EDGE('',*,*,#1026,.T.);
#1117 = ORIENTED_EDGE('',*,*,#1118,.F.);
#1118 = EDGE_CURVE('',#1119,#1027,#1121,.T.);
#1119 = VERTEX_POINT('',#1120);
#1120 = CARTESIAN_POINT('',(-2.3,5.E-02,1.8));
#1121 = LINE('',#1122,#1123);
#1122 = CARTESIAN_POINT('',(-2.3,5.E-02,1.8));
#1123 = VECTOR('',#1124,1.);
#1124 = DIRECTION('',(0.,-0.,-1.));
#1125 = ORIENTED_EDGE('',*,*,#1126,.F.);
#1126 = EDGE_CURVE('',#1108,#1119,#1127,.T.);
#1127 = LINE('',#1128,#1129);
#1128 = CARTESIAN_POINT('',(-2.3,0.25,1.8));
#1129 = VECTOR('',#1130,1.);
#1130 = DIRECTION('',(0.,-1.,0.));
#1131 = PLANE('',#1132);
#1132 = AXIS2_PLACEMENT_3D('',#1133,#1134,#1135);
#1133 = CARTESIAN_POINT('',(-2.3,2.275070900416,0.475));
#1134 = DIRECTION('',(-1.,-0.,0.));
#1135 = DIRECTION('',(0.,-0.,-1.));
#1136 = ADVANCED_FACE('',(#1137),#1155,.F.);
#1137 = FACE_BOUND('',#1138,.T.);
#1138 = EDGE_LOOP('',(#1139,#1147,#1148,#1149));
#1139 = ORIENTED_EDGE('',*,*,#1140,.T.);
#1140 = EDGE_CURVE('',#1141,#974,#1143,.T.);
#1141 = VERTEX_POINT('',#1142);
#1142 = CARTESIAN_POINT('',(-2.7,0.25,1.8));
#1143 = LINE('',#1144,#1145);
#1144 = CARTESIAN_POINT('',(-2.7,0.25,1.8));
#1145 = VECTOR('',#1146,1.);
#1146 = DIRECTION('',(-0.,1.322398980443E-13,1.));
#1147 = ORIENTED_EDGE('',*,*,#973,.T.);
#1148 = ORIENTED_EDGE('',*,*,#1107,.F.);
#1149 = ORIENTED_EDGE('',*,*,#1150,.T.);
#1150 = EDGE_CURVE('',#1108,#1141,#1151,.T.);
#1151 = LINE('',#1152,#1153);
#1152 = CARTESIAN_POINT('',(-2.3,0.25,1.8));
#1153 = VECTOR('',#1154,1.);
#1154 = DIRECTION('',(-1.,-0.,0.));
#1155 = PLANE('',#1156);
#1156 = AXIS2_PLACEMENT_3D('',#1157,#1158,#1159);
#1157 = CARTESIAN_POINT('',(-2.5,0.25,1.967734147022));
#1158 = DIRECTION('',(0.,-1.,0.));
#1159 = DIRECTION('',(-1.,0.,0.));
#1160 = ADVANCED_FACE('',(#1161),#1174,.T.);
#1161 = FACE_BOUND('',#1162,.T.);
#1162 = EDGE_LOOP('',(#1163,#1164,#1165,#1166,#1167,#1168));
#1163 = ORIENTED_EDGE('',*,*,#891,.F.);
#1164 = ORIENTED_EDGE('',*,*,#868,.F.);
#1165 = ORIENTED_EDGE('',*,*,#837,.F.);
#1166 = ORIENTED_EDGE('',*,*,#806,.F.);
#1167 = ORIENTED_EDGE('',*,*,#749,.F.);
#1168 = ORIENTED_EDGE('',*,*,#1169,.F.);
#1169 = EDGE_CURVE('',#892,#750,#1170,.T.);
#1170 = LINE('',#1171,#1172);
#1171 = CARTESIAN_POINT('',(-2.7,2.871482281007,0.15));
#1172 = VECTOR('',#1173,1.);
#1173 = DIRECTION('',(0.,1.,0.));
#1174 = PLANE('',#1175);
#1175 = AXIS2_PLACEMENT_3D('',#1176,#1177,#1178);
#1176 = CARTESIAN_POINT('',(-2.7,2.275070900416,0.475));
#1177 = DIRECTION('',(-1.,-0.,0.));
#1178 = DIRECTION('',(0.,-0.,-1.));
#1179 = ADVANCED_FACE('',(#1180),#1205,.T.);
#1180 = FACE_BOUND('',#1181,.T.);
#1181 = EDGE_LOOP('',(#1182,#1192,#1198,#1199));
#1182 = ORIENTED_EDGE('',*,*,#1183,.F.);
#1183 = EDGE_CURVE('',#1184,#1186,#1188,.T.);
#1184 = VERTEX_POINT('',#1185);
#1185 = CARTESIAN_POINT('',(-2.7,4.26,-1.1));
#1186 = VERTEX_POINT('',#1187);
#1187 = CARTESIAN_POINT('',(-2.7,4.25,-1.1));
#1188 = LINE('',#1189,#1190);
#1189 = CARTESIAN_POINT('',(-2.7,4.26,-1.1));
#1190 = VECTOR('',#1191,1.);
#1191 = DIRECTION('',(0.,-1.,0.));
#1192 = ORIENTED_EDGE('',*,*,#1193,.T.);
#1193 = EDGE_CURVE('',#1184,#916,#1194,.T.);
#1194 = LINE('',#1195,#1196);
#1195 = CARTESIAN_POINT('',(-2.7,4.26,-1.1));
#1196 = VECTOR('',#1197,1.);
#1197 = DIRECTION('',(0.,-0.,-1.));
#1198 = ORIENTED_EDGE('',*,*,#913,.F.);
#1199 = ORIENTED_EDGE('',*,*,#1200,.F.);
#1200 = EDGE_CURVE('',#1186,#914,#1201,.T.);
#1201 = LINE('',#1202,#1203);
#1202 = CARTESIAN_POINT('',(-2.7,4.25,-1.1));
#1203 = VECTOR('',#1204,1.);
#1204 = DIRECTION('',(0.,-0.,-1.));
#1205 = PLANE('',#1206);
#1206 = AXIS2_PLACEMENT_3D('',#1207,#1208,#1209);
#1207 = CARTESIAN_POINT('',(-2.7,2.275070900416,0.475));
#1208 = DIRECTION('',(-1.,-0.,0.));
#1209 = DIRECTION('',(0.,-0.,-1.));
#1210 = ADVANCED_FACE('',(#1211),#1231,.T.);
#1211 = FACE_BOUND('',#1212,.T.);
#1212 = EDGE_LOOP('',(#1213,#1221,#1222,#1223,#1224,#1225));
#1213 = ORIENTED_EDGE('',*,*,#1214,.T.);
#1214 = EDGE_CURVE('',#1215,#1036,#1217,.T.);
#1215 = VERTEX_POINT('',#1216);
#1216 = CARTESIAN_POINT('',(-2.7,5.E-02,1.8));
#1217 = LINE('',#1218,#1219);
#1218 = CARTESIAN_POINT('',(-2.7,5.E-02,1.8));
#1219 = VECTOR('',#1220,1.);
#1220 = DIRECTION('',(0.,-0.,-1.));
#1221 = ORIENTED_EDGE('',*,*,#1035,.F.);
#1222 = ORIENTED_EDGE('',*,*,#1012,.F.);
#1223 = ORIENTED_EDGE('',*,*,#981,.F.);
#1224 = ORIENTED_EDGE('',*,*,#1140,.F.);
#1225 = ORIENTED_EDGE('',*,*,#1226,.T.);
#1226 = EDGE_CURVE('',#1141,#1215,#1227,.T.);
#1227 = LINE('',#1228,#1229);
#1228 = CARTESIAN_POINT('',(-2.7,0.25,1.8));
#1229 = VECTOR('',#1230,1.);
#1230 = DIRECTION('',(0.,-1.,0.));
#1231 = PLANE('',#1232);
#1232 = AXIS2_PLACEMENT_3D('',#1233,#1234,#1235);
#1233 = CARTESIAN_POINT('',(-2.7,2.275070900416,0.475));
#1234 = DIRECTION('',(-1.,-0.,0.));
#1235 = DIRECTION('',(0.,-0.,-1.));
#1236 = ADVANCED_FACE('',(#1237),#1271,.F.);
#1237 = FACE_BOUND('',#1238,.T.);
#1238 = EDGE_LOOP('',(#1239,#1249,#1257,#1265));
#1239 = ORIENTED_EDGE('',*,*,#1240,.T.);
#1240 = EDGE_CURVE('',#1241,#1243,#1245,.T.);
#1241 = VERTEX_POINT('',#1242);
#1242 = CARTESIAN_POINT('',(-0.7,3.584875948641,0.15));
#1243 = VERTEX_POINT('',#1244);
#1244 = CARTESIAN_POINT('',(-0.7,3.230836366114,0.274610685539));
#1245 = LINE('',#1246,#1247);
#1246 = CARTESIAN_POINT('',(-0.7,3.584875948641,0.15));
#1247 = VECTOR('',#1248,1.);
#1248 = DIRECTION('',(0.,-0.943278015305,0.332003894317));
#1249 = ORIENTED_EDGE('',*,*,#1250,.T.);
#1250 = EDGE_CURVE('',#1243,#1251,#1253,.T.);
#1251 = VERTEX_POINT('',#1252);
#1252 = CARTESIAN_POINT('',(-0.3,3.230836366114,0.274610685539));
#1253 = LINE('',#1254,#1255);
#1254 = CARTESIAN_POINT('',(-0.7,3.230836366114,0.274610685539));
#1255 = VECTOR('',#1256,1.);
#1256 = DIRECTION('',(1.,0.,0.));
#1257 = ORIENTED_EDGE('',*,*,#1258,.F.);
#1258 = EDGE_CURVE('',#1259,#1251,#1261,.T.);
#1259 = VERTEX_POINT('',#1260);
#1260 = CARTESIAN_POINT('',(-0.3,3.584875948641,0.15));
#1261 = LINE('',#1262,#1263);
#1262 = CARTESIAN_POINT('',(-0.3,3.584875948641,0.15));
#1263 = VECTOR('',#1264,1.);
#1264 = DIRECTION('',(0.,-0.943278015305,0.332003894317));
#1265 = ORIENTED_EDGE('',*,*,#1266,.T.);
#1266 = EDGE_CURVE('',#1259,#1241,#1267,.T.);
#1267 = LINE('',#1268,#1269);
#1268 = CARTESIAN_POINT('',(-0.3,3.584875948641,0.15));
#1269 = VECTOR('',#1270,1.);
#1270 = DIRECTION('',(-1.,-0.,0.));
#1271 = PLANE('',#1272);
#1272 = AXIS2_PLACEMENT_3D('',#1273,#1274,#1275);
#1273 = CARTESIAN_POINT('',(-0.5,3.67331944871,0.118870697744));
#1274 = DIRECTION('',(0.,-0.332003894317,-0.943278015305));
#1275 = DIRECTION('',(-1.,-0.,0.));
#1276 = ADVANCED_FACE('',(#1277),#1302,.F.);
#1277 = FACE_BOUND('',#1278,.T.);
#1278 = EDGE_LOOP('',(#1279,#1289,#1295,#1296));
#1279 = ORIENTED_EDGE('',*,*,#1280,.T.);
#1280 = EDGE_CURVE('',#1281,#1283,#1285,.T.);
#1281 = VERTEX_POINT('',#1282);
#1282 = CARTESIAN_POINT('',(-0.7,2.5,0.6));
#1283 = VERTEX_POINT('',#1284);
#1284 = CARTESIAN_POINT('',(-0.3,2.5,0.6));
#1285 = LINE('',#1286,#1287);
#1286 = CARTESIAN_POINT('',(-0.7,2.5,0.6));
#1287 = VECTOR('',#1288,1.);
#1288 = DIRECTION('',(1.,0.,0.));
#1289 = ORIENTED_EDGE('',*,*,#1290,.F.);
#1290 = EDGE_CURVE('',#1251,#1283,#1291,.T.);
#1291 = LINE('',#1292,#1293);
#1292 = CARTESIAN_POINT('',(-0.3,3.230836366114,0.274610685539));
#1293 = VECTOR('',#1294,1.);
#1294 = DIRECTION('',(0.,-0.913545457643,0.406736643076));
#1295 = ORIENTED_EDGE('',*,*,#1250,.F.);
#1296 = ORIENTED_EDGE('',*,*,#1297,.T.);
#1297 = EDGE_CURVE('',#1243,#1281,#1298,.T.);
#1298 = LINE('',#1299,#1300);
#1299 = CARTESIAN_POINT('',(-0.7,3.230836366114,0.274610685539));
#1300 = VECTOR('',#1301,1.);
#1301 = DIRECTION('',(0.,-0.913545457643,0.406736643076));
#1302 = PLANE('',#1303);
#1303 = AXIS2_PLACEMENT_3D('',#1304,#1305,#1306);
#1304 = CARTESIAN_POINT('',(-0.5,2.865418183057,0.43730534277));
#1305 = DIRECTION('',(0.,-0.406736643076,-0.913545457642));
#1306 = DIRECTION('',(-1.,-0.,0.));
#1307 = ADVANCED_FACE('',(#1308),#1333,.F.);
#1308 = FACE_BOUND('',#1309,.T.);
#1309 = EDGE_LOOP('',(#1310,#1320,#1326,#1327));
#1310 = ORIENTED_EDGE('',*,*,#1311,.T.);
#1311 = EDGE_CURVE('',#1312,#1314,#1316,.T.);
#1312 = VERTEX_POINT('',#1313);
#1313 = CARTESIAN_POINT('',(-0.7,2.43527864045,0.552977179817));
#1314 = VERTEX_POINT('',#1315);
#1315 = CARTESIAN_POINT('',(-0.3,2.43527864045,0.552977179817));
#1316 = LINE('',#1317,#1318);
#1317 = CARTESIAN_POINT('',(-0.7,2.43527864045,0.552977179817));
#1318 = VECTOR('',#1319,1.);
#1319 = DIRECTION('',(1.,0.,0.));
#1320 = ORIENTED_EDGE('',*,*,#1321,.F.);
#1321 = EDGE_CURVE('',#1283,#1314,#1322,.T.);
#1322 = LINE('',#1323,#1324);
#1323 = CARTESIAN_POINT('',(-0.3,2.5,0.6));
#1324 = VECTOR('',#1325,1.);
#1325 = DIRECTION('',(0.,-0.809016994375,-0.587785252293));
#1326 = ORIENTED_EDGE('',*,*,#1280,.F.);
#1327 = ORIENTED_EDGE('',*,*,#1328,.T.);
#1328 = EDGE_CURVE('',#1281,#1312,#1329,.T.);
#1329 = LINE('',#1330,#1331);
#1330 = CARTESIAN_POINT('',(-0.7,2.5,0.6));
#1331 = VECTOR('',#1332,1.);
#1332 = DIRECTION('',(0.,-0.809016994375,-0.587785252293));
#1333 = PLANE('',#1334);
#1334 = AXIS2_PLACEMENT_3D('',#1335,#1336,#1337);
#1335 = CARTESIAN_POINT('',(-0.5,2.467639320225,0.576488589908));
#1336 = DIRECTION('',(0.,0.587785252293,-0.809016994375));
#1337 = DIRECTION('',(1.,0.,0.));
#1338 = ADVANCED_FACE('',(#1339),#1364,.T.);
#1339 = FACE_BOUND('',#1340,.T.);
#1340 = EDGE_LOOP('',(#1341,#1351,#1357,#1358));
#1341 = ORIENTED_EDGE('',*,*,#1342,.T.);
#1342 = EDGE_CURVE('',#1343,#1345,#1347,.T.);
#1343 = VERTEX_POINT('',#1344);
#1344 = CARTESIAN_POINT('',(-0.7,2.357706654495,0.378747646736));
#1345 = VERTEX_POINT('',#1346);
#1346 = CARTESIAN_POINT('',(-0.3,2.357706654495,0.378747646736));
#1347 = LINE('',#1348,#1349);
#1348 = CARTESIAN_POINT('',(-0.7,2.357706654495,0.378747646736));
#1349 = VECTOR('',#1350,1.);
#1350 = DIRECTION('',(1.,0.,0.));
#1351 = ORIENTED_EDGE('',*,*,#1352,.F.);
#1352 = EDGE_CURVE('',#1314,#1345,#1353,.T.);
#1353 = LINE('',#1354,#1355);
#1354 = CARTESIAN_POINT('',(-0.3,2.43527864045,0.552977179817));
#1355 = VECTOR('',#1356,1.);
#1356 = DIRECTION('',(0.,-0.406736643075,-0.913545457643));
#1357 = ORIENTED_EDGE('',*,*,#1311,.F.);
#1358 = ORIENTED_EDGE('',*,*,#1359,.T.);
#1359 = EDGE_CURVE('',#1312,#1343,#1360,.T.);
#1360 = LINE('',#1361,#1362);
#1361 = CARTESIAN_POINT('',(-0.7,2.43527864045,0.552977179817));
#1362 = VECTOR('',#1363,1.);
#1363 = DIRECTION('',(0.,-0.406736643075,-0.913545457643));
#1364 = PLANE('',#1365);
#1365 = AXIS2_PLACEMENT_3D('',#1366,#1367,#1368);
#1366 = CARTESIAN_POINT('',(-0.5,2.396492647472,0.465862413276));
#1367 = DIRECTION('',(0.,-0.913545457643,0.406736643076));
#1368 = DIRECTION('',(1.,0.,0.));
#1369 = ADVANCED_FACE('',(#1370),#1395,.T.);
#1370 = FACE_BOUND('',#1371,.T.);
#1371 = EDGE_LOOP('',(#1372,#1380,#1381,#1389));
#1372 = ORIENTED_EDGE('',*,*,#1373,.F.);
#1373 = EDGE_CURVE('',#1345,#1374,#1376,.T.);
#1374 = VERTEX_POINT('',#1375);
#1375 = CARTESIAN_POINT('',(-0.3,2.871482281007,0.15));
#1376 = LINE('',#1377,#1378);
#1377 = CARTESIAN_POINT('',(-0.3,2.357706654495,0.378747646736));
#1378 = VECTOR('',#1379,1.);
#1379 = DIRECTION('',(0.,0.913545457642,-0.406736643076));
#1380 = ORIENTED_EDGE('',*,*,#1342,.F.);
#1381 = ORIENTED_EDGE('',*,*,#1382,.T.);
#1382 = EDGE_CURVE('',#1343,#1383,#1385,.T.);
#1383 = VERTEX_POINT('',#1384);
#1384 = CARTESIAN_POINT('',(-0.7,2.871482281007,0.15));
#1385 = LINE('',#1386,#1387);
#1386 = CARTESIAN_POINT('',(-0.7,2.357706654495,0.378747646736));
#1387 = VECTOR('',#1388,1.);
#1388 = DIRECTION('',(0.,0.913545457642,-0.406736643076));
#1389 = ORIENTED_EDGE('',*,*,#1390,.T.);
#1390 = EDGE_CURVE('',#1383,#1374,#1391,.T.);
#1391 = LINE('',#1392,#1393);
#1392 = CARTESIAN_POINT('',(-0.7,2.871482281007,0.15));
#1393 = VECTOR('',#1394,1.);
#1394 = DIRECTION('',(1.,0.,0.));
#1395 = PLANE('',#1396);
#1396 = AXIS2_PLACEMENT_3D('',#1397,#1398,#1399);
#1397 = CARTESIAN_POINT('',(-0.5,2.6893383804,0.231095689404));
#1398 = DIRECTION('',(0.,-0.406736643076,-0.913545457643));
#1399 = DIRECTION('',(-1.,-0.,0.));
#1400 = ADVANCED_FACE('',(#1401),#1437,.T.);
#1401 = FACE_BOUND('',#1402,.T.);
#1402 = EDGE_LOOP('',(#1403,#1414,#1422,#1431));
#1403 = ORIENTED_EDGE('',*,*,#1404,.T.);
#1404 = EDGE_CURVE('',#1405,#1407,#1409,.T.);
#1405 = VERTEX_POINT('',#1406);
#1406 = CARTESIAN_POINT('',(-0.7,4.25,-1.197722557505));
#1407 = VERTEX_POINT('',#1408);
#1408 = CARTESIAN_POINT('',(-0.7,4.26,-1.191202365109));
#1409 = CIRCLE('',#1410,0.65);
#1410 = AXIS2_PLACEMENT_3D('',#1411,#1412,#1413);
#1411 = CARTESIAN_POINT('',(-0.7,3.9,-0.65));
#1412 = DIRECTION('',(1.,0.,0.));
#1413 = DIRECTION('',(0.,0.538461538462,-0.84265008847));
#1414 = ORIENTED_EDGE('',*,*,#1415,.T.);
#1415 = EDGE_CURVE('',#1407,#1416,#1418,.T.);
#1416 = VERTEX_POINT('',#1417);
#1417 = CARTESIAN_POINT('',(-0.3,4.26,-1.191202365109));
#1418 = LINE('',#1419,#1420);
#1419 = CARTESIAN_POINT('',(-0.7,4.26,-1.191202365109));
#1420 = VECTOR('',#1421,1.);
#1421 = DIRECTION('',(1.,0.,0.));
#1422 = ORIENTED_EDGE('',*,*,#1423,.F.);
#1423 = EDGE_CURVE('',#1424,#1416,#1426,.T.);
#1424 = VERTEX_POINT('',#1425);
#1425 = CARTESIAN_POINT('',(-0.3,4.25,-1.197722557505));
#1426 = CIRCLE('',#1427,0.65);
#1427 = AXIS2_PLACEMENT_3D('',#1428,#1429,#1430);
#1428 = CARTESIAN_POINT('',(-0.3,3.9,-0.65));
#1429 = DIRECTION('',(1.,0.,0.));
#1430 = DIRECTION('',(0.,0.538461538462,-0.84265008847));
#1431 = ORIENTED_EDGE('',*,*,#1432,.F.);
#1432 = EDGE_CURVE('',#1405,#1424,#1433,.T.);
#1433 = LINE('',#1434,#1435);
#1434 = CARTESIAN_POINT('',(-0.7,4.25,-1.197722557505));
#1435 = VECTOR('',#1436,1.);
#1436 = DIRECTION('',(1.,0.,0.));
#1437 = CYLINDRICAL_SURFACE('',#1438,0.65);
#1438 = AXIS2_PLACEMENT_3D('',#1439,#1440,#1441);
#1439 = CARTESIAN_POINT('',(-0.708,3.9,-0.65));
#1440 = DIRECTION('',(1.,0.,0.));
#1441 = DIRECTION('',(0.,0.,-1.));
#1442 = ADVANCED_FACE('',(#1443),#1477,.F.);
#1443 = FACE_BOUND('',#1444,.T.);
#1444 = EDGE_LOOP('',(#1445,#1455,#1463,#1471));
#1445 = ORIENTED_EDGE('',*,*,#1446,.T.);
#1446 = EDGE_CURVE('',#1447,#1449,#1451,.T.);
#1447 = VERTEX_POINT('',#1448);
#1448 = CARTESIAN_POINT('',(-0.7,-8.673617379884E-16,2.25));
#1449 = VERTEX_POINT('',#1450);
#1450 = CARTESIAN_POINT('',(-0.3,-8.673617379884E-16,2.25));
#1451 = LINE('',#1452,#1453);
#1452 = CARTESIAN_POINT('',(-0.7,-8.673617379884E-16,2.25));
#1453 = VECTOR('',#1454,1.);
#1454 = DIRECTION('',(1.,0.,0.));
#1455 = ORIENTED_EDGE('',*,*,#1456,.F.);
#1456 = EDGE_CURVE('',#1457,#1449,#1459,.T.);
#1457 = VERTEX_POINT('',#1458);
#1458 = CARTESIAN_POINT('',(-0.3,0.25,2.25));
#1459 = LINE('',#1460,#1461);
#1460 = CARTESIAN_POINT('',(-0.3,0.25,2.25));
#1461 = VECTOR('',#1462,1.);
#1462 = DIRECTION('',(0.,-1.,2.522426711947E-13));
#1463 = ORIENTED_EDGE('',*,*,#1464,.F.);
#1464 = EDGE_CURVE('',#1465,#1457,#1467,.T.);
#1465 = VERTEX_POINT('',#1466);
#1466 = CARTESIAN_POINT('',(-0.7,0.25,2.25));
#1467 = LINE('',#1468,#1469);
#1468 = CARTESIAN_POINT('',(-0.7,0.25,2.25));
#1469 = VECTOR('',#1470,1.);
#1470 = DIRECTION('',(1.,0.,0.));
#1471 = ORIENTED_EDGE('',*,*,#1472,.T.);
#1472 = EDGE_CURVE('',#1465,#1447,#1473,.T.);
#1473 = LINE('',#1474,#1475);
#1474 = CARTESIAN_POINT('',(-0.7,0.25,2.25));
#1475 = VECTOR('',#1476,1.);
#1476 = DIRECTION('',(0.,-1.,2.522426711947E-13));
#1477 = PLANE('',#1478);
#1478 = AXIS2_PLACEMENT_3D('',#1479,#1480,#1481);
#1479 = CARTESIAN_POINT('',(-0.5,0.125,2.25));
#1480 = DIRECTION('',(0.,-0.,-1.));
#1481 = DIRECTION('',(-1.,-0.,0.));
#1482 = ADVANCED_FACE('',(#1483),#1508,.T.);
#1483 = FACE_BOUND('',#1484,.T.);
#1484 = EDGE_LOOP('',(#1485,#1495,#1501,#1502));
#1485 = ORIENTED_EDGE('',*,*,#1486,.T.);
#1486 = EDGE_CURVE('',#1487,#1489,#1491,.T.);
#1487 = VERTEX_POINT('',#1488);
#1488 = CARTESIAN_POINT('',(-0.7,-8.673617379884E-16,1.65));
#1489 = VERTEX_POINT('',#1490);
#1490 = CARTESIAN_POINT('',(-0.3,-8.673617379884E-16,1.65));
#1491 = LINE('',#1492,#1493);
#1492 = CARTESIAN_POINT('',(-0.7,-8.673617379884E-16,1.65));
#1493 = VECTOR('',#1494,1.);
#1494 = DIRECTION('',(1.,0.,0.));
#1495 = ORIENTED_EDGE('',*,*,#1496,.F.);
#1496 = EDGE_CURVE('',#1449,#1489,#1497,.T.);
#1497 = LINE('',#1498,#1499);
#1498 = CARTESIAN_POINT('',(-0.3,-8.673617379884E-16,2.25));
#1499 = VECTOR('',#1500,1.);
#1500 = DIRECTION('',(0.,6.143234069593E-14,-1.));
#1501 = ORIENTED_EDGE('',*,*,#1446,.F.);
#1502 = ORIENTED_EDGE('',*,*,#1503,.T.);
#1503 = EDGE_CURVE('',#1447,#1487,#1504,.T.);
#1504 = LINE('',#1505,#1506);
#1505 = CARTESIAN_POINT('',(-0.7,-8.673617379884E-16,2.25));
#1506 = VECTOR('',#1507,1.);
#1507 = DIRECTION('',(0.,6.143234069593E-14,-1.));
#1508 = PLANE('',#1509);
#1509 = AXIS2_PLACEMENT_3D('',#1510,#1511,#1512);
#1510 = CARTESIAN_POINT('',(-0.5,-8.673617379884E-16,1.95));
#1511 = DIRECTION('',(0.,-1.,0.));
#1512 = DIRECTION('',(-1.,0.,0.));
#1513 = ADVANCED_FACE('',(#1514),#1539,.T.);
#1514 = FACE_BOUND('',#1515,.T.);
#1515 = EDGE_LOOP('',(#1516,#1524,#1525,#1533));
#1516 = ORIENTED_EDGE('',*,*,#1517,.F.);
#1517 = EDGE_CURVE('',#1489,#1518,#1520,.T.);
#1518 = VERTEX_POINT('',#1519);
#1519 = CARTESIAN_POINT('',(-0.3,5.E-02,1.477333110405));
#1520 = LINE('',#1521,#1522);
#1521 = CARTESIAN_POINT('',(-0.3,-8.673617379884E-16,1.65));
#1522 = VECTOR('',#1523,1.);
#1523 = DIRECTION('',(0.,0.278147794074,-0.960538289009));
#1524 = ORIENTED_EDGE('',*,*,#1486,.F.);
#1525 = ORIENTED_EDGE('',*,*,#1526,.T.);
#1526 = EDGE_CURVE('',#1487,#1527,#1529,.T.);
#1527 = VERTEX_POINT('',#1528);
#1528 = CARTESIAN_POINT('',(-0.7,5.E-02,1.477333110405));
#1529 = LINE('',#1530,#1531);
#1530 = CARTESIAN_POINT('',(-0.7,-8.673617379884E-16,1.65));
#1531 = VECTOR('',#1532,1.);
#1532 = DIRECTION('',(0.,0.278147794074,-0.960538289009));
#1533 = ORIENTED_EDGE('',*,*,#1534,.T.);
#1534 = EDGE_CURVE('',#1527,#1518,#1535,.T.);
#1535 = LINE('',#1536,#1537);
#1536 = CARTESIAN_POINT('',(-0.7,5.E-02,1.477333110405));
#1537 = VECTOR('',#1538,1.);
#1538 = DIRECTION('',(1.,0.,0.));
#1539 = PLANE('',#1540);
#1540 = AXIS2_PLACEMENT_3D('',#1541,#1542,#1543);
#1541 = CARTESIAN_POINT('',(-0.5,0.374865427748,0.355463051482));
#1542 = DIRECTION('',(0.,-0.960538289009,-0.278147794074));
#1543 = DIRECTION('',(-1.,-0.,0.));
#1544 = ADVANCED_FACE('',(#1545),#1558,.F.);
#1545 = FACE_BOUND('',#1546,.T.);
#1546 = EDGE_LOOP('',(#1547,#1548,#1549,#1550,#1551,#1552));
#1547 = ORIENTED_EDGE('',*,*,#1258,.T.);
#1548 = ORIENTED_EDGE('',*,*,#1290,.T.);
#1549 = ORIENTED_EDGE('',*,*,#1321,.T.);
#1550 = ORIENTED_EDGE('',*,*,#1352,.T.);
#1551 = ORIENTED_EDGE('',*,*,#1373,.T.);
#1552 = ORIENTED_EDGE('',*,*,#1553,.T.);
#1553 = EDGE_CURVE('',#1374,#1259,#1554,.T.);
#1554 = LINE('',#1555,#1556);
#1555 = CARTESIAN_POINT('',(-0.3,2.871482281007,0.15));
#1556 = VECTOR('',#1557,1.);
#1557 = DIRECTION('',(0.,1.,0.));
#1558 = PLANE('',#1559);
#1559 = AXIS2_PLACEMENT_3D('',#1560,#1561,#1562);
#1560 = CARTESIAN_POINT('',(-0.3,2.275070900416,0.475));
#1561 = DIRECTION('',(-1.,-0.,0.));
#1562 = DIRECTION('',(0.,-0.,-1.));
#1563 = ADVANCED_FACE('',(#1564),#1589,.F.);
#1564 = FACE_BOUND('',#1565,.T.);
#1565 = EDGE_LOOP('',(#1566,#1567,#1575,#1583));
#1566 = ORIENTED_EDGE('',*,*,#1423,.T.);
#1567 = ORIENTED_EDGE('',*,*,#1568,.F.);
#1568 = EDGE_CURVE('',#1569,#1416,#1571,.T.);
#1569 = VERTEX_POINT('',#1570);
#1570 = CARTESIAN_POINT('',(-0.3,4.26,-1.1));
#1571 = LINE('',#1572,#1573);
#1572 = CARTESIAN_POINT('',(-0.3,4.26,-1.1));
#1573 = VECTOR('',#1574,1.);
#1574 = DIRECTION('',(0.,-0.,-1.));
#1575 = ORIENTED_EDGE('',*,*,#1576,.T.);
#1576 = EDGE_CURVE('',#1569,#1577,#1579,.T.);
#1577 = VERTEX_POINT('',#1578);
#1578 = CARTESIAN_POINT('',(-0.3,4.25,-1.1));
#1579 = LINE('',#1580,#1581);
#1580 = CARTESIAN_POINT('',(-0.3,4.26,-1.1));
#1581 = VECTOR('',#1582,1.);
#1582 = DIRECTION('',(0.,-1.,0.));
#1583 = ORIENTED_EDGE('',*,*,#1584,.T.);
#1584 = EDGE_CURVE('',#1577,#1424,#1585,.T.);
#1585 = LINE('',#1586,#1587);
#1586 = CARTESIAN_POINT('',(-0.3,4.25,-1.1));
#1587 = VECTOR('',#1588,1.);
#1588 = DIRECTION('',(0.,-0.,-1.));
#1589 = PLANE('',#1590);
#1590 = AXIS2_PLACEMENT_3D('',#1591,#1592,#1593);
#1591 = CARTESIAN_POINT('',(-0.3,2.275070900416,0.475));
#1592 = DIRECTION('',(-1.,-0.,0.));
#1593 = DIRECTION('',(0.,-0.,-1.));
#1594 = ADVANCED_FACE('',(#1595),#1622,.F.);
#1595 = FACE_BOUND('',#1596,.T.);
#1596 = EDGE_LOOP('',(#1597,#1605,#1606,#1607,#1608,#1616));
#1597 = ORIENTED_EDGE('',*,*,#1598,.T.);
#1598 = EDGE_CURVE('',#1599,#1457,#1601,.T.);
#1599 = VERTEX_POINT('',#1600);
#1600 = CARTESIAN_POINT('',(-0.3,0.25,1.8));
#1601 = LINE('',#1602,#1603);
#1602 = CARTESIAN_POINT('',(-0.3,0.25,1.8));
#1603 = VECTOR('',#1604,1.);
#1604 = DIRECTION('',(-0.,1.322398980443E-13,1.));
#1605 = ORIENTED_EDGE('',*,*,#1456,.T.);
#1606 = ORIENTED_EDGE('',*,*,#1496,.T.);
#1607 = ORIENTED_EDGE('',*,*,#1517,.T.);
#1608 = ORIENTED_EDGE('',*,*,#1609,.F.);
#1609 = EDGE_CURVE('',#1610,#1518,#1612,.T.);
#1610 = VERTEX_POINT('',#1611);
#1611 = CARTESIAN_POINT('',(-0.3,5.E-02,1.8));
#1612 = LINE('',#1613,#1614);
#1613 = CARTESIAN_POINT('',(-0.3,5.E-02,1.8));
#1614 = VECTOR('',#1615,1.);
#1615 = DIRECTION('',(0.,-0.,-1.));
#1616 = ORIENTED_EDGE('',*,*,#1617,.F.);
#1617 = EDGE_CURVE('',#1599,#1610,#1618,.T.);
#1618 = LINE('',#1619,#1620);
#1619 = CARTESIAN_POINT('',(-0.3,0.25,1.8));
#1620 = VECTOR('',#1621,1.);
#1621 = DIRECTION('',(0.,-1.,0.));
#1622 = PLANE('',#1623);
#1623 = AXIS2_PLACEMENT_3D('',#1624,#1625,#1626);
#1624 = CARTESIAN_POINT('',(-0.3,2.275070900416,0.475));
#1625 = DIRECTION('',(-1.,-0.,0.));
#1626 = DIRECTION('',(0.,-0.,-1.));
#1627 = ADVANCED_FACE('',(#1628),#1646,.F.);
#1628 = FACE_BOUND('',#1629,.T.);
#1629 = EDGE_LOOP('',(#1630,#1638,#1639,#1640));
#1630 = ORIENTED_EDGE('',*,*,#1631,.T.);
#1631 = EDGE_CURVE('',#1632,#1465,#1634,.T.);
#1632 = VERTEX_POINT('',#1633);
#1633 = CARTESIAN_POINT('',(-0.7,0.25,1.8));
#1634 = LINE('',#1635,#1636);
#1635 = CARTESIAN_POINT('',(-0.7,0.25,1.8));
#1636 = VECTOR('',#1637,1.);
#1637 = DIRECTION('',(-0.,1.322398980443E-13,1.));
#1638 = ORIENTED_EDGE('',*,*,#1464,.T.);
#1639 = ORIENTED_EDGE('',*,*,#1598,.F.);
#1640 = ORIENTED_EDGE('',*,*,#1641,.T.);
#1641 = EDGE_CURVE('',#1599,#1632,#1642,.T.);
#1642 = LINE('',#1643,#1644);
#1643 = CARTESIAN_POINT('',(-0.3,0.25,1.8));
#1644 = VECTOR('',#1645,1.);
#1645 = DIRECTION('',(-1.,-0.,0.));
#1646 = PLANE('',#1647);
#1647 = AXIS2_PLACEMENT_3D('',#1648,#1649,#1650);
#1648 = CARTESIAN_POINT('',(-0.5,0.25,1.967734147022));
#1649 = DIRECTION('',(0.,-1.,0.));
#1650 = DIRECTION('',(-1.,0.,0.));
#1651 = ADVANCED_FACE('',(#1652),#1665,.T.);
#1652 = FACE_BOUND('',#1653,.T.);
#1653 = EDGE_LOOP('',(#1654,#1655,#1656,#1657,#1658,#1659));
#1654 = ORIENTED_EDGE('',*,*,#1382,.F.);
#1655 = ORIENTED_EDGE('',*,*,#1359,.F.);
#1656 = ORIENTED_EDGE('',*,*,#1328,.F.);
#1657 = ORIENTED_EDGE('',*,*,#1297,.F.);
#1658 = ORIENTED_EDGE('',*,*,#1240,.F.);
#1659 = ORIENTED_EDGE('',*,*,#1660,.F.);
#1660 = EDGE_CURVE('',#1383,#1241,#1661,.T.);
#1661 = LINE('',#1662,#1663);
#1662 = CARTESIAN_POINT('',(-0.7,2.871482281007,0.15));
#1663 = VECTOR('',#1664,1.);
#1664 = DIRECTION('',(0.,1.,0.));
#1665 = PLANE('',#1666);
#1666 = AXIS2_PLACEMENT_3D('',#1667,#1668,#1669);
#1667 = CARTESIAN_POINT('',(-0.7,2.275070900416,0.475));
#1668 = DIRECTION('',(-1.,-0.,0.));
#1669 = DIRECTION('',(0.,-0.,-1.));
#1670 = ADVANCED_FACE('',(#1671),#1696,.T.);
#1671 = FACE_BOUND('',#1672,.T.);
#1672 = EDGE_LOOP('',(#1673,#1683,#1689,#1690));
#1673 = ORIENTED_EDGE('',*,*,#1674,.F.);
#1674 = EDGE_CURVE('',#1675,#1677,#1679,.T.);
#1675 = VERTEX_POINT('',#1676);
#1676 = CARTESIAN_POINT('',(-0.7,4.26,-1.1));
#1677 = VERTEX_POINT('',#1678);
#1678 = CARTESIAN_POINT('',(-0.7,4.25,-1.1));
#1679 = LINE('',#1680,#1681);
#1680 = CARTESIAN_POINT('',(-0.7,4.26,-1.1));
#1681 = VECTOR('',#1682,1.);
#1682 = DIRECTION('',(0.,-1.,0.));
#1683 = ORIENTED_EDGE('',*,*,#1684,.T.);
#1684 = EDGE_CURVE('',#1675,#1407,#1685,.T.);
#1685 = LINE('',#1686,#1687);
#1686 = CARTESIAN_POINT('',(-0.7,4.26,-1.1));
#1687 = VECTOR('',#1688,1.);
#1688 = DIRECTION('',(0.,-0.,-1.));
#1689 = ORIENTED_EDGE('',*,*,#1404,.F.);
#1690 = ORIENTED_EDGE('',*,*,#1691,.F.);
#1691 = EDGE_CURVE('',#1677,#1405,#1692,.T.);
#1692 = LINE('',#1693,#1694);
#1693 = CARTESIAN_POINT('',(-0.7,4.25,-1.1));
#1694 = VECTOR('',#1695,1.);
#1695 = DIRECTION('',(0.,-0.,-1.));
#1696 = PLANE('',#1697);
#1697 = AXIS2_PLACEMENT_3D('',#1698,#1699,#1700);
#1698 = CARTESIAN_POINT('',(-0.7,2.275070900416,0.475));
#1699 = DIRECTION('',(-1.,-0.,0.));
#1700 = DIRECTION('',(0.,-0.,-1.));
#1701 = ADVANCED_FACE('',(#1702),#1722,.T.);
#1702 = FACE_BOUND('',#1703,.T.);
#1703 = EDGE_LOOP('',(#1704,#1712,#1713,#1714,#1715,#1716));
#1704 = ORIENTED_EDGE('',*,*,#1705,.T.);
#1705 = EDGE_CURVE('',#1706,#1527,#1708,.T.);
#1706 = VERTEX_POINT('',#1707);
#1707 = CARTESIAN_POINT('',(-0.7,5.E-02,1.8));
#1708 = LINE('',#1709,#1710);
#1709 = CARTESIAN_POINT('',(-0.7,5.E-02,1.8));
#1710 = VECTOR('',#1711,1.);
#1711 = DIRECTION('',(0.,-0.,-1.));
#1712 = ORIENTED_EDGE('',*,*,#1526,.F.);
#1713 = ORIENTED_EDGE('',*,*,#1503,.F.);
#1714 = ORIENTED_EDGE('',*,*,#1472,.F.);
#1715 = ORIENTED_EDGE('',*,*,#1631,.F.);
#1716 = ORIENTED_EDGE('',*,*,#1717,.T.);
#1717 = EDGE_CURVE('',#1632,#1706,#1718,.T.);
#1718 = LINE('',#1719,#1720);
#1719 = CARTESIAN_POINT('',(-0.7,0.25,1.8));
#1720 = VECTOR('',#1721,1.);
#1721 = DIRECTION('',(0.,-1.,0.));
#1722 = PLANE('',#1723);
#1723 = AXIS2_PLACEMENT_3D('',#1724,#1725,#1726);
#1724 = CARTESIAN_POINT('',(-0.7,2.275070900416,0.475));
#1725 = DIRECTION('',(-1.,-0.,0.));
#1726 = DIRECTION('',(0.,-0.,-1.));
#1727 = ADVANCED_FACE('',(#1728),#1762,.F.);
#1728 = FACE_BOUND('',#1729,.T.);
#1729 = EDGE_LOOP('',(#1730,#1740,#1748,#1756));
#1730 = ORIENTED_EDGE('',*,*,#1731,.T.);
#1731 = EDGE_CURVE('',#1732,#1734,#1736,.T.);
#1732 = VERTEX_POINT('',#1733);
#1733 = CARTESIAN_POINT('',(1.3,3.584875948641,0.15));
#1734 = VERTEX_POINT('',#1735);
#1735 = CARTESIAN_POINT('',(1.3,3.230836366114,0.274610685539));
#1736 = LINE('',#1737,#1738);
#1737 = CARTESIAN_POINT('',(1.3,3.584875948641,0.15));
#1738 = VECTOR('',#1739,1.);
#1739 = DIRECTION('',(0.,-0.943278015305,0.332003894317));
#1740 = ORIENTED_EDGE('',*,*,#1741,.T.);
#1741 = EDGE_CURVE('',#1734,#1742,#1744,.T.);
#1742 = VERTEX_POINT('',#1743);
#1743 = CARTESIAN_POINT('',(1.7,3.230836366114,0.274610685539));
#1744 = LINE('',#1745,#1746);
#1745 = CARTESIAN_POINT('',(1.3,3.230836366114,0.274610685539));
#1746 = VECTOR('',#1747,1.);
#1747 = DIRECTION('',(1.,0.,0.));
#1748 = ORIENTED_EDGE('',*,*,#1749,.F.);
#1749 = EDGE_CURVE('',#1750,#1742,#1752,.T.);
#1750 = VERTEX_POINT('',#1751);
#1751 = CARTESIAN_POINT('',(1.7,3.584875948641,0.15));
#1752 = LINE('',#1753,#1754);
#1753 = CARTESIAN_POINT('',(1.7,3.584875948641,0.15));
#1754 = VECTOR('',#1755,1.);
#1755 = DIRECTION('',(0.,-0.943278015305,0.332003894317));
#1756 = ORIENTED_EDGE('',*,*,#1757,.T.);
#1757 = EDGE_CURVE('',#1750,#1732,#1758,.T.);
#1758 = LINE('',#1759,#1760);
#1759 = CARTESIAN_POINT('',(1.7,3.584875948641,0.15));
#1760 = VECTOR('',#1761,1.);
#1761 = DIRECTION('',(-1.,-0.,0.));
#1762 = PLANE('',#1763);
#1763 = AXIS2_PLACEMENT_3D('',#1764,#1765,#1766);
#1764 = CARTESIAN_POINT('',(1.5,3.67331944871,0.118870697744));
#1765 = DIRECTION('',(0.,-0.332003894317,-0.943278015305));
#1766 = DIRECTION('',(-1.,-0.,0.));
#1767 = ADVANCED_FACE('',(#1768),#1793,.F.);
#1768 = FACE_BOUND('',#1769,.T.);
#1769 = EDGE_LOOP('',(#1770,#1780,#1786,#1787));
#1770 = ORIENTED_EDGE('',*,*,#1771,.T.);
#1771 = EDGE_CURVE('',#1772,#1774,#1776,.T.);
#1772 = VERTEX_POINT('',#1773);
#1773 = CARTESIAN_POINT('',(1.3,2.5,0.6));
#1774 = VERTEX_POINT('',#1775);
#1775 = CARTESIAN_POINT('',(1.7,2.5,0.6));
#1776 = LINE('',#1777,#1778);
#1777 = CARTESIAN_POINT('',(1.3,2.5,0.6));
#1778 = VECTOR('',#1779,1.);
#1779 = DIRECTION('',(1.,0.,0.));
#1780 = ORIENTED_EDGE('',*,*,#1781,.F.);
#1781 = EDGE_CURVE('',#1742,#1774,#1782,.T.);
#1782 = LINE('',#1783,#1784);
#1783 = CARTESIAN_POINT('',(1.7,3.230836366114,0.274610685539));
#1784 = VECTOR('',#1785,1.);
#1785 = DIRECTION('',(0.,-0.913545457643,0.406736643076));
#1786 = ORIENTED_EDGE('',*,*,#1741,.F.);
#1787 = ORIENTED_EDGE('',*,*,#1788,.T.);
#1788 = EDGE_CURVE('',#1734,#1772,#1789,.T.);
#1789 = LINE('',#1790,#1791);
#1790 = CARTESIAN_POINT('',(1.3,3.230836366114,0.274610685539));
#1791 = VECTOR('',#1792,1.);
#1792 = DIRECTION('',(0.,-0.913545457643,0.406736643076));
#1793 = PLANE('',#1794);
#1794 = AXIS2_PLACEMENT_3D('',#1795,#1796,#1797);
#1795 = CARTESIAN_POINT('',(1.5,2.865418183057,0.43730534277));
#1796 = DIRECTION('',(0.,-0.406736643076,-0.913545457642));
#1797 = DIRECTION('',(-1.,-0.,0.));
#1798 = ADVANCED_FACE('',(#1799),#1824,.F.);
#1799 = FACE_BOUND('',#1800,.T.);
#1800 = EDGE_LOOP('',(#1801,#1811,#1817,#1818));
#1801 = ORIENTED_EDGE('',*,*,#1802,.T.);
#1802 = EDGE_CURVE('',#1803,#1805,#1807,.T.);
#1803 = VERTEX_POINT('',#1804);
#1804 = CARTESIAN_POINT('',(1.3,2.43527864045,0.552977179817));
#1805 = VERTEX_POINT('',#1806);
#1806 = CARTESIAN_POINT('',(1.7,2.43527864045,0.552977179817));
#1807 = LINE('',#1808,#1809);
#1808 = CARTESIAN_POINT('',(1.3,2.43527864045,0.552977179817));
#1809 = VECTOR('',#1810,1.);
#1810 = DIRECTION('',(1.,0.,0.));
#1811 = ORIENTED_EDGE('',*,*,#1812,.F.);
#1812 = EDGE_CURVE('',#1774,#1805,#1813,.T.);
#1813 = LINE('',#1814,#1815);
#1814 = CARTESIAN_POINT('',(1.7,2.5,0.6));
#1815 = VECTOR('',#1816,1.);
#1816 = DIRECTION('',(0.,-0.809016994375,-0.587785252293));
#1817 = ORIENTED_EDGE('',*,*,#1771,.F.);
#1818 = ORIENTED_EDGE('',*,*,#1819,.T.);
#1819 = EDGE_CURVE('',#1772,#1803,#1820,.T.);
#1820 = LINE('',#1821,#1822);
#1821 = CARTESIAN_POINT('',(1.3,2.5,0.6));
#1822 = VECTOR('',#1823,1.);
#1823 = DIRECTION('',(0.,-0.809016994375,-0.587785252293));
#1824 = PLANE('',#1825);
#1825 = AXIS2_PLACEMENT_3D('',#1826,#1827,#1828);
#1826 = CARTESIAN_POINT('',(1.5,2.467639320225,0.576488589908));
#1827 = DIRECTION('',(0.,0.587785252293,-0.809016994375));
#1828 = DIRECTION('',(1.,0.,0.));
#1829 = ADVANCED_FACE('',(#1830),#1855,.T.);
#1830 = FACE_BOUND('',#1831,.T.);
#1831 = EDGE_LOOP('',(#1832,#1842,#1848,#1849));
#1832 = ORIENTED_EDGE('',*,*,#1833,.T.);
#1833 = EDGE_CURVE('',#1834,#1836,#1838,.T.);
#1834 = VERTEX_POINT('',#1835);
#1835 = CARTESIAN_POINT('',(1.3,2.357706654495,0.378747646736));
#1836 = VERTEX_POINT('',#1837);
#1837 = CARTESIAN_POINT('',(1.7,2.357706654495,0.378747646736));
#1838 = LINE('',#1839,#1840);
#1839 = CARTESIAN_POINT('',(1.3,2.357706654495,0.378747646736));
#1840 = VECTOR('',#1841,1.);
#1841 = DIRECTION('',(1.,0.,0.));
#1842 = ORIENTED_EDGE('',*,*,#1843,.F.);
#1843 = EDGE_CURVE('',#1805,#1836,#1844,.T.);
#1844 = LINE('',#1845,#1846);
#1845 = CARTESIAN_POINT('',(1.7,2.43527864045,0.552977179817));
#1846 = VECTOR('',#1847,1.);
#1847 = DIRECTION('',(0.,-0.406736643075,-0.913545457643));
#1848 = ORIENTED_EDGE('',*,*,#1802,.F.);
#1849 = ORIENTED_EDGE('',*,*,#1850,.T.);
#1850 = EDGE_CURVE('',#1803,#1834,#1851,.T.);
#1851 = LINE('',#1852,#1853);
#1852 = CARTESIAN_POINT('',(1.3,2.43527864045,0.552977179817));
#1853 = VECTOR('',#1854,1.);
#1854 = DIRECTION('',(0.,-0.406736643075,-0.913545457643));
#1855 = PLANE('',#1856);
#1856 = AXIS2_PLACEMENT_3D('',#1857,#1858,#1859);
#1857 = CARTESIAN_POINT('',(1.5,2.396492647472,0.465862413276));
#1858 = DIRECTION('',(0.,-0.913545457643,0.406736643076));
#1859 = DIRECTION('',(1.,0.,0.));
#1860 = ADVANCED_FACE('',(#1861),#1886,.T.);
#1861 = FACE_BOUND('',#1862,.T.);
#1862 = EDGE_LOOP('',(#1863,#1871,#1872,#1880));
#1863 = ORIENTED_EDGE('',*,*,#1864,.F.);
#1864 = EDGE_CURVE('',#1836,#1865,#1867,.T.);
#1865 = VERTEX_POINT('',#1866);
#1866 = CARTESIAN_POINT('',(1.7,2.871482281007,0.15));
#1867 = LINE('',#1868,#1869);
#1868 = CARTESIAN_POINT('',(1.7,2.357706654495,0.378747646736));
#1869 = VECTOR('',#1870,1.);
#1870 = DIRECTION('',(0.,0.913545457642,-0.406736643076));
#1871 = ORIENTED_EDGE('',*,*,#1833,.F.);
#1872 = ORIENTED_EDGE('',*,*,#1873,.T.);
#1873 = EDGE_CURVE('',#1834,#1874,#1876,.T.);
#1874 = VERTEX_POINT('',#1875);
#1875 = CARTESIAN_POINT('',(1.3,2.871482281007,0.15));
#1876 = LINE('',#1877,#1878);
#1877 = CARTESIAN_POINT('',(1.3,2.357706654495,0.378747646736));
#1878 = VECTOR('',#1879,1.);
#1879 = DIRECTION('',(0.,0.913545457642,-0.406736643076));
#1880 = ORIENTED_EDGE('',*,*,#1881,.T.);
#1881 = EDGE_CURVE('',#1874,#1865,#1882,.T.);
#1882 = LINE('',#1883,#1884);
#1883 = CARTESIAN_POINT('',(1.3,2.871482281007,0.15));
#1884 = VECTOR('',#1885,1.);
#1885 = DIRECTION('',(1.,0.,0.));
#1886 = PLANE('',#1887);
#1887 = AXIS2_PLACEMENT_3D('',#1888,#1889,#1890);
#1888 = CARTESIAN_POINT('',(1.5,2.6893383804,0.231095689404));
#1889 = DIRECTION('',(0.,-0.406736643076,-0.913545457643));
#1890 = DIRECTION('',(-1.,-0.,0.));
#1891 = ADVANCED_FACE('',(#1892),#1928,.T.);
#1892 = FACE_BOUND('',#1893,.T.);
#1893 = EDGE_LOOP('',(#1894,#1905,#1913,#1922));
#1894 = ORIENTED_EDGE('',*,*,#1895,.T.);
#1895 = EDGE_CURVE('',#1896,#1898,#1900,.T.);
#1896 = VERTEX_POINT('',#1897);
#1897 = CARTESIAN_POINT('',(1.3,4.25,-1.197722557505));
#1898 = VERTEX_POINT('',#1899);
#1899 = CARTESIAN_POINT('',(1.3,4.26,-1.191202365109));
#1900 = CIRCLE('',#1901,0.65);
#1901 = AXIS2_PLACEMENT_3D('',#1902,#1903,#1904);
#1902 = CARTESIAN_POINT('',(1.3,3.9,-0.65));
#1903 = DIRECTION('',(1.,0.,0.));
#1904 = DIRECTION('',(0.,0.538461538462,-0.84265008847));
#1905 = ORIENTED_EDGE('',*,*,#1906,.T.);
#1906 = EDGE_CURVE('',#1898,#1907,#1909,.T.);
#1907 = VERTEX_POINT('',#1908);
#1908 = CARTESIAN_POINT('',(1.7,4.26,-1.191202365109));
#1909 = LINE('',#1910,#1911);
#1910 = CARTESIAN_POINT('',(1.3,4.26,-1.191202365109));
#1911 = VECTOR('',#1912,1.);
#1912 = DIRECTION('',(1.,0.,0.));
#1913 = ORIENTED_EDGE('',*,*,#1914,.F.);
#1914 = EDGE_CURVE('',#1915,#1907,#1917,.T.);
#1915 = VERTEX_POINT('',#1916);
#1916 = CARTESIAN_POINT('',(1.7,4.25,-1.197722557505));
#1917 = CIRCLE('',#1918,0.65);
#1918 = AXIS2_PLACEMENT_3D('',#1919,#1920,#1921);
#1919 = CARTESIAN_POINT('',(1.7,3.9,-0.65));
#1920 = DIRECTION('',(1.,0.,0.));
#1921 = DIRECTION('',(0.,0.538461538462,-0.84265008847));
#1922 = ORIENTED_EDGE('',*,*,#1923,.F.);
#1923 = EDGE_CURVE('',#1896,#1915,#1924,.T.);
#1924 = LINE('',#1925,#1926);
#1925 = CARTESIAN_POINT('',(1.3,4.25,-1.197722557505));
#1926 = VECTOR('',#1927,1.);
#1927 = DIRECTION('',(1.,0.,0.));
#1928 = CYLINDRICAL_SURFACE('',#1929,0.65);
#1929 = AXIS2_PLACEMENT_3D('',#1930,#1931,#1932);
#1930 = CARTESIAN_POINT('',(1.292,3.9,-0.65));
#1931 = DIRECTION('',(1.,0.,0.));
#1932 = DIRECTION('',(0.,0.,-1.));
#1933 = ADVANCED_FACE('',(#1934),#1968,.F.);
#1934 = FACE_BOUND('',#1935,.T.);
#1935 = EDGE_LOOP('',(#1936,#1946,#1954,#1962));
#1936 = ORIENTED_EDGE('',*,*,#1937,.T.);
#1937 = EDGE_CURVE('',#1938,#1940,#1942,.T.);
#1938 = VERTEX_POINT('',#1939);
#1939 = CARTESIAN_POINT('',(1.3,-8.673617379884E-16,2.25));
#1940 = VERTEX_POINT('',#1941);
#1941 = CARTESIAN_POINT('',(1.7,-8.673617379884E-16,2.25));
#1942 = LINE('',#1943,#1944);
#1943 = CARTESIAN_POINT('',(1.3,-8.673617379884E-16,2.25));
#1944 = VECTOR('',#1945,1.);
#1945 = DIRECTION('',(1.,0.,0.));
#1946 = ORIENTED_EDGE('',*,*,#1947,.F.);
#1947 = EDGE_CURVE('',#1948,#1940,#1950,.T.);
#1948 = VERTEX_POINT('',#1949);
#1949 = CARTESIAN_POINT('',(1.7,0.25,2.25));
#1950 = LINE('',#1951,#1952);
#1951 = CARTESIAN_POINT('',(1.7,0.25,2.25));
#1952 = VECTOR('',#1953,1.);
#1953 = DIRECTION('',(0.,-1.,2.522426711947E-13));
#1954 = ORIENTED_EDGE('',*,*,#1955,.F.);
#1955 = EDGE_CURVE('',#1956,#1948,#1958,.T.);
#1956 = VERTEX_POINT('',#1957);
#1957 = CARTESIAN_POINT('',(1.3,0.25,2.25));
#1958 = LINE('',#1959,#1960);
#1959 = CARTESIAN_POINT('',(1.3,0.25,2.25));
#1960 = VECTOR('',#1961,1.);
#1961 = DIRECTION('',(1.,0.,0.));
#1962 = ORIENTED_EDGE('',*,*,#1963,.T.);
#1963 = EDGE_CURVE('',#1956,#1938,#1964,.T.);
#1964 = LINE('',#1965,#1966);
#1965 = CARTESIAN_POINT('',(1.3,0.25,2.25));
#1966 = VECTOR('',#1967,1.);
#1967 = DIRECTION('',(0.,-1.,2.522426711947E-13));
#1968 = PLANE('',#1969);
#1969 = AXIS2_PLACEMENT_3D('',#1970,#1971,#1972);
#1970 = CARTESIAN_POINT('',(1.5,0.125,2.25));
#1971 = DIRECTION('',(0.,-0.,-1.));
#1972 = DIRECTION('',(-1.,-0.,0.));
#1973 = ADVANCED_FACE('',(#1974),#1999,.T.);
#1974 = FACE_BOUND('',#1975,.T.);
#1975 = EDGE_LOOP('',(#1976,#1986,#1992,#1993));
#1976 = ORIENTED_EDGE('',*,*,#1977,.T.);
#1977 = EDGE_CURVE('',#1978,#1980,#1982,.T.);
#1978 = VERTEX_POINT('',#1979);
#1979 = CARTESIAN_POINT('',(1.3,-8.673617379884E-16,1.65));
#1980 = VERTEX_POINT('',#1981);
#1981 = CARTESIAN_POINT('',(1.7,-8.673617379884E-16,1.65));
#1982 = LINE('',#1983,#1984);
#1983 = CARTESIAN_POINT('',(1.3,-8.673617379884E-16,1.65));
#1984 = VECTOR('',#1985,1.);
#1985 = DIRECTION('',(1.,0.,0.));
#1986 = ORIENTED_EDGE('',*,*,#1987,.F.);
#1987 = EDGE_CURVE('',#1940,#1980,#1988,.T.);
#1988 = LINE('',#1989,#1990);
#1989 = CARTESIAN_POINT('',(1.7,-8.673617379884E-16,2.25));
#1990 = VECTOR('',#1991,1.);
#1991 = DIRECTION('',(0.,6.143234069593E-14,-1.));
#1992 = ORIENTED_EDGE('',*,*,#1937,.F.);
#1993 = ORIENTED_EDGE('',*,*,#1994,.T.);
#1994 = EDGE_CURVE('',#1938,#1978,#1995,.T.);
#1995 = LINE('',#1996,#1997);
#1996 = CARTESIAN_POINT('',(1.3,-8.673617379884E-16,2.25));
#1997 = VECTOR('',#1998,1.);
#1998 = DIRECTION('',(0.,6.143234069593E-14,-1.));
#1999 = PLANE('',#2000);
#2000 = AXIS2_PLACEMENT_3D('',#2001,#2002,#2003);
#2001 = CARTESIAN_POINT('',(1.5,-8.673617379884E-16,1.95));
#2002 = DIRECTION('',(0.,-1.,0.));
#2003 = DIRECTION('',(-1.,0.,0.));
#2004 = ADVANCED_FACE('',(#2005),#2030,.T.);
#2005 = FACE_BOUND('',#2006,.T.);
#2006 = EDGE_LOOP('',(#2007,#2015,#2016,#2024));
#2007 = ORIENTED_EDGE('',*,*,#2008,.F.);
#2008 = EDGE_CURVE('',#1980,#2009,#2011,.T.);
#2009 = VERTEX_POINT('',#2010);
#2010 = CARTESIAN_POINT('',(1.7,5.E-02,1.477333110405));
#2011 = LINE('',#2012,#2013);
#2012 = CARTESIAN_POINT('',(1.7,-8.673617379884E-16,1.65));
#2013 = VECTOR('',#2014,1.);
#2014 = DIRECTION('',(0.,0.278147794074,-0.960538289009));
#2015 = ORIENTED_EDGE('',*,*,#1977,.F.);
#2016 = ORIENTED_EDGE('',*,*,#2017,.T.);
#2017 = EDGE_CURVE('',#1978,#2018,#2020,.T.);
#2018 = VERTEX_POINT('',#2019);
#2019 = CARTESIAN_POINT('',(1.3,5.E-02,1.477333110405));
#2020 = LINE('',#2021,#2022);
#2021 = CARTESIAN_POINT('',(1.3,-8.673617379884E-16,1.65));
#2022 = VECTOR('',#2023,1.);
#2023 = DIRECTION('',(0.,0.278147794074,-0.960538289009));
#2024 = ORIENTED_EDGE('',*,*,#2025,.T.);
#2025 = EDGE_CURVE('',#2018,#2009,#2026,.T.);
#2026 = LINE('',#2027,#2028);
#2027 = CARTESIAN_POINT('',(1.3,5.E-02,1.477333110405));
#2028 = VECTOR('',#2029,1.);
#2029 = DIRECTION('',(1.,0.,0.));
#2030 = PLANE('',#2031);
#2031 = AXIS2_PLACEMENT_3D('',#2032,#2033,#2034);
#2032 = CARTESIAN_POINT('',(1.5,0.374865427748,0.355463051482));
#2033 = DIRECTION('',(0.,-0.960538289009,-0.278147794074));
#2034 = DIRECTION('',(-1.,-0.,0.));
#2035 = ADVANCED_FACE('',(#2036),#2049,.F.);
#2036 = FACE_BOUND('',#2037,.T.);
#2037 = EDGE_LOOP('',(#2038,#2039,#2040,#2041,#2042,#2043));
#2038 = ORIENTED_EDGE('',*,*,#1749,.T.);
#2039 = ORIENTED_EDGE('',*,*,#1781,.T.);
#2040 = ORIENTED_EDGE('',*,*,#1812,.T.);
#2041 = ORIENTED_EDGE('',*,*,#1843,.T.);
#2042 = ORIENTED_EDGE('',*,*,#1864,.T.);
#2043 = ORIENTED_EDGE('',*,*,#2044,.T.);
#2044 = EDGE_CURVE('',#1865,#1750,#2045,.T.);
#2045 = LINE('',#2046,#2047);
#2046 = CARTESIAN_POINT('',(1.7,2.871482281007,0.15));
#2047 = VECTOR('',#2048,1.);
#2048 = DIRECTION('',(0.,1.,0.));
#2049 = PLANE('',#2050);
#2050 = AXIS2_PLACEMENT_3D('',#2051,#2052,#2053);
#2051 = CARTESIAN_POINT('',(1.7,2.275070900416,0.475));
#2052 = DIRECTION('',(-1.,-0.,0.));
#2053 = DIRECTION('',(0.,-0.,-1.));
#2054 = ADVANCED_FACE('',(#2055),#2080,.F.);
#2055 = FACE_BOUND('',#2056,.T.);
#2056 = EDGE_LOOP('',(#2057,#2058,#2066,#2074));
#2057 = ORIENTED_EDGE('',*,*,#1914,.T.);
#2058 = ORIENTED_EDGE('',*,*,#2059,.F.);
#2059 = EDGE_CURVE('',#2060,#1907,#2062,.T.);
#2060 = VERTEX_POINT('',#2061);
#2061 = CARTESIAN_POINT('',(1.7,4.26,-1.1));
#2062 = LINE('',#2063,#2064);
#2063 = CARTESIAN_POINT('',(1.7,4.26,-1.1));
#2064 = VECTOR('',#2065,1.);
#2065 = DIRECTION('',(0.,-0.,-1.));
#2066 = ORIENTED_EDGE('',*,*,#2067,.T.);
#2067 = EDGE_CURVE('',#2060,#2068,#2070,.T.);
#2068 = VERTEX_POINT('',#2069);
#2069 = CARTESIAN_POINT('',(1.7,4.25,-1.1));
#2070 = LINE('',#2071,#2072);
#2071 = CARTESIAN_POINT('',(1.7,4.26,-1.1));
#2072 = VECTOR('',#2073,1.);
#2073 = DIRECTION('',(0.,-1.,0.));
#2074 = ORIENTED_EDGE('',*,*,#2075,.T.);
#2075 = EDGE_CURVE('',#2068,#1915,#2076,.T.);
#2076 = LINE('',#2077,#2078);
#2077 = CARTESIAN_POINT('',(1.7,4.25,-1.1));
#2078 = VECTOR('',#2079,1.);
#2079 = DIRECTION('',(0.,-0.,-1.));
#2080 = PLANE('',#2081);
#2081 = AXIS2_PLACEMENT_3D('',#2082,#2083,#2084);
#2082 = CARTESIAN_POINT('',(1.7,2.275070900416,0.475));
#2083 = DIRECTION('',(-1.,-0.,0.));
#2084 = DIRECTION('',(0.,-0.,-1.));
#2085 = ADVANCED_FACE('',(#2086),#2113,.F.);
#2086 = FACE_BOUND('',#2087,.T.);
#2087 = EDGE_LOOP('',(#2088,#2096,#2097,#2098,#2099,#2107));
#2088 = ORIENTED_EDGE('',*,*,#2089,.T.);
#2089 = EDGE_CURVE('',#2090,#1948,#2092,.T.);
#2090 = VERTEX_POINT('',#2091);
#2091 = CARTESIAN_POINT('',(1.7,0.25,1.8));
#2092 = LINE('',#2093,#2094);
#2093 = CARTESIAN_POINT('',(1.7,0.25,1.8));
#2094 = VECTOR('',#2095,1.);
#2095 = DIRECTION('',(-0.,1.322398980443E-13,1.));
#2096 = ORIENTED_EDGE('',*,*,#1947,.T.);
#2097 = ORIENTED_EDGE('',*,*,#1987,.T.);
#2098 = ORIENTED_EDGE('',*,*,#2008,.T.);
#2099 = ORIENTED_EDGE('',*,*,#2100,.F.);
#2100 = EDGE_CURVE('',#2101,#2009,#2103,.T.);
#2101 = VERTEX_POINT('',#2102);
#2102 = CARTESIAN_POINT('',(1.7,5.E-02,1.8));
#2103 = LINE('',#2104,#2105);
#2104 = CARTESIAN_POINT('',(1.7,5.E-02,1.8));
#2105 = VECTOR('',#2106,1.);
#2106 = DIRECTION('',(0.,-0.,-1.));
#2107 = ORIENTED_EDGE('',*,*,#2108,.F.);
#2108 = EDGE_CURVE('',#2090,#2101,#2109,.T.);
#2109 = LINE('',#2110,#2111);
#2110 = CARTESIAN_POINT('',(1.7,0.25,1.8));
#2111 = VECTOR('',#2112,1.);
#2112 = DIRECTION('',(0.,-1.,0.));
#2113 = PLANE('',#2114);
#2114 = AXIS2_PLACEMENT_3D('',#2115,#2116,#2117);
#2115 = CARTESIAN_POINT('',(1.7,2.275070900416,0.475));
#2116 = DIRECTION('',(-1.,-0.,0.));
#2117 = DIRECTION('',(0.,-0.,-1.));
#2118 = ADVANCED_FACE('',(#2119),#2137,.F.);
#2119 = FACE_BOUND('',#2120,.T.);
#2120 = EDGE_LOOP('',(#2121,#2129,#2130,#2131));
#2121 = ORIENTED_EDGE('',*,*,#2122,.T.);
#2122 = EDGE_CURVE('',#2123,#1956,#2125,.T.);
#2123 = VERTEX_POINT('',#2124);
#2124 = CARTESIAN_POINT('',(1.3,0.25,1.8));
#2125 = LINE('',#2126,#2127);
#2126 = CARTESIAN_POINT('',(1.3,0.25,1.8));
#2127 = VECTOR('',#2128,1.);
#2128 = DIRECTION('',(-0.,1.322398980443E-13,1.));
#2129 = ORIENTED_EDGE('',*,*,#1955,.T.);
#2130 = ORIENTED_EDGE('',*,*,#2089,.F.);
#2131 = ORIENTED_EDGE('',*,*,#2132,.T.);
#2132 = EDGE_CURVE('',#2090,#2123,#2133,.T.);
#2133 = LINE('',#2134,#2135);
#2134 = CARTESIAN_POINT('',(1.7,0.25,1.8));
#2135 = VECTOR('',#2136,1.);
#2136 = DIRECTION('',(-1.,-0.,0.));
#2137 = PLANE('',#2138);
#2138 = AXIS2_PLACEMENT_3D('',#2139,#2140,#2141);
#2139 = CARTESIAN_POINT('',(1.5,0.25,1.967734147022));
#2140 = DIRECTION('',(0.,-1.,0.));
#2141 = DIRECTION('',(-1.,0.,0.));
#2142 = ADVANCED_FACE('',(#2143),#2156,.T.);
#2143 = FACE_BOUND('',#2144,.T.);
#2144 = EDGE_LOOP('',(#2145,#2146,#2147,#2148,#2149,#2150));
#2145 = ORIENTED_EDGE('',*,*,#1873,.F.);
#2146 = ORIENTED_EDGE('',*,*,#1850,.F.);
#2147 = ORIENTED_EDGE('',*,*,#1819,.F.);
#2148 = ORIENTED_EDGE('',*,*,#1788,.F.);
#2149 = ORIENTED_EDGE('',*,*,#1731,.F.);
#2150 = ORIENTED_EDGE('',*,*,#2151,.F.);
#2151 = EDGE_CURVE('',#1874,#1732,#2152,.T.);
#2152 = LINE('',#2153,#2154);
#2153 = CARTESIAN_POINT('',(1.3,2.871482281007,0.15));
#2154 = VECTOR('',#2155,1.);
#2155 = DIRECTION('',(0.,1.,0.));
#2156 = PLANE('',#2157);
#2157 = AXIS2_PLACEMENT_3D('',#2158,#2159,#2160);
#2158 = CARTESIAN_POINT('',(1.3,2.275070900416,0.475));
#2159 = DIRECTION('',(-1.,-0.,0.));
#2160 = DIRECTION('',(0.,-0.,-1.));
#2161 = ADVANCED_FACE('',(#2162),#2187,.T.);
#2162 = FACE_BOUND('',#2163,.T.);
#2163 = EDGE_LOOP('',(#2164,#2174,#2180,#2181));
#2164 = ORIENTED_EDGE('',*,*,#2165,.F.);
#2165 = EDGE_CURVE('',#2166,#2168,#2170,.T.);
#2166 = VERTEX_POINT('',#2167);
#2167 = CARTESIAN_POINT('',(1.3,4.26,-1.1));
#2168 = VERTEX_POINT('',#2169);
#2169 = CARTESIAN_POINT('',(1.3,4.25,-1.1));
#2170 = LINE('',#2171,#2172);
#2171 = CARTESIAN_POINT('',(1.3,4.26,-1.1));
#2172 = VECTOR('',#2173,1.);
#2173 = DIRECTION('',(0.,-1.,0.));
#2174 = ORIENTED_EDGE('',*,*,#2175,.T.);
#2175 = EDGE_CURVE('',#2166,#1898,#2176,.T.);
#2176 = LINE('',#2177,#2178);
#2177 = CARTESIAN_POINT('',(1.3,4.26,-1.1));
#2178 = VECTOR('',#2179,1.);
#2179 = DIRECTION('',(0.,-0.,-1.));
#2180 = ORIENTED_EDGE('',*,*,#1895,.F.);
#2181 = ORIENTED_EDGE('',*,*,#2182,.F.);
#2182 = EDGE_CURVE('',#2168,#1896,#2183,.T.);
#2183 = LINE('',#2184,#2185);
#2184 = CARTESIAN_POINT('',(1.3,4.25,-1.1));
#2185 = VECTOR('',#2186,1.);
#2186 = DIRECTION('',(0.,-0.,-1.));
#2187 = PLANE('',#2188);
#2188 = AXIS2_PLACEMENT_3D('',#2189,#2190,#2191);
#2189 = CARTESIAN_POINT('',(1.3,2.275070900416,0.475));
#2190 = DIRECTION('',(-1.,-0.,0.));
#2191 = DIRECTION('',(0.,-0.,-1.));
#2192 = ADVANCED_FACE('',(#2193),#2213,.T.);
#2193 = FACE_BOUND('',#2194,.T.);
#2194 = EDGE_LOOP('',(#2195,#2203,#2204,#2205,#2206,#2207));
#2195 = ORIENTED_EDGE('',*,*,#2196,.T.);
#2196 = EDGE_CURVE('',#2197,#2018,#2199,.T.);
#2197 = VERTEX_POINT('',#2198);
#2198 = CARTESIAN_POINT('',(1.3,5.E-02,1.8));
#2199 = LINE('',#2200,#2201);
#2200 = CARTESIAN_POINT('',(1.3,5.E-02,1.8));
#2201 = VECTOR('',#2202,1.);
#2202 = DIRECTION('',(0.,-0.,-1.));
#2203 = ORIENTED_EDGE('',*,*,#2017,.F.);
#2204 = ORIENTED_EDGE('',*,*,#1994,.F.);
#2205 = ORIENTED_EDGE('',*,*,#1963,.F.);
#2206 = ORIENTED_EDGE('',*,*,#2122,.F.);
#2207 = ORIENTED_EDGE('',*,*,#2208,.T.);
#2208 = EDGE_CURVE('',#2123,#2197,#2209,.T.);
#2209 = LINE('',#2210,#2211);
#2210 = CARTESIAN_POINT('',(1.3,0.25,1.8));
#2211 = VECTOR('',#2212,1.);
#2212 = DIRECTION('',(0.,-1.,0.));
#2213 = PLANE('',#2214);
#2214 = AXIS2_PLACEMENT_3D('',#2215,#2216,#2217);
#2215 = CARTESIAN_POINT('',(1.3,2.275070900416,0.475));
#2216 = DIRECTION('',(-1.,-0.,0.));
#2217 = DIRECTION('',(0.,-0.,-1.));
#2218 = ADVANCED_FACE('',(#2219),#2253,.F.);
#2219 = FACE_BOUND('',#2220,.T.);
#2220 = EDGE_LOOP('',(#2221,#2231,#2239,#2247));
#2221 = ORIENTED_EDGE('',*,*,#2222,.T.);
#2222 = EDGE_CURVE('',#2223,#2225,#2227,.T.);
#2223 = VERTEX_POINT('',#2224);
#2224 = CARTESIAN_POINT('',(3.3,3.584875948641,0.15));
#2225 = VERTEX_POINT('',#2226);
#2226 = CARTESIAN_POINT('',(3.3,3.230836366114,0.274610685539));
#2227 = LINE('',#2228,#2229);
#2228 = CARTESIAN_POINT('',(3.3,3.584875948641,0.15));
#2229 = VECTOR('',#2230,1.);
#2230 = DIRECTION('',(0.,-0.943278015305,0.332003894317));
#2231 = ORIENTED_EDGE('',*,*,#2232,.T.);
#2232 = EDGE_CURVE('',#2225,#2233,#2235,.T.);
#2233 = VERTEX_POINT('',#2234);
#2234 = CARTESIAN_POINT('',(3.7,3.230836366114,0.274610685539));
#2235 = LINE('',#2236,#2237);
#2236 = CARTESIAN_POINT('',(3.3,3.230836366114,0.274610685539));
#2237 = VECTOR('',#2238,1.);
#2238 = DIRECTION('',(1.,0.,0.));
#2239 = ORIENTED_EDGE('',*,*,#2240,.F.);
#2240 = EDGE_CURVE('',#2241,#2233,#2243,.T.);
#2241 = VERTEX_POINT('',#2242);
#2242 = CARTESIAN_POINT('',(3.7,3.584875948641,0.15));
#2243 = LINE('',#2244,#2245);
#2244 = CARTESIAN_POINT('',(3.7,3.584875948641,0.15));
#2245 = VECTOR('',#2246,1.);
#2246 = DIRECTION('',(0.,-0.943278015305,0.332003894317));
#2247 = ORIENTED_EDGE('',*,*,#2248,.T.);
#2248 = EDGE_CURVE('',#2241,#2223,#2249,.T.);
#2249 = LINE('',#2250,#2251);
#2250 = CARTESIAN_POINT('',(3.7,3.584875948641,0.15));
#2251 = VECTOR('',#2252,1.);
#2252 = DIRECTION('',(-1.,-0.,0.));
#2253 = PLANE('',#2254);
#2254 = AXIS2_PLACEMENT_3D('',#2255,#2256,#2257);
#2255 = CARTESIAN_POINT('',(3.5,3.67331944871,0.118870697744));
#2256 = DIRECTION('',(0.,-0.332003894317,-0.943278015305));
#2257 = DIRECTION('',(-1.,-0.,0.));
#2258 = ADVANCED_FACE('',(#2259),#2284,.F.);
#2259 = FACE_BOUND('',#2260,.T.);
#2260 = EDGE_LOOP('',(#2261,#2271,#2277,#2278));
#2261 = ORIENTED_EDGE('',*,*,#2262,.T.);
#2262 = EDGE_CURVE('',#2263,#2265,#2267,.T.);
#2263 = VERTEX_POINT('',#2264);
#2264 = CARTESIAN_POINT('',(3.3,2.5,0.6));
#2265 = VERTEX_POINT('',#2266);
#2266 = CARTESIAN_POINT('',(3.7,2.5,0.6));
#2267 = LINE('',#2268,#2269);
#2268 = CARTESIAN_POINT('',(3.3,2.5,0.6));
#2269 = VECTOR('',#2270,1.);
#2270 = DIRECTION('',(1.,0.,0.));
#2271 = ORIENTED_EDGE('',*,*,#2272,.F.);
#2272 = EDGE_CURVE('',#2233,#2265,#2273,.T.);
#2273 = LINE('',#2274,#2275);
#2274 = CARTESIAN_POINT('',(3.7,3.230836366114,0.274610685539));
#2275 = VECTOR('',#2276,1.);
#2276 = DIRECTION('',(0.,-0.913545457643,0.406736643076));
#2277 = ORIENTED_EDGE('',*,*,#2232,.F.);
#2278 = ORIENTED_EDGE('',*,*,#2279,.T.);
#2279 = EDGE_CURVE('',#2225,#2263,#2280,.T.);
#2280 = LINE('',#2281,#2282);
#2281 = CARTESIAN_POINT('',(3.3,3.230836366114,0.274610685539));
#2282 = VECTOR('',#2283,1.);
#2283 = DIRECTION('',(0.,-0.913545457643,0.406736643076));
#2284 = PLANE('',#2285);
#2285 = AXIS2_PLACEMENT_3D('',#2286,#2287,#2288);
#2286 = CARTESIAN_POINT('',(3.5,2.865418183057,0.43730534277));
#2287 = DIRECTION('',(0.,-0.406736643076,-0.913545457642));
#2288 = DIRECTION('',(-1.,-0.,0.));
#2289 = ADVANCED_FACE('',(#2290),#2315,.F.);
#2290 = FACE_BOUND('',#2291,.T.);
#2291 = EDGE_LOOP('',(#2292,#2302,#2308,#2309));
#2292 = ORIENTED_EDGE('',*,*,#2293,.T.);
#2293 = EDGE_CURVE('',#2294,#2296,#2298,.T.);
#2294 = VERTEX_POINT('',#2295);
#2295 = CARTESIAN_POINT('',(3.3,2.43527864045,0.552977179817));
#2296 = VERTEX_POINT('',#2297);
#2297 = CARTESIAN_POINT('',(3.7,2.43527864045,0.552977179817));
#2298 = LINE('',#2299,#2300);
#2299 = CARTESIAN_POINT('',(3.3,2.43527864045,0.552977179817));
#2300 = VECTOR('',#2301,1.);
#2301 = DIRECTION('',(1.,0.,0.));
#2302 = ORIENTED_EDGE('',*,*,#2303,.F.);
#2303 = EDGE_CURVE('',#2265,#2296,#2304,.T.);
#2304 = LINE('',#2305,#2306);
#2305 = CARTESIAN_POINT('',(3.7,2.5,0.6));
#2306 = VECTOR('',#2307,1.);
#2307 = DIRECTION('',(0.,-0.809016994375,-0.587785252293));
#2308 = ORIENTED_EDGE('',*,*,#2262,.F.);
#2309 = ORIENTED_EDGE('',*,*,#2310,.T.);
#2310 = EDGE_CURVE('',#2263,#2294,#2311,.T.);
#2311 = LINE('',#2312,#2313);
#2312 = CARTESIAN_POINT('',(3.3,2.5,0.6));
#2313 = VECTOR('',#2314,1.);
#2314 = DIRECTION('',(0.,-0.809016994375,-0.587785252293));
#2315 = PLANE('',#2316);
#2316 = AXIS2_PLACEMENT_3D('',#2317,#2318,#2319);
#2317 = CARTESIAN_POINT('',(3.5,2.467639320225,0.576488589908));
#2318 = DIRECTION('',(0.,0.587785252293,-0.809016994375));
#2319 = DIRECTION('',(1.,0.,0.));
#2320 = ADVANCED_FACE('',(#2321),#2346,.T.);
#2321 = FACE_BOUND('',#2322,.T.);
#2322 = EDGE_LOOP('',(#2323,#2333,#2339,#2340));
#2323 = ORIENTED_EDGE('',*,*,#2324,.T.);
#2324 = EDGE_CURVE('',#2325,#2327,#2329,.T.);
#2325 = VERTEX_POINT('',#2326);
#2326 = CARTESIAN_POINT('',(3.3,2.357706654495,0.378747646736));
#2327 = VERTEX_POINT('',#2328);
#2328 = CARTESIAN_POINT('',(3.7,2.357706654495,0.378747646736));
#2329 = LINE('',#2330,#2331);
#2330 = CARTESIAN_POINT('',(3.3,2.357706654495,0.378747646736));
#2331 = VECTOR('',#2332,1.);
#2332 = DIRECTION('',(1.,0.,0.));
#2333 = ORIENTED_EDGE('',*,*,#2334,.F.);
#2334 = EDGE_CURVE('',#2296,#2327,#2335,.T.);
#2335 = LINE('',#2336,#2337);
#2336 = CARTESIAN_POINT('',(3.7,2.43527864045,0.552977179817));
#2337 = VECTOR('',#2338,1.);
#2338 = DIRECTION('',(0.,-0.406736643075,-0.913545457643));
#2339 = ORIENTED_EDGE('',*,*,#2293,.F.);
#2340 = ORIENTED_EDGE('',*,*,#2341,.T.);
#2341 = EDGE_CURVE('',#2294,#2325,#2342,.T.);
#2342 = LINE('',#2343,#2344);
#2343 = CARTESIAN_POINT('',(3.3,2.43527864045,0.552977179817));
#2344 = VECTOR('',#2345,1.);
#2345 = DIRECTION('',(0.,-0.406736643075,-0.913545457643));
#2346 = PLANE('',#2347);
#2347 = AXIS2_PLACEMENT_3D('',#2348,#2349,#2350);
#2348 = CARTESIAN_POINT('',(3.5,2.396492647472,0.465862413276));
#2349 = DIRECTION('',(0.,-0.913545457643,0.406736643076));
#2350 = DIRECTION('',(1.,0.,0.));
#2351 = ADVANCED_FACE('',(#2352),#2377,.T.);
#2352 = FACE_BOUND('',#2353,.T.);
#2353 = EDGE_LOOP('',(#2354,#2362,#2363,#2371));
#2354 = ORIENTED_EDGE('',*,*,#2355,.F.);
#2355 = EDGE_CURVE('',#2327,#2356,#2358,.T.);
#2356 = VERTEX_POINT('',#2357);
#2357 = CARTESIAN_POINT('',(3.7,2.871482281007,0.15));
#2358 = LINE('',#2359,#2360);
#2359 = CARTESIAN_POINT('',(3.7,2.357706654495,0.378747646736));
#2360 = VECTOR('',#2361,1.);
#2361 = DIRECTION('',(0.,0.913545457642,-0.406736643076));
#2362 = ORIENTED_EDGE('',*,*,#2324,.F.);
#2363 = ORIENTED_EDGE('',*,*,#2364,.T.);
#2364 = EDGE_CURVE('',#2325,#2365,#2367,.T.);
#2365 = VERTEX_POINT('',#2366);
#2366 = CARTESIAN_POINT('',(3.3,2.871482281007,0.15));
#2367 = LINE('',#2368,#2369);
#2368 = CARTESIAN_POINT('',(3.3,2.357706654495,0.378747646736));
#2369 = VECTOR('',#2370,1.);
#2370 = DIRECTION('',(0.,0.913545457642,-0.406736643076));
#2371 = ORIENTED_EDGE('',*,*,#2372,.T.);
#2372 = EDGE_CURVE('',#2365,#2356,#2373,.T.);
#2373 = LINE('',#2374,#2375);
#2374 = CARTESIAN_POINT('',(3.3,2.871482281007,0.15));
#2375 = VECTOR('',#2376,1.);
#2376 = DIRECTION('',(1.,0.,0.));
#2377 = PLANE('',#2378);
#2378 = AXIS2_PLACEMENT_3D('',#2379,#2380,#2381);
#2379 = CARTESIAN_POINT('',(3.5,2.6893383804,0.231095689404));
#2380 = DIRECTION('',(0.,-0.406736643076,-0.913545457643));
#2381 = DIRECTION('',(-1.,-0.,0.));
#2382 = ADVANCED_FACE('',(#2383),#2419,.T.);
#2383 = FACE_BOUND('',#2384,.T.);
#2384 = EDGE_LOOP('',(#2385,#2396,#2404,#2413));
#2385 = ORIENTED_EDGE('',*,*,#2386,.T.);
#2386 = EDGE_CURVE('',#2387,#2389,#2391,.T.);
#2387 = VERTEX_POINT('',#2388);
#2388 = CARTESIAN_POINT('',(3.3,4.25,-1.197722557505));
#2389 = VERTEX_POINT('',#2390);
#2390 = CARTESIAN_POINT('',(3.3,4.26,-1.191202365109));
#2391 = CIRCLE('',#2392,0.65);
#2392 = AXIS2_PLACEMENT_3D('',#2393,#2394,#2395);
#2393 = CARTESIAN_POINT('',(3.3,3.9,-0.65));
#2394 = DIRECTION('',(1.,0.,0.));
#2395 = DIRECTION('',(0.,0.538461538462,-0.84265008847));
#2396 = ORIENTED_EDGE('',*,*,#2397,.T.);
#2397 = EDGE_CURVE('',#2389,#2398,#2400,.T.);
#2398 = VERTEX_POINT('',#2399);
#2399 = CARTESIAN_POINT('',(3.7,4.26,-1.191202365109));
#2400 = LINE('',#2401,#2402);
#2401 = CARTESIAN_POINT('',(3.3,4.26,-1.191202365109));
#2402 = VECTOR('',#2403,1.);
#2403 = DIRECTION('',(1.,0.,0.));
#2404 = ORIENTED_EDGE('',*,*,#2405,.F.);
#2405 = EDGE_CURVE('',#2406,#2398,#2408,.T.);
#2406 = VERTEX_POINT('',#2407);
#2407 = CARTESIAN_POINT('',(3.7,4.25,-1.197722557505));
#2408 = CIRCLE('',#2409,0.65);
#2409 = AXIS2_PLACEMENT_3D('',#2410,#2411,#2412);
#2410 = CARTESIAN_POINT('',(3.7,3.9,-0.65));
#2411 = DIRECTION('',(1.,0.,0.));
#2412 = DIRECTION('',(0.,0.538461538462,-0.84265008847));
#2413 = ORIENTED_EDGE('',*,*,#2414,.F.);
#2414 = EDGE_CURVE('',#2387,#2406,#2415,.T.);
#2415 = LINE('',#2416,#2417);
#2416 = CARTESIAN_POINT('',(3.3,4.25,-1.197722557505));
#2417 = VECTOR('',#2418,1.);
#2418 = DIRECTION('',(1.,0.,0.));
#2419 = CYLINDRICAL_SURFACE('',#2420,0.65);
#2420 = AXIS2_PLACEMENT_3D('',#2421,#2422,#2423);
#2421 = CARTESIAN_POINT('',(3.292,3.9,-0.65));
#2422 = DIRECTION('',(1.,0.,0.));
#2423 = DIRECTION('',(0.,0.,-1.));
#2424 = ADVANCED_FACE('',(#2425),#2459,.F.);
#2425 = FACE_BOUND('',#2426,.T.);
#2426 = EDGE_LOOP('',(#2427,#2437,#2445,#2453));
#2427 = ORIENTED_EDGE('',*,*,#2428,.T.);
#2428 = EDGE_CURVE('',#2429,#2431,#2433,.T.);
#2429 = VERTEX_POINT('',#2430);
#2430 = CARTESIAN_POINT('',(3.3,-8.673617379884E-16,2.25));
#2431 = VERTEX_POINT('',#2432);
#2432 = CARTESIAN_POINT('',(3.7,-8.673617379884E-16,2.25));
#2433 = LINE('',#2434,#2435);
#2434 = CARTESIAN_POINT('',(3.3,-8.673617379884E-16,2.25));
#2435 = VECTOR('',#2436,1.);
#2436 = DIRECTION('',(1.,0.,0.));
#2437 = ORIENTED_EDGE('',*,*,#2438,.F.);
#2438 = EDGE_CURVE('',#2439,#2431,#2441,.T.);
#2439 = VERTEX_POINT('',#2440);
#2440 = CARTESIAN_POINT('',(3.7,0.25,2.25));
#2441 = LINE('',#2442,#2443);
#2442 = CARTESIAN_POINT('',(3.7,0.25,2.25));
#2443 = VECTOR('',#2444,1.);
#2444 = DIRECTION('',(0.,-1.,2.522426711947E-13));
#2445 = ORIENTED_EDGE('',*,*,#2446,.F.);
#2446 = EDGE_CURVE('',#2447,#2439,#2449,.T.);
#2447 = VERTEX_POINT('',#2448);
#2448 = CARTESIAN_POINT('',(3.3,0.25,2.25));
#2449 = LINE('',#2450,#2451);
#2450 = CARTESIAN_POINT('',(3.3,0.25,2.25));
#2451 = VECTOR('',#2452,1.);
#2452 = DIRECTION('',(1.,0.,0.));
#2453 = ORIENTED_EDGE('',*,*,#2454,.T.);
#2454 = EDGE_CURVE('',#2447,#2429,#2455,.T.);
#2455 = LINE('',#2456,#2457);
#2456 = CARTESIAN_POINT('',(3.3,0.25,2.25));
#2457 = VECTOR('',#2458,1.);
#2458 = DIRECTION('',(0.,-1.,2.522426711947E-13));
#2459 = PLANE('',#2460);
#2460 = AXIS2_PLACEMENT_3D('',#2461,#2462,#2463);
#2461 = CARTESIAN_POINT('',(3.5,0.125,2.25));
#2462 = DIRECTION('',(0.,-0.,-1.));
#2463 = DIRECTION('',(-1.,-0.,0.));
#2464 = ADVANCED_FACE('',(#2465),#2490,.T.);
#2465 = FACE_BOUND('',#2466,.T.);
#2466 = EDGE_LOOP('',(#2467,#2477,#2483,#2484));
#2467 = ORIENTED_EDGE('',*,*,#2468,.T.);
#2468 = EDGE_CURVE('',#2469,#2471,#2473,.T.);
#2469 = VERTEX_POINT('',#2470);
#2470 = CARTESIAN_POINT('',(3.3,-8.673617379884E-16,1.65));
#2471 = VERTEX_POINT('',#2472);
#2472 = CARTESIAN_POINT('',(3.7,-8.673617379884E-16,1.65));
#2473 = LINE('',#2474,#2475);
#2474 = CARTESIAN_POINT('',(3.3,-8.673617379884E-16,1.65));
#2475 = VECTOR('',#2476,1.);
#2476 = DIRECTION('',(1.,0.,0.));
#2477 = ORIENTED_EDGE('',*,*,#2478,.F.);
#2478 = EDGE_CURVE('',#2431,#2471,#2479,.T.);
#2479 = LINE('',#2480,#2481);
#2480 = CARTESIAN_POINT('',(3.7,-8.673617379884E-16,2.25));
#2481 = VECTOR('',#2482,1.);
#2482 = DIRECTION('',(0.,6.143234069593E-14,-1.));
#2483 = ORIENTED_EDGE('',*,*,#2428,.F.);
#2484 = ORIENTED_EDGE('',*,*,#2485,.T.);
#2485 = EDGE_CURVE('',#2429,#2469,#2486,.T.);
#2486 = LINE('',#2487,#2488);
#2487 = CARTESIAN_POINT('',(3.3,-8.673617379884E-16,2.25));
#2488 = VECTOR('',#2489,1.);
#2489 = DIRECTION('',(0.,6.143234069593E-14,-1.));
#2490 = PLANE('',#2491);
#2491 = AXIS2_PLACEMENT_3D('',#2492,#2493,#2494);
#2492 = CARTESIAN_POINT('',(3.5,-8.673617379884E-16,1.95));
#2493 = DIRECTION('',(0.,-1.,0.));
#2494 = DIRECTION('',(-1.,0.,0.));
#2495 = ADVANCED_FACE('',(#2496),#2521,.T.);
#2496 = FACE_BOUND('',#2497,.T.);
#2497 = EDGE_LOOP('',(#2498,#2506,#2507,#2515));
#2498 = ORIENTED_EDGE('',*,*,#2499,.F.);
#2499 = EDGE_CURVE('',#2471,#2500,#2502,.T.);
#2500 = VERTEX_POINT('',#2501);
#2501 = CARTESIAN_POINT('',(3.7,5.E-02,1.477333110405));
#2502 = LINE('',#2503,#2504);
#2503 = CARTESIAN_POINT('',(3.7,-8.673617379884E-16,1.65));
#2504 = VECTOR('',#2505,1.);
#2505 = DIRECTION('',(0.,0.278147794074,-0.960538289009));
#2506 = ORIENTED_EDGE('',*,*,#2468,.F.);
#2507 = ORIENTED_EDGE('',*,*,#2508,.T.);
#2508 = EDGE_CURVE('',#2469,#2509,#2511,.T.);
#2509 = VERTEX_POINT('',#2510);
#2510 = CARTESIAN_POINT('',(3.3,5.E-02,1.477333110405));
#2511 = LINE('',#2512,#2513);
#2512 = CARTESIAN_POINT('',(3.3,-8.673617379884E-16,1.65));
#2513 = VECTOR('',#2514,1.);
#2514 = DIRECTION('',(0.,0.278147794074,-0.960538289009));
#2515 = ORIENTED_EDGE('',*,*,#2516,.T.);
#2516 = EDGE_CURVE('',#2509,#2500,#2517,.T.);
#2517 = LINE('',#2518,#2519);
#2518 = CARTESIAN_POINT('',(3.3,5.E-02,1.477333110405));
#2519 = VECTOR('',#2520,1.);
#2520 = DIRECTION('',(1.,0.,0.));
#2521 = PLANE('',#2522);
#2522 = AXIS2_PLACEMENT_3D('',#2523,#2524,#2525);
#2523 = CARTESIAN_POINT('',(3.5,0.374865427748,0.355463051482));
#2524 = DIRECTION('',(0.,-0.960538289009,-0.278147794074));
#2525 = DIRECTION('',(-1.,-0.,0.));
#2526 = ADVANCED_FACE('',(#2527),#2540,.F.);
#2527 = FACE_BOUND('',#2528,.T.);
#2528 = EDGE_LOOP('',(#2529,#2530,#2531,#2532,#2533,#2534));
#2529 = ORIENTED_EDGE('',*,*,#2240,.T.);
#2530 = ORIENTED_EDGE('',*,*,#2272,.T.);
#2531 = ORIENTED_EDGE('',*,*,#2303,.T.);
#2532 = ORIENTED_EDGE('',*,*,#2334,.T.);
#2533 = ORIENTED_EDGE('',*,*,#2355,.T.);
#2534 = ORIENTED_EDGE('',*,*,#2535,.T.);
#2535 = EDGE_CURVE('',#2356,#2241,#2536,.T.);
#2536 = LINE('',#2537,#2538);
#2537 = CARTESIAN_POINT('',(3.7,2.871482281007,0.15));
#2538 = VECTOR('',#2539,1.);
#2539 = DIRECTION('',(0.,1.,0.));
#2540 = PLANE('',#2541);
#2541 = AXIS2_PLACEMENT_3D('',#2542,#2543,#2544);
#2542 = CARTESIAN_POINT('',(3.7,2.275070900416,0.475));
#2543 = DIRECTION('',(-1.,-0.,0.));
#2544 = DIRECTION('',(0.,-0.,-1.));
#2545 = ADVANCED_FACE('',(#2546),#2571,.F.);
#2546 = FACE_BOUND('',#2547,.T.);
#2547 = EDGE_LOOP('',(#2548,#2549,#2557,#2565));
#2548 = ORIENTED_EDGE('',*,*,#2405,.T.);
#2549 = ORIENTED_EDGE('',*,*,#2550,.F.);
#2550 = EDGE_CURVE('',#2551,#2398,#2553,.T.);
#2551 = VERTEX_POINT('',#2552);
#2552 = CARTESIAN_POINT('',(3.7,4.26,-1.1));
#2553 = LINE('',#2554,#2555);
#2554 = CARTESIAN_POINT('',(3.7,4.26,-1.1));
#2555 = VECTOR('',#2556,1.);
#2556 = DIRECTION('',(0.,-0.,-1.));
#2557 = ORIENTED_EDGE('',*,*,#2558,.T.);
#2558 = EDGE_CURVE('',#2551,#2559,#2561,.T.);
#2559 = VERTEX_POINT('',#2560);
#2560 = CARTESIAN_POINT('',(3.7,4.25,-1.1));
#2561 = LINE('',#2562,#2563);
#2562 = CARTESIAN_POINT('',(3.7,4.26,-1.1));
#2563 = VECTOR('',#2564,1.);
#2564 = DIRECTION('',(0.,-1.,0.));
#2565 = ORIENTED_EDGE('',*,*,#2566,.T.);
#2566 = EDGE_CURVE('',#2559,#2406,#2567,.T.);
#2567 = LINE('',#2568,#2569);
#2568 = CARTESIAN_POINT('',(3.7,4.25,-1.1));
#2569 = VECTOR('',#2570,1.);
#2570 = DIRECTION('',(0.,-0.,-1.));
#2571 = PLANE('',#2572);
#2572 = AXIS2_PLACEMENT_3D('',#2573,#2574,#2575);
#2573 = CARTESIAN_POINT('',(3.7,2.275070900416,0.475));
#2574 = DIRECTION('',(-1.,-0.,0.));
#2575 = DIRECTION('',(0.,-0.,-1.));
#2576 = ADVANCED_FACE('',(#2577),#2604,.F.);
#2577 = FACE_BOUND('',#2578,.T.);
#2578 = EDGE_LOOP('',(#2579,#2587,#2588,#2589,#2590,#2598));
#2579 = ORIENTED_EDGE('',*,*,#2580,.T.);
#2580 = EDGE_CURVE('',#2581,#2439,#2583,.T.);
#2581 = VERTEX_POINT('',#2582);
#2582 = CARTESIAN_POINT('',(3.7,0.25,1.8));
#2583 = LINE('',#2584,#2585);
#2584 = CARTESIAN_POINT('',(3.7,0.25,1.8));
#2585 = VECTOR('',#2586,1.);
#2586 = DIRECTION('',(-0.,1.322398980443E-13,1.));
#2587 = ORIENTED_EDGE('',*,*,#2438,.T.);
#2588 = ORIENTED_EDGE('',*,*,#2478,.T.);
#2589 = ORIENTED_EDGE('',*,*,#2499,.T.);
#2590 = ORIENTED_EDGE('',*,*,#2591,.F.);
#2591 = EDGE_CURVE('',#2592,#2500,#2594,.T.);
#2592 = VERTEX_POINT('',#2593);
#2593 = CARTESIAN_POINT('',(3.7,5.E-02,1.8));
#2594 = LINE('',#2595,#2596);
#2595 = CARTESIAN_POINT('',(3.7,5.E-02,1.8));
#2596 = VECTOR('',#2597,1.);
#2597 = DIRECTION('',(0.,-0.,-1.));
#2598 = ORIENTED_EDGE('',*,*,#2599,.F.);
#2599 = EDGE_CURVE('',#2581,#2592,#2600,.T.);
#2600 = LINE('',#2601,#2602);
#2601 = CARTESIAN_POINT('',(3.7,0.25,1.8));
#2602 = VECTOR('',#2603,1.);
#2603 = DIRECTION('',(0.,-1.,0.));
#2604 = PLANE('',#2605);
#2605 = AXIS2_PLACEMENT_3D('',#2606,#2607,#2608);
#2606 = CARTESIAN_POINT('',(3.7,2.275070900416,0.475));
#2607 = DIRECTION('',(-1.,-0.,0.));
#2608 = DIRECTION('',(0.,-0.,-1.));
#2609 = ADVANCED_FACE('',(#2610),#2628,.F.);
#2610 = FACE_BOUND('',#2611,.T.);
#2611 = EDGE_LOOP('',(#2612,#2620,#2621,#2622));
#2612 = ORIENTED_EDGE('',*,*,#2613,.T.);
#2613 = EDGE_CURVE('',#2614,#2447,#2616,.T.);
#2614 = VERTEX_POINT('',#2615);
#2615 = CARTESIAN_POINT('',(3.3,0.25,1.8));
#2616 = LINE('',#2617,#2618);
#2617 = CARTESIAN_POINT('',(3.3,0.25,1.8));
#2618 = VECTOR('',#2619,1.);
#2619 = DIRECTION('',(-0.,1.322398980443E-13,1.));
#2620 = ORIENTED_EDGE('',*,*,#2446,.T.);
#2621 = ORIENTED_EDGE('',*,*,#2580,.F.);
#2622 = ORIENTED_EDGE('',*,*,#2623,.T.);
#2623 = EDGE_CURVE('',#2581,#2614,#2624,.T.);
#2624 = LINE('',#2625,#2626);
#2625 = CARTESIAN_POINT('',(3.7,0.25,1.8));
#2626 = VECTOR('',#2627,1.);
#2627 = DIRECTION('',(-1.,-0.,0.));
#2628 = PLANE('',#2629);
#2629 = AXIS2_PLACEMENT_3D('',#2630,#2631,#2632);
#2630 = CARTESIAN_POINT('',(3.5,0.25,1.967734147022));
#2631 = DIRECTION('',(0.,-1.,0.));
#2632 = DIRECTION('',(-1.,0.,0.));
#2633 = ADVANCED_FACE('',(#2634),#2647,.T.);
#2634 = FACE_BOUND('',#2635,.T.);
#2635 = EDGE_LOOP('',(#2636,#2637,#2638,#2639,#2640,#2641));
#2636 = ORIENTED_EDGE('',*,*,#2364,.F.);
#2637 = ORIENTED_EDGE('',*,*,#2341,.F.);
#2638 = ORIENTED_EDGE('',*,*,#2310,.F.);
#2639 = ORIENTED_EDGE('',*,*,#2279,.F.);
#2640 = ORIENTED_EDGE('',*,*,#2222,.F.);
#2641 = ORIENTED_EDGE('',*,*,#2642,.F.);
#2642 = EDGE_CURVE('',#2365,#2223,#2643,.T.);
#2643 = LINE('',#2644,#2645);
#2644 = CARTESIAN_POINT('',(3.3,2.871482281007,0.15));
#2645 = VECTOR('',#2646,1.);
#2646 = DIRECTION('',(0.,1.,0.));
#2647 = PLANE('',#2648);
#2648 = AXIS2_PLACEMENT_3D('',#2649,#2650,#2651);
#2649 = CARTESIAN_POINT('',(3.3,2.275070900416,0.475));
#2650 = DIRECTION('',(-1.,-0.,0.));
#2651 = DIRECTION('',(0.,-0.,-1.));
#2652 = ADVANCED_FACE('',(#2653),#2678,.T.);
#2653 = FACE_BOUND('',#2654,.T.);
#2654 = EDGE_LOOP('',(#2655,#2665,#2671,#2672));
#2655 = ORIENTED_EDGE('',*,*,#2656,.F.);
#2656 = EDGE_CURVE('',#2657,#2659,#2661,.T.);
#2657 = VERTEX_POINT('',#2658);
#2658 = CARTESIAN_POINT('',(3.3,4.26,-1.1));
#2659 = VERTEX_POINT('',#2660);
#2660 = CARTESIAN_POINT('',(3.3,4.25,-1.1));
#2661 = LINE('',#2662,#2663);
#2662 = CARTESIAN_POINT('',(3.3,4.26,-1.1));
#2663 = VECTOR('',#2664,1.);
#2664 = DIRECTION('',(0.,-1.,0.));
#2665 = ORIENTED_EDGE('',*,*,#2666,.T.);
#2666 = EDGE_CURVE('',#2657,#2389,#2667,.T.);
#2667 = LINE('',#2668,#2669);
#2668 = CARTESIAN_POINT('',(3.3,4.26,-1.1));
#2669 = VECTOR('',#2670,1.);
#2670 = DIRECTION('',(0.,-0.,-1.));
#2671 = ORIENTED_EDGE('',*,*,#2386,.F.);
#2672 = ORIENTED_EDGE('',*,*,#2673,.F.);
#2673 = EDGE_CURVE('',#2659,#2387,#2674,.T.);
#2674 = LINE('',#2675,#2676);
#2675 = CARTESIAN_POINT('',(3.3,4.25,-1.1));
#2676 = VECTOR('',#2677,1.);
#2677 = DIRECTION('',(0.,-0.,-1.));
#2678 = PLANE('',#2679);
#2679 = AXIS2_PLACEMENT_3D('',#2680,#2681,#2682);
#2680 = CARTESIAN_POINT('',(3.3,2.275070900416,0.475));
#2681 = DIRECTION('',(-1.,-0.,0.));
#2682 = DIRECTION('',(0.,-0.,-1.));
#2683 = ADVANCED_FACE('',(#2684),#2704,.T.);
#2684 = FACE_BOUND('',#2685,.T.);
#2685 = EDGE_LOOP('',(#2686,#2694,#2695,#2696,#2697,#2698));
#2686 = ORIENTED_EDGE('',*,*,#2687,.T.);
#2687 = EDGE_CURVE('',#2688,#2509,#2690,.T.);
#2688 = VERTEX_POINT('',#2689);
#2689 = CARTESIAN_POINT('',(3.3,5.E-02,1.8));
#2690 = LINE('',#2691,#2692);
#2691 = CARTESIAN_POINT('',(3.3,5.E-02,1.8));
#2692 = VECTOR('',#2693,1.);
#2693 = DIRECTION('',(0.,-0.,-1.));
#2694 = ORIENTED_EDGE('',*,*,#2508,.F.);
#2695 = ORIENTED_EDGE('',*,*,#2485,.F.);
#2696 = ORIENTED_EDGE('',*,*,#2454,.F.);
#2697 = ORIENTED_EDGE('',*,*,#2613,.F.);
#2698 = ORIENTED_EDGE('',*,*,#2699,.T.);
#2699 = EDGE_CURVE('',#2614,#2688,#2700,.T.);
#2700 = LINE('',#2701,#2702);
#2701 = CARTESIAN_POINT('',(3.3,0.25,1.8));
#2702 = VECTOR('',#2703,1.);
#2703 = DIRECTION('',(0.,-1.,0.));
#2704 = PLANE('',#2705);
#2705 = AXIS2_PLACEMENT_3D('',#2706,#2707,#2708);
#2706 = CARTESIAN_POINT('',(3.3,2.275070900416,0.475));
#2707 = DIRECTION('',(-1.,-0.,0.));
#2708 = DIRECTION('',(0.,-0.,-1.));
#2709 = ADVANCED_FACE('',(#2710),#2744,.F.);
#2710 = FACE_BOUND('',#2711,.T.);
#2711 = EDGE_LOOP('',(#2712,#2722,#2730,#2738));
#2712 = ORIENTED_EDGE('',*,*,#2713,.T.);
#2713 = EDGE_CURVE('',#2714,#2716,#2718,.T.);
#2714 = VERTEX_POINT('',#2715);
#2715 = CARTESIAN_POINT('',(5.3,3.584875948641,0.15));
#2716 = VERTEX_POINT('',#2717);
#2717 = CARTESIAN_POINT('',(5.3,3.230836366114,0.274610685539));
#2718 = LINE('',#2719,#2720);
#2719 = CARTESIAN_POINT('',(5.3,3.584875948641,0.15));
#2720 = VECTOR('',#2721,1.);
#2721 = DIRECTION('',(0.,-0.943278015305,0.332003894317));
#2722 = ORIENTED_EDGE('',*,*,#2723,.T.);
#2723 = EDGE_CURVE('',#2716,#2724,#2726,.T.);
#2724 = VERTEX_POINT('',#2725);
#2725 = CARTESIAN_POINT('',(5.7,3.230836366114,0.274610685539));
#2726 = LINE('',#2727,#2728);
#2727 = CARTESIAN_POINT('',(5.3,3.230836366114,0.274610685539));
#2728 = VECTOR('',#2729,1.);
#2729 = DIRECTION('',(1.,0.,0.));
#2730 = ORIENTED_EDGE('',*,*,#2731,.F.);
#2731 = EDGE_CURVE('',#2732,#2724,#2734,.T.);
#2732 = VERTEX_POINT('',#2733);
#2733 = CARTESIAN_POINT('',(5.7,3.584875948641,0.15));
#2734 = LINE('',#2735,#2736);
#2735 = CARTESIAN_POINT('',(5.7,3.584875948641,0.15));
#2736 = VECTOR('',#2737,1.);
#2737 = DIRECTION('',(0.,-0.943278015305,0.332003894317));
#2738 = ORIENTED_EDGE('',*,*,#2739,.T.);
#2739 = EDGE_CURVE('',#2732,#2714,#2740,.T.);
#2740 = LINE('',#2741,#2742);
#2741 = CARTESIAN_POINT('',(5.7,3.584875948641,0.15));
#2742 = VECTOR('',#2743,1.);
#2743 = DIRECTION('',(-1.,-0.,0.));
#2744 = PLANE('',#2745);
#2745 = AXIS2_PLACEMENT_3D('',#2746,#2747,#2748);
#2746 = CARTESIAN_POINT('',(5.5,3.67331944871,0.118870697744));
#2747 = DIRECTION('',(0.,-0.332003894317,-0.943278015305));
#2748 = DIRECTION('',(-1.,-0.,0.));
#2749 = ADVANCED_FACE('',(#2750),#2775,.F.);
#2750 = FACE_BOUND('',#2751,.T.);
#2751 = EDGE_LOOP('',(#2752,#2762,#2768,#2769));
#2752 = ORIENTED_EDGE('',*,*,#2753,.T.);
#2753 = EDGE_CURVE('',#2754,#2756,#2758,.T.);
#2754 = VERTEX_POINT('',#2755);
#2755 = CARTESIAN_POINT('',(5.3,2.5,0.6));
#2756 = VERTEX_POINT('',#2757);
#2757 = CARTESIAN_POINT('',(5.7,2.5,0.6));
#2758 = LINE('',#2759,#2760);
#2759 = CARTESIAN_POINT('',(5.3,2.5,0.6));
#2760 = VECTOR('',#2761,1.);
#2761 = DIRECTION('',(1.,0.,0.));
#2762 = ORIENTED_EDGE('',*,*,#2763,.F.);
#2763 = EDGE_CURVE('',#2724,#2756,#2764,.T.);
#2764 = LINE('',#2765,#2766);
#2765 = CARTESIAN_POINT('',(5.7,3.230836366114,0.274610685539));
#2766 = VECTOR('',#2767,1.);
#2767 = DIRECTION('',(0.,-0.913545457643,0.406736643076));
#2768 = ORIENTED_EDGE('',*,*,#2723,.F.);
#2769 = ORIENTED_EDGE('',*,*,#2770,.T.);
#2770 = EDGE_CURVE('',#2716,#2754,#2771,.T.);
#2771 = LINE('',#2772,#2773);
#2772 = CARTESIAN_POINT('',(5.3,3.230836366114,0.274610685539));
#2773 = VECTOR('',#2774,1.);
#2774 = DIRECTION('',(0.,-0.913545457643,0.406736643076));
#2775 = PLANE('',#2776);
#2776 = AXIS2_PLACEMENT_3D('',#2777,#2778,#2779);
#2777 = CARTESIAN_POINT('',(5.5,2.865418183057,0.43730534277));
#2778 = DIRECTION('',(0.,-0.406736643076,-0.913545457642));
#2779 = DIRECTION('',(-1.,-0.,0.));
#2780 = ADVANCED_FACE('',(#2781),#2806,.F.);
#2781 = FACE_BOUND('',#2782,.T.);
#2782 = EDGE_LOOP('',(#2783,#2793,#2799,#2800));
#2783 = ORIENTED_EDGE('',*,*,#2784,.T.);
#2784 = EDGE_CURVE('',#2785,#2787,#2789,.T.);
#2785 = VERTEX_POINT('',#2786);
#2786 = CARTESIAN_POINT('',(5.3,2.43527864045,0.552977179817));
#2787 = VERTEX_POINT('',#2788);
#2788 = CARTESIAN_POINT('',(5.7,2.43527864045,0.552977179817));
#2789 = LINE('',#2790,#2791);
#2790 = CARTESIAN_POINT('',(5.3,2.43527864045,0.552977179817));
#2791 = VECTOR('',#2792,1.);
#2792 = DIRECTION('',(1.,0.,0.));
#2793 = ORIENTED_EDGE('',*,*,#2794,.F.);
#2794 = EDGE_CURVE('',#2756,#2787,#2795,.T.);
#2795 = LINE('',#2796,#2797);
#2796 = CARTESIAN_POINT('',(5.7,2.5,0.6));
#2797 = VECTOR('',#2798,1.);
#2798 = DIRECTION('',(0.,-0.809016994375,-0.587785252293));
#2799 = ORIENTED_EDGE('',*,*,#2753,.F.);
#2800 = ORIENTED_EDGE('',*,*,#2801,.T.);
#2801 = EDGE_CURVE('',#2754,#2785,#2802,.T.);
#2802 = LINE('',#2803,#2804);
#2803 = CARTESIAN_POINT('',(5.3,2.5,0.6));
#2804 = VECTOR('',#2805,1.);
#2805 = DIRECTION('',(0.,-0.809016994375,-0.587785252293));
#2806 = PLANE('',#2807);
#2807 = AXIS2_PLACEMENT_3D('',#2808,#2809,#2810);
#2808 = CARTESIAN_POINT('',(5.5,2.467639320225,0.576488589908));
#2809 = DIRECTION('',(0.,0.587785252293,-0.809016994375));
#2810 = DIRECTION('',(1.,0.,0.));
#2811 = ADVANCED_FACE('',(#2812),#2837,.T.);
#2812 = FACE_BOUND('',#2813,.T.);
#2813 = EDGE_LOOP('',(#2814,#2824,#2830,#2831));
#2814 = ORIENTED_EDGE('',*,*,#2815,.T.);
#2815 = EDGE_CURVE('',#2816,#2818,#2820,.T.);
#2816 = VERTEX_POINT('',#2817);
#2817 = CARTESIAN_POINT('',(5.3,2.357706654495,0.378747646736));
#2818 = VERTEX_POINT('',#2819);
#2819 = CARTESIAN_POINT('',(5.7,2.357706654495,0.378747646736));
#2820 = LINE('',#2821,#2822);
#2821 = CARTESIAN_POINT('',(5.3,2.357706654495,0.378747646736));
#2822 = VECTOR('',#2823,1.);
#2823 = DIRECTION('',(1.,0.,0.));
#2824 = ORIENTED_EDGE('',*,*,#2825,.F.);
#2825 = EDGE_CURVE('',#2787,#2818,#2826,.T.);
#2826 = LINE('',#2827,#2828);
#2827 = CARTESIAN_POINT('',(5.7,2.43527864045,0.552977179817));
#2828 = VECTOR('',#2829,1.);
#2829 = DIRECTION('',(0.,-0.406736643075,-0.913545457643));
#2830 = ORIENTED_EDGE('',*,*,#2784,.F.);
#2831 = ORIENTED_EDGE('',*,*,#2832,.T.);
#2832 = EDGE_CURVE('',#2785,#2816,#2833,.T.);
#2833 = LINE('',#2834,#2835);
#2834 = CARTESIAN_POINT('',(5.3,2.43527864045,0.552977179817));
#2835 = VECTOR('',#2836,1.);
#2836 = DIRECTION('',(0.,-0.406736643075,-0.913545457643));
#2837 = PLANE('',#2838);
#2838 = AXIS2_PLACEMENT_3D('',#2839,#2840,#2841);
#2839 = CARTESIAN_POINT('',(5.5,2.396492647472,0.465862413276));
#2840 = DIRECTION('',(0.,-0.913545457643,0.406736643076));
#2841 = DIRECTION('',(1.,0.,0.));
#2842 = ADVANCED_FACE('',(#2843),#2868,.T.);
#2843 = FACE_BOUND('',#2844,.T.);
#2844 = EDGE_LOOP('',(#2845,#2853,#2854,#2862));
#2845 = ORIENTED_EDGE('',*,*,#2846,.F.);
#2846 = EDGE_CURVE('',#2818,#2847,#2849,.T.);
#2847 = VERTEX_POINT('',#2848);
#2848 = CARTESIAN_POINT('',(5.7,2.871482281007,0.15));
#2849 = LINE('',#2850,#2851);
#2850 = CARTESIAN_POINT('',(5.7,2.357706654495,0.378747646736));
#2851 = VECTOR('',#2852,1.);
#2852 = DIRECTION('',(0.,0.913545457642,-0.406736643076));
#2853 = ORIENTED_EDGE('',*,*,#2815,.F.);
#2854 = ORIENTED_EDGE('',*,*,#2855,.T.);
#2855 = EDGE_CURVE('',#2816,#2856,#2858,.T.);
#2856 = VERTEX_POINT('',#2857);
#2857 = CARTESIAN_POINT('',(5.3,2.871482281007,0.15));
#2858 = LINE('',#2859,#2860);
#2859 = CARTESIAN_POINT('',(5.3,2.357706654495,0.378747646736));
#2860 = VECTOR('',#2861,1.);
#2861 = DIRECTION('',(0.,0.913545457642,-0.406736643076));
#2862 = ORIENTED_EDGE('',*,*,#2863,.T.);
#2863 = EDGE_CURVE('',#2856,#2847,#2864,.T.);
#2864 = LINE('',#2865,#2866);
#2865 = CARTESIAN_POINT('',(5.3,2.871482281007,0.15));
#2866 = VECTOR('',#2867,1.);
#2867 = DIRECTION('',(1.,0.,0.));
#2868 = PLANE('',#2869);
#2869 = AXIS2_PLACEMENT_3D('',#2870,#2871,#2872);
#2870 = CARTESIAN_POINT('',(5.5,2.6893383804,0.231095689404));
#2871 = DIRECTION('',(0.,-0.406736643076,-0.913545457643));
#2872 = DIRECTION('',(-1.,-0.,0.));
#2873 = ADVANCED_FACE('',(#2874),#2910,.T.);
#2874 = FACE_BOUND('',#2875,.T.);
#2875 = EDGE_LOOP('',(#2876,#2887,#2895,#2904));
#2876 = ORIENTED_EDGE('',*,*,#2877,.T.);
#2877 = EDGE_CURVE('',#2878,#2880,#2882,.T.);
#2878 = VERTEX_POINT('',#2879);
#2879 = CARTESIAN_POINT('',(5.3,4.25,-1.197722557505));
#2880 = VERTEX_POINT('',#2881);
#2881 = CARTESIAN_POINT('',(5.3,4.26,-1.191202365109));
#2882 = CIRCLE('',#2883,0.65);
#2883 = AXIS2_PLACEMENT_3D('',#2884,#2885,#2886);
#2884 = CARTESIAN_POINT('',(5.3,3.9,-0.65));
#2885 = DIRECTION('',(1.,0.,0.));
#2886 = DIRECTION('',(0.,0.538461538462,-0.84265008847));
#2887 = ORIENTED_EDGE('',*,*,#2888,.T.);
#2888 = EDGE_CURVE('',#2880,#2889,#2891,.T.);
#2889 = VERTEX_POINT('',#2890);
#2890 = CARTESIAN_POINT('',(5.7,4.26,-1.191202365109));
#2891 = LINE('',#2892,#2893);
#2892 = CARTESIAN_POINT('',(5.3,4.26,-1.191202365109));
#2893 = VECTOR('',#2894,1.);
#2894 = DIRECTION('',(1.,0.,0.));
#2895 = ORIENTED_EDGE('',*,*,#2896,.F.);
#2896 = EDGE_CURVE('',#2897,#2889,#2899,.T.);
#2897 = VERTEX_POINT('',#2898);
#2898 = CARTESIAN_POINT('',(5.7,4.25,-1.197722557505));
#2899 = CIRCLE('',#2900,0.65);
#2900 = AXIS2_PLACEMENT_3D('',#2901,#2902,#2903);
#2901 = CARTESIAN_POINT('',(5.7,3.9,-0.65));
#2902 = DIRECTION('',(1.,0.,0.));
#2903 = DIRECTION('',(0.,0.538461538462,-0.84265008847));
#2904 = ORIENTED_EDGE('',*,*,#2905,.F.);
#2905 = EDGE_CURVE('',#2878,#2897,#2906,.T.);
#2906 = LINE('',#2907,#2908);
#2907 = CARTESIAN_POINT('',(5.3,4.25,-1.197722557505));
#2908 = VECTOR('',#2909,1.);
#2909 = DIRECTION('',(1.,0.,0.));
#2910 = CYLINDRICAL_SURFACE('',#2911,0.65);
#2911 = AXIS2_PLACEMENT_3D('',#2912,#2913,#2914);
#2912 = CARTESIAN_POINT('',(5.292,3.9,-0.65));
#2913 = DIRECTION('',(1.,0.,0.));
#2914 = DIRECTION('',(0.,0.,-1.));
#2915 = ADVANCED_FACE('',(#2916),#2950,.F.);
#2916 = FACE_BOUND('',#2917,.T.);
#2917 = EDGE_LOOP('',(#2918,#2928,#2936,#2944));
#2918 = ORIENTED_EDGE('',*,*,#2919,.T.);
#2919 = EDGE_CURVE('',#2920,#2922,#2924,.T.);
#2920 = VERTEX_POINT('',#2921);
#2921 = CARTESIAN_POINT('',(5.3,-8.673617379884E-16,2.25));
#2922 = VERTEX_POINT('',#2923);
#2923 = CARTESIAN_POINT('',(5.7,-8.673617379884E-16,2.25));
#2924 = LINE('',#2925,#2926);
#2925 = CARTESIAN_POINT('',(5.3,-8.673617379884E-16,2.25));
#2926 = VECTOR('',#2927,1.);
#2927 = DIRECTION('',(1.,0.,0.));
#2928 = ORIENTED_EDGE('',*,*,#2929,.F.);
#2929 = EDGE_CURVE('',#2930,#2922,#2932,.T.);
#2930 = VERTEX_POINT('',#2931);
#2931 = CARTESIAN_POINT('',(5.7,0.25,2.25));
#2932 = LINE('',#2933,#2934);
#2933 = CARTESIAN_POINT('',(5.7,0.25,2.25));
#2934 = VECTOR('',#2935,1.);
#2935 = DIRECTION('',(0.,-1.,2.522426711947E-13));
#2936 = ORIENTED_EDGE('',*,*,#2937,.F.);
#2937 = EDGE_CURVE('',#2938,#2930,#2940,.T.);
#2938 = VERTEX_POINT('',#2939);
#2939 = CARTESIAN_POINT('',(5.3,0.25,2.25));
#2940 = LINE('',#2941,#2942);
#2941 = CARTESIAN_POINT('',(5.3,0.25,2.25));
#2942 = VECTOR('',#2943,1.);
#2943 = DIRECTION('',(1.,0.,0.));
#2944 = ORIENTED_EDGE('',*,*,#2945,.T.);
#2945 = EDGE_CURVE('',#2938,#2920,#2946,.T.);
#2946 = LINE('',#2947,#2948);
#2947 = CARTESIAN_POINT('',(5.3,0.25,2.25));
#2948 = VECTOR('',#2949,1.);
#2949 = DIRECTION('',(0.,-1.,2.522426711947E-13));
#2950 = PLANE('',#2951);
#2951 = AXIS2_PLACEMENT_3D('',#2952,#2953,#2954);
#2952 = CARTESIAN_POINT('',(5.5,0.125,2.25));
#2953 = DIRECTION('',(0.,-0.,-1.));
#2954 = DIRECTION('',(-1.,-0.,0.));
#2955 = ADVANCED_FACE('',(#2956),#2981,.T.);
#2956 = FACE_BOUND('',#2957,.T.);
#2957 = EDGE_LOOP('',(#2958,#2968,#2974,#2975));
#2958 = ORIENTED_EDGE('',*,*,#2959,.T.);
#2959 = EDGE_CURVE('',#2960,#2962,#2964,.T.);
#2960 = VERTEX_POINT('',#2961);
#2961 = CARTESIAN_POINT('',(5.3,-8.673617379884E-16,1.65));
#2962 = VERTEX_POINT('',#2963);
#2963 = CARTESIAN_POINT('',(5.7,-8.673617379884E-16,1.65));
#2964 = LINE('',#2965,#2966);
#2965 = CARTESIAN_POINT('',(5.3,-8.673617379884E-16,1.65));
#2966 = VECTOR('',#2967,1.);
#2967 = DIRECTION('',(1.,0.,0.));
#2968 = ORIENTED_EDGE('',*,*,#2969,.F.);
#2969 = EDGE_CURVE('',#2922,#2962,#2970,.T.);
#2970 = LINE('',#2971,#2972);
#2971 = CARTESIAN_POINT('',(5.7,-8.673617379884E-16,2.25));
#2972 = VECTOR('',#2973,1.);
#2973 = DIRECTION('',(0.,6.143234069593E-14,-1.));
#2974 = ORIENTED_EDGE('',*,*,#2919,.F.);
#2975 = ORIENTED_EDGE('',*,*,#2976,.T.);
#2976 = EDGE_CURVE('',#2920,#2960,#2977,.T.);
#2977 = LINE('',#2978,#2979);
#2978 = CARTESIAN_POINT('',(5.3,-8.673617379884E-16,2.25));
#2979 = VECTOR('',#2980,1.);
#2980 = DIRECTION('',(0.,6.143234069593E-14,-1.));
#2981 = PLANE('',#2982);
#2982 = AXIS2_PLACEMENT_3D('',#2983,#2984,#2985);
#2983 = CARTESIAN_POINT('',(5.5,-8.673617379884E-16,1.95));
#2984 = DIRECTION('',(0.,-1.,0.));
#2985 = DIRECTION('',(-1.,0.,0.));
#2986 = ADVANCED_FACE('',(#2987),#3012,.T.);
#2987 = FACE_BOUND('',#2988,.T.);
#2988 = EDGE_LOOP('',(#2989,#2997,#2998,#3006));
#2989 = ORIENTED_EDGE('',*,*,#2990,.F.);
#2990 = EDGE_CURVE('',#2962,#2991,#2993,.T.);
#2991 = VERTEX_POINT('',#2992);
#2992 = CARTESIAN_POINT('',(5.7,5.E-02,1.477333110405));
#2993 = LINE('',#2994,#2995);
#2994 = CARTESIAN_POINT('',(5.7,-8.673617379884E-16,1.65));
#2995 = VECTOR('',#2996,1.);
#2996 = DIRECTION('',(0.,0.278147794074,-0.960538289009));
#2997 = ORIENTED_EDGE('',*,*,#2959,.F.);
#2998 = ORIENTED_EDGE('',*,*,#2999,.T.);
#2999 = EDGE_CURVE('',#2960,#3000,#3002,.T.);
#3000 = VERTEX_POINT('',#3001);
#3001 = CARTESIAN_POINT('',(5.3,5.E-02,1.477333110405));
#3002 = LINE('',#3003,#3004);
#3003 = CARTESIAN_POINT('',(5.3,-8.673617379884E-16,1.65));
#3004 = VECTOR('',#3005,1.);
#3005 = DIRECTION('',(0.,0.278147794074,-0.960538289009));
#3006 = ORIENTED_EDGE('',*,*,#3007,.T.);
#3007 = EDGE_CURVE('',#3000,#2991,#3008,.T.);
#3008 = LINE('',#3009,#3010);
#3009 = CARTESIAN_POINT('',(5.3,5.E-02,1.477333110405));
#3010 = VECTOR('',#3011,1.);
#3011 = DIRECTION('',(1.,0.,0.));
#3012 = PLANE('',#3013);
#3013 = AXIS2_PLACEMENT_3D('',#3014,#3015,#3016);
#3014 = CARTESIAN_POINT('',(5.5,0.374865427748,0.355463051482));
#3015 = DIRECTION('',(0.,-0.960538289009,-0.278147794074));
#3016 = DIRECTION('',(-1.,-0.,0.));
#3017 = ADVANCED_FACE('',(#3018),#3031,.F.);
#3018 = FACE_BOUND('',#3019,.T.);
#3019 = EDGE_LOOP('',(#3020,#3021,#3022,#3023,#3024,#3025));
#3020 = ORIENTED_EDGE('',*,*,#2731,.T.);
#3021 = ORIENTED_EDGE('',*,*,#2763,.T.);
#3022 = ORIENTED_EDGE('',*,*,#2794,.T.);
#3023 = ORIENTED_EDGE('',*,*,#2825,.T.);
#3024 = ORIENTED_EDGE('',*,*,#2846,.T.);
#3025 = ORIENTED_EDGE('',*,*,#3026,.T.);
#3026 = EDGE_CURVE('',#2847,#2732,#3027,.T.);
#3027 = LINE('',#3028,#3029);
#3028 = CARTESIAN_POINT('',(5.7,2.871482281007,0.15));
#3029 = VECTOR('',#3030,1.);
#3030 = DIRECTION('',(0.,1.,0.));
#3031 = PLANE('',#3032);
#3032 = AXIS2_PLACEMENT_3D('',#3033,#3034,#3035);
#3033 = CARTESIAN_POINT('',(5.7,2.275070900416,0.475));
#3034 = DIRECTION('',(-1.,-0.,0.));
#3035 = DIRECTION('',(0.,-0.,-1.));
#3036 = ADVANCED_FACE('',(#3037),#3062,.F.);
#3037 = FACE_BOUND('',#3038,.T.);
#3038 = EDGE_LOOP('',(#3039,#3040,#3048,#3056));
#3039 = ORIENTED_EDGE('',*,*,#2896,.T.);
#3040 = ORIENTED_EDGE('',*,*,#3041,.F.);
#3041 = EDGE_CURVE('',#3042,#2889,#3044,.T.);
#3042 = VERTEX_POINT('',#3043);
#3043 = CARTESIAN_POINT('',(5.7,4.26,-1.1));
#3044 = LINE('',#3045,#3046);
#3045 = CARTESIAN_POINT('',(5.7,4.26,-1.1));
#3046 = VECTOR('',#3047,1.);
#3047 = DIRECTION('',(0.,-0.,-1.));
#3048 = ORIENTED_EDGE('',*,*,#3049,.T.);
#3049 = EDGE_CURVE('',#3042,#3050,#3052,.T.);
#3050 = VERTEX_POINT('',#3051);
#3051 = CARTESIAN_POINT('',(5.7,4.25,-1.1));
#3052 = LINE('',#3053,#3054);
#3053 = CARTESIAN_POINT('',(5.7,4.26,-1.1));
#3054 = VECTOR('',#3055,1.);
#3055 = DIRECTION('',(0.,-1.,0.));
#3056 = ORIENTED_EDGE('',*,*,#3057,.T.);
#3057 = EDGE_CURVE('',#3050,#2897,#3058,.T.);
#3058 = LINE('',#3059,#3060);
#3059 = CARTESIAN_POINT('',(5.7,4.25,-1.1));
#3060 = VECTOR('',#3061,1.);
#3061 = DIRECTION('',(0.,-0.,-1.));
#3062 = PLANE('',#3063);
#3063 = AXIS2_PLACEMENT_3D('',#3064,#3065,#3066);
#3064 = CARTESIAN_POINT('',(5.7,2.275070900416,0.475));
#3065 = DIRECTION('',(-1.,-0.,0.));
#3066 = DIRECTION('',(0.,-0.,-1.));
#3067 = ADVANCED_FACE('',(#3068),#3095,.F.);
#3068 = FACE_BOUND('',#3069,.T.);
#3069 = EDGE_LOOP('',(#3070,#3078,#3079,#3080,#3081,#3089));
#3070 = ORIENTED_EDGE('',*,*,#3071,.T.);
#3071 = EDGE_CURVE('',#3072,#2930,#3074,.T.);
#3072 = VERTEX_POINT('',#3073);
#3073 = CARTESIAN_POINT('',(5.7,0.25,1.8));
#3074 = LINE('',#3075,#3076);
#3075 = CARTESIAN_POINT('',(5.7,0.25,1.8));
#3076 = VECTOR('',#3077,1.);
#3077 = DIRECTION('',(-0.,1.322398980443E-13,1.));
#3078 = ORIENTED_EDGE('',*,*,#2929,.T.);
#3079 = ORIENTED_EDGE('',*,*,#2969,.T.);
#3080 = ORIENTED_EDGE('',*,*,#2990,.T.);
#3081 = ORIENTED_EDGE('',*,*,#3082,.F.);
#3082 = EDGE_CURVE('',#3083,#2991,#3085,.T.);
#3083 = VERTEX_POINT('',#3084);
#3084 = CARTESIAN_POINT('',(5.7,5.E-02,1.8));
#3085 = LINE('',#3086,#3087);
#3086 = CARTESIAN_POINT('',(5.7,5.E-02,1.8));
#3087 = VECTOR('',#3088,1.);
#3088 = DIRECTION('',(0.,-0.,-1.));
#3089 = ORIENTED_EDGE('',*,*,#3090,.F.);
#3090 = EDGE_CURVE('',#3072,#3083,#3091,.T.);
#3091 = LINE('',#3092,#3093);
#3092 = CARTESIAN_POINT('',(5.7,0.25,1.8));
#3093 = VECTOR('',#3094,1.);
#3094 = DIRECTION('',(0.,-1.,0.));
#3095 = PLANE('',#3096);
#3096 = AXIS2_PLACEMENT_3D('',#3097,#3098,#3099);
#3097 = CARTESIAN_POINT('',(5.7,2.275070900416,0.475));
#3098 = DIRECTION('',(-1.,-0.,0.));
#3099 = DIRECTION('',(0.,-0.,-1.));
#3100 = ADVANCED_FACE('',(#3101),#3119,.F.);
#3101 = FACE_BOUND('',#3102,.T.);
#3102 = EDGE_LOOP('',(#3103,#3111,#3112,#3113));
#3103 = ORIENTED_EDGE('',*,*,#3104,.T.);
#3104 = EDGE_CURVE('',#3105,#2938,#3107,.T.);
#3105 = VERTEX_POINT('',#3106);
#3106 = CARTESIAN_POINT('',(5.3,0.25,1.8));
#3107 = LINE('',#3108,#3109);
#3108 = CARTESIAN_POINT('',(5.3,0.25,1.8));
#3109 = VECTOR('',#3110,1.);
#3110 = DIRECTION('',(-0.,1.322398980443E-13,1.));
#3111 = ORIENTED_EDGE('',*,*,#2937,.T.);
#3112 = ORIENTED_EDGE('',*,*,#3071,.F.);
#3113 = ORIENTED_EDGE('',*,*,#3114,.T.);
#3114 = EDGE_CURVE('',#3072,#3105,#3115,.T.);
#3115 = LINE('',#3116,#3117);
#3116 = CARTESIAN_POINT('',(5.7,0.25,1.8));
#3117 = VECTOR('',#3118,1.);
#3118 = DIRECTION('',(-1.,-0.,0.));
#3119 = PLANE('',#3120);
#3120 = AXIS2_PLACEMENT_3D('',#3121,#3122,#3123);
#3121 = CARTESIAN_POINT('',(5.5,0.25,1.967734147022));
#3122 = DIRECTION('',(0.,-1.,0.));
#3123 = DIRECTION('',(-1.,0.,0.));
#3124 = ADVANCED_FACE('',(#3125),#3138,.T.);
#3125 = FACE_BOUND('',#3126,.T.);
#3126 = EDGE_LOOP('',(#3127,#3128,#3129,#3130,#3131,#3132));
#3127 = ORIENTED_EDGE('',*,*,#2855,.F.);
#3128 = ORIENTED_EDGE('',*,*,#2832,.F.);
#3129 = ORIENTED_EDGE('',*,*,#2801,.F.);
#3130 = ORIENTED_EDGE('',*,*,#2770,.F.);
#3131 = ORIENTED_EDGE('',*,*,#2713,.F.);
#3132 = ORIENTED_EDGE('',*,*,#3133,.F.);
#3133 = EDGE_CURVE('',#2856,#2714,#3134,.T.);
#3134 = LINE('',#3135,#3136);
#3135 = CARTESIAN_POINT('',(5.3,2.871482281007,0.15));
#3136 = VECTOR('',#3137,1.);
#3137 = DIRECTION('',(0.,1.,0.));
#3138 = PLANE('',#3139);
#3139 = AXIS2_PLACEMENT_3D('',#3140,#3141,#3142);
#3140 = CARTESIAN_POINT('',(5.3,2.275070900416,0.475));
#3141 = DIRECTION('',(-1.,-0.,0.));
#3142 = DIRECTION('',(0.,-0.,-1.));
#3143 = ADVANCED_FACE('',(#3144),#3169,.T.);
#3144 = FACE_BOUND('',#3145,.T.);
#3145 = EDGE_LOOP('',(#3146,#3156,#3162,#3163));
#3146 = ORIENTED_EDGE('',*,*,#3147,.F.);
#3147 = EDGE_CURVE('',#3148,#3150,#3152,.T.);
#3148 = VERTEX_POINT('',#3149);
#3149 = CARTESIAN_POINT('',(5.3,4.26,-1.1));
#3150 = VERTEX_POINT('',#3151);
#3151 = CARTESIAN_POINT('',(5.3,4.25,-1.1));
#3152 = LINE('',#3153,#3154);
#3153 = CARTESIAN_POINT('',(5.3,4.26,-1.1));
#3154 = VECTOR('',#3155,1.);
#3155 = DIRECTION('',(0.,-1.,0.));
#3156 = ORIENTED_EDGE('',*,*,#3157,.T.);
#3157 = EDGE_CURVE('',#3148,#2880,#3158,.T.);
#3158 = LINE('',#3159,#3160);
#3159 = CARTESIAN_POINT('',(5.3,4.26,-1.1));
#3160 = VECTOR('',#3161,1.);
#3161 = DIRECTION('',(0.,-0.,-1.));
#3162 = ORIENTED_EDGE('',*,*,#2877,.F.);
#3163 = ORIENTED_EDGE('',*,*,#3164,.F.);
#3164 = EDGE_CURVE('',#3150,#2878,#3165,.T.);
#3165 = LINE('',#3166,#3167);
#3166 = CARTESIAN_POINT('',(5.3,4.25,-1.1));
#3167 = VECTOR('',#3168,1.);
#3168 = DIRECTION('',(0.,-0.,-1.));
#3169 = PLANE('',#3170);
#3170 = AXIS2_PLACEMENT_3D('',#3171,#3172,#3173);
#3171 = CARTESIAN_POINT('',(5.3,2.275070900416,0.475));
#3172 = DIRECTION('',(-1.,-0.,0.));
#3173 = DIRECTION('',(0.,-0.,-1.));
#3174 = ADVANCED_FACE('',(#3175),#3195,.T.);
#3175 = FACE_BOUND('',#3176,.T.);
#3176 = EDGE_LOOP('',(#3177,#3185,#3186,#3187,#3188,#3189));
#3177 = ORIENTED_EDGE('',*,*,#3178,.T.);
#3178 = EDGE_CURVE('',#3179,#3000,#3181,.T.);
#3179 = VERTEX_POINT('',#3180);
#3180 = CARTESIAN_POINT('',(5.3,5.E-02,1.8));
#3181 = LINE('',#3182,#3183);
#3182 = CARTESIAN_POINT('',(5.3,5.E-02,1.8));
#3183 = VECTOR('',#3184,1.);
#3184 = DIRECTION('',(0.,-0.,-1.));
#3185 = ORIENTED_EDGE('',*,*,#2999,.F.);
#3186 = ORIENTED_EDGE('',*,*,#2976,.F.);
#3187 = ORIENTED_EDGE('',*,*,#2945,.F.);
#3188 = ORIENTED_EDGE('',*,*,#3104,.F.);
#3189 = ORIENTED_EDGE('',*,*,#3190,.T.);
#3190 = EDGE_CURVE('',#3105,#3179,#3191,.T.);
#3191 = LINE('',#3192,#3193);
#3192 = CARTESIAN_POINT('',(5.3,0.25,1.8));
#3193 = VECTOR('',#3194,1.);
#3194 = DIRECTION('',(0.,-1.,0.));
#3195 = PLANE('',#3196);
#3196 = AXIS2_PLACEMENT_3D('',#3197,#3198,#3199);
#3197 = CARTESIAN_POINT('',(5.3,2.275070900416,0.475));
#3198 = DIRECTION('',(-1.,-0.,0.));
#3199 = DIRECTION('',(0.,-0.,-1.));
#3200 = ADVANCED_FACE('',(#3201),#3244,.F.);
#3201 = FACE_BOUND('',#3202,.T.);
#3202 = EDGE_LOOP('',(#3203,#3213,#3221,#3230,#3238));
#3203 = ORIENTED_EDGE('',*,*,#3204,.T.);
#3204 = EDGE_CURVE('',#3205,#3207,#3209,.T.);
#3205 = VERTEX_POINT('',#3206);
#3206 = CARTESIAN_POINT('',(7.920577136594,4.25,-1.1));
#3207 = VERTEX_POINT('',#3208);
#3208 = CARTESIAN_POINT('',(7.923256628518,4.26,-1.1));
#3209 = LINE('',#3210,#3211);
#3210 = CARTESIAN_POINT('',(7.920577136594,4.25,-1.1));
#3211 = VECTOR('',#3212,1.);
#3212 = DIRECTION('',(0.258819045096,0.965925826291,-2.144786184868E-14)
  );
#3213 = ORIENTED_EDGE('',*,*,#3214,.T.);
#3214 = EDGE_CURVE('',#3207,#3215,#3217,.T.);
#3215 = VERTEX_POINT('',#3216);
#3216 = CARTESIAN_POINT('',(7.923256628518,4.26,0.1653125));
#3217 = LINE('',#3218,#3219);
#3218 = CARTESIAN_POINT('',(7.923256628518,4.26,-1.1));
#3219 = VECTOR('',#3220,1.);
#3220 = DIRECTION('',(-0.,7.651188757506E-14,1.));
#3221 = ORIENTED_EDGE('',*,*,#3222,.T.);
#3222 = EDGE_CURVE('',#3215,#3223,#3225,.T.);
#3223 = VERTEX_POINT('',#3224);
#3224 = CARTESIAN_POINT('',(7.920577136594,4.25,0.165625));
#3225 = B_SPLINE_CURVE_WITH_KNOTS('',3,(#3226,#3227,#3228,#3229),
  .UNSPECIFIED.,.F.,.F.,(4,4),(0.,1.),.PIECEWISE_BEZIER_KNOTS.);
#3226 = CARTESIAN_POINT('',(7.923256628518,4.26,0.1653125));
#3227 = CARTESIAN_POINT('',(7.922363464543,4.256666666667,0.165416666667
    ));
#3228 = CARTESIAN_POINT('',(7.921470300569,4.253333333333,0.165520833333
    ));
#3229 = CARTESIAN_POINT('',(7.920577136594,4.25,0.165625));
#3230 = ORIENTED_EDGE('',*,*,#3231,.T.);
#3231 = EDGE_CURVE('',#3223,#3232,#3234,.T.);
#3232 = VERTEX_POINT('',#3233);
#3233 = CARTESIAN_POINT('',(7.920577136594,4.25,0.15));
#3234 = LINE('',#3235,#3236);
#3235 = CARTESIAN_POINT('',(7.920577136594,4.25,0.165625));
#3236 = VECTOR('',#3237,1.);
#3237 = DIRECTION('',(-3.524291969387E-12,3.296918293943E-12,-1.));
#3238 = ORIENTED_EDGE('',*,*,#3239,.T.);
#3239 = EDGE_CURVE('',#3232,#3205,#3240,.T.);
#3240 = LINE('',#3241,#3242);
#3241 = CARTESIAN_POINT('',(7.920577136594,4.25,0.15));
#3242 = VECTOR('',#3243,1.);
#3243 = DIRECTION('',(0.,-0.,-1.));
#3244 = PLANE('',#3245);
#3245 = AXIS2_PLACEMENT_3D('',#3246,#3247,#3248);
#3246 = CARTESIAN_POINT('',(7.921916882556,4.255,-0.4671875));
#3247 = DIRECTION('',(-0.965925826289,0.258819045103,0.));
#3248 = DIRECTION('',(0.,0.,1.));
#3249 = ADVANCED_FACE('',(#3250),#3284,.F.);
#3250 = FACE_BOUND('',#3251,.T.);
#3251 = EDGE_LOOP('',(#3252,#3262,#3270,#3278));
#3252 = ORIENTED_EDGE('',*,*,#3253,.T.);
#3253 = EDGE_CURVE('',#3254,#3256,#3258,.T.);
#3254 = VERTEX_POINT('',#3255);
#3255 = CARTESIAN_POINT('',(9.3,4.25,1.2));
#3256 = VERTEX_POINT('',#3257);
#3257 = CARTESIAN_POINT('',(9.3,4.25,1.8));
#3258 = LINE('',#3259,#3260);
#3259 = CARTESIAN_POINT('',(9.3,4.25,1.2));
#3260 = VECTOR('',#3261,1.);
#3261 = DIRECTION('',(0.,0.,1.));
#3262 = ORIENTED_EDGE('',*,*,#3263,.T.);
#3263 = EDGE_CURVE('',#3256,#3264,#3266,.T.);
#3264 = VERTEX_POINT('',#3265);
#3265 = CARTESIAN_POINT('',(9.5,4.05,1.8));
#3266 = LINE('',#3267,#3268);
#3267 = CARTESIAN_POINT('',(9.3,4.25,1.8));
#3268 = VECTOR('',#3269,1.);
#3269 = DIRECTION('',(0.707106781187,-0.707106781186,0.));
#3270 = ORIENTED_EDGE('',*,*,#3271,.F.);
#3271 = EDGE_CURVE('',#3272,#3264,#3274,.T.);
#3272 = VERTEX_POINT('',#3273);
#3273 = CARTESIAN_POINT('',(9.5,4.05,1.2));
#3274 = LINE('',#3275,#3276);
#3275 = CARTESIAN_POINT('',(9.5,4.05,1.2));
#3276 = VECTOR('',#3277,1.);
#3277 = DIRECTION('',(0.,0.,1.));
#3278 = ORIENTED_EDGE('',*,*,#3279,.F.);
#3279 = EDGE_CURVE('',#3254,#3272,#3280,.T.);
#3280 = LINE('',#3281,#3282);
#3281 = CARTESIAN_POINT('',(9.3,4.25,1.2));
#3282 = VECTOR('',#3283,1.);
#3283 = DIRECTION('',(0.707106781187,-0.707106781187,0.));
#3284 = PLANE('',#3285);
#3285 = AXIS2_PLACEMENT_3D('',#3286,#3287,#3288);
#3286 = CARTESIAN_POINT('',(9.4,4.15,1.5));
#3287 = DIRECTION('',(-0.707106781187,-0.707106781187,0.));
#3288 = DIRECTION('',(0.,0.,1.));
#3289 = ADVANCED_FACE('',(#3290),#3315,.F.);
#3290 = FACE_BOUND('',#3291,.T.);
#3291 = EDGE_LOOP('',(#3292,#3293,#3301,#3309));
#3292 = ORIENTED_EDGE('',*,*,#3271,.T.);
#3293 = ORIENTED_EDGE('',*,*,#3294,.T.);
#3294 = EDGE_CURVE('',#3264,#3295,#3297,.T.);
#3295 = VERTEX_POINT('',#3296);
#3296 = CARTESIAN_POINT('',(9.5,5.E-02,1.8));
#3297 = LINE('',#3298,#3299);
#3298 = CARTESIAN_POINT('',(9.5,4.05,1.8));
#3299 = VECTOR('',#3300,1.);
#3300 = DIRECTION('',(2.13162820728E-14,-1.,0.));
#3301 = ORIENTED_EDGE('',*,*,#3302,.T.);
#3302 = EDGE_CURVE('',#3295,#3303,#3305,.T.);
#3303 = VERTEX_POINT('',#3304);
#3304 = CARTESIAN_POINT('',(9.5,5.E-02,1.2));
#3305 = LINE('',#3306,#3307);
#3306 = CARTESIAN_POINT('',(9.5,5.E-02,1.8));
#3307 = VECTOR('',#3308,1.);
#3308 = DIRECTION('',(0.,-0.,-1.));
#3309 = ORIENTED_EDGE('',*,*,#3310,.T.);
#3310 = EDGE_CURVE('',#3303,#3272,#3311,.T.);
#3311 = LINE('',#3312,#3313);
#3312 = CARTESIAN_POINT('',(9.5,5.E-02,1.2));
#3313 = VECTOR('',#3314,1.);
#3314 = DIRECTION('',(-2.13162820728E-14,1.,0.));
#3315 = PLANE('',#3316);
#3316 = AXIS2_PLACEMENT_3D('',#3317,#3318,#3319);
#3317 = CARTESIAN_POINT('',(9.5,2.05,1.5));
#3318 = DIRECTION('',(-1.,-0.,0.));
#3319 = DIRECTION('',(0.,-0.,-1.));
#3320 = ADVANCED_FACE('',(#3321),#3347,.T.);
#3321 = FACE_BOUND('',#3322,.T.);
#3322 = EDGE_LOOP('',(#3323,#3331,#3332,#3333,#3341));
#3323 = ORIENTED_EDGE('',*,*,#3324,.T.);
#3324 = EDGE_CURVE('',#3325,#3254,#3327,.T.);
#3325 = VERTEX_POINT('',#3326);
#3326 = CARTESIAN_POINT('',(9.040605170122,4.25,1.2));
#3327 = LINE('',#3328,#3329);
#3328 = CARTESIAN_POINT('',(9.040605170122,4.25,1.2));
#3329 = VECTOR('',#3330,1.);
#3330 = DIRECTION('',(1.,-3.321319347475E-13,0.));
#3331 = ORIENTED_EDGE('',*,*,#3279,.T.);
#3332 = ORIENTED_EDGE('',*,*,#3310,.F.);
#3333 = ORIENTED_EDGE('',*,*,#3334,.T.);
#3334 = EDGE_CURVE('',#3303,#3335,#3337,.T.);
#3335 = VERTEX_POINT('',#3336);
#3336 = CARTESIAN_POINT('',(9.040605170123,5.E-02,1.2));
#3337 = LINE('',#3338,#3339);
#3338 = CARTESIAN_POINT('',(9.5,5.E-02,1.2));
#3339 = VECTOR('',#3340,1.);
#3340 = DIRECTION('',(-1.,-0.,0.));
#3341 = ORIENTED_EDGE('',*,*,#3342,.T.);
#3342 = EDGE_CURVE('',#3335,#3325,#3343,.T.);
#3343 = LINE('',#3344,#3345);
#3344 = CARTESIAN_POINT('',(9.040605170123,5.E-02,1.2));
#3345 = VECTOR('',#3346,1.);
#3346 = DIRECTION('',(-2.224675470297E-13,1.,0.));
#3347 = PLANE('',#3348);
#3348 = AXIS2_PLACEMENT_3D('',#3349,#3350,#3351);
#3349 = CARTESIAN_POINT('',(9.270302585062,2.15,1.2));
#3350 = DIRECTION('',(0.,-0.,-1.));
#3351 = DIRECTION('',(-1.,-0.,0.));
#3352 = ADVANCED_FACE('',(#3353),#3387,.T.);
#3353 = FACE_BOUND('',#3354,.T.);
#3354 = EDGE_LOOP('',(#3355,#3365,#3373,#3381));
#3355 = ORIENTED_EDGE('',*,*,#3356,.F.);
#3356 = EDGE_CURVE('',#3357,#3359,#3361,.T.);
#3357 = VERTEX_POINT('',#3358);
#3358 = CARTESIAN_POINT('',(9.35,0.35,-1.1));
#3359 = VERTEX_POINT('',#3360);
#3360 = CARTESIAN_POINT('',(9.040605170123,0.35,-1.1));
#3361 = LINE('',#3362,#3363);
#3362 = CARTESIAN_POINT('',(9.35,0.35,-1.1));
#3363 = VECTOR('',#3364,1.);
#3364 = DIRECTION('',(-1.,-0.,0.));
#3365 = ORIENTED_EDGE('',*,*,#3366,.F.);
#3366 = EDGE_CURVE('',#3367,#3357,#3369,.T.);
#3367 = VERTEX_POINT('',#3368);
#3368 = CARTESIAN_POINT('',(9.35,0.35,1.15));
#3369 = LINE('',#3370,#3371);
#3370 = CARTESIAN_POINT('',(9.35,0.35,1.15));
#3371 = VECTOR('',#3372,1.);
#3372 = DIRECTION('',(0.,-0.,-1.));
#3373 = ORIENTED_EDGE('',*,*,#3374,.T.);
#3374 = EDGE_CURVE('',#3367,#3375,#3377,.T.);
#3375 = VERTEX_POINT('',#3376);
#3376 = CARTESIAN_POINT('',(9.040605170123,0.35,1.15));
#3377 = LINE('',#3378,#3379);
#3378 = CARTESIAN_POINT('',(9.35,0.35,1.15));
#3379 = VECTOR('',#3380,1.);
#3380 = DIRECTION('',(-1.,-0.,0.));
#3381 = ORIENTED_EDGE('',*,*,#3382,.T.);
#3382 = EDGE_CURVE('',#3375,#3359,#3383,.T.);
#3383 = LINE('',#3384,#3385);
#3384 = CARTESIAN_POINT('',(9.040605170123,0.35,1.15));
#3385 = VECTOR('',#3386,1.);
#3386 = DIRECTION('',(0.,-0.,-1.));
#3387 = PLANE('',#3388);
#3388 = AXIS2_PLACEMENT_3D('',#3389,#3390,#3391);
#3389 = CARTESIAN_POINT('',(8.925,0.35,2.5E-02));
#3390 = DIRECTION('',(0.,-1.,0.));
#3391 = DIRECTION('',(-1.,0.,0.));
#3392 = ADVANCED_FACE('',(#3393),#3418,.F.);
#3393 = FACE_BOUND('',#3394,.T.);
#3394 = EDGE_LOOP('',(#3395,#3403,#3411,#3417));
#3395 = ORIENTED_EDGE('',*,*,#3396,.T.);
#3396 = EDGE_CURVE('',#3357,#3397,#3399,.T.);
#3397 = VERTEX_POINT('',#3398);
#3398 = CARTESIAN_POINT('',(9.35,3.25,-1.1));
#3399 = LINE('',#3400,#3401);
#3400 = CARTESIAN_POINT('',(9.35,0.35,-1.1));
#3401 = VECTOR('',#3402,1.);
#3402 = DIRECTION('',(-2.45014736469E-14,1.,0.));
#3403 = ORIENTED_EDGE('',*,*,#3404,.T.);
#3404 = EDGE_CURVE('',#3397,#3405,#3407,.T.);
#3405 = VERTEX_POINT('',#3406);
#3406 = CARTESIAN_POINT('',(9.35,3.25,1.15));
#3407 = LINE('',#3408,#3409);
#3408 = CARTESIAN_POINT('',(9.35,3.25,-1.1));
#3409 = VECTOR('',#3410,1.);
#3410 = DIRECTION('',(0.,0.,1.));
#3411 = ORIENTED_EDGE('',*,*,#3412,.T.);
#3412 = EDGE_CURVE('',#3405,#3367,#3413,.T.);
#3413 = LINE('',#3414,#3415);
#3414 = CARTESIAN_POINT('',(9.35,3.25,1.15));
#3415 = VECTOR('',#3416,1.);
#3416 = DIRECTION('',(2.45014736469E-14,-1.,0.));
#3417 = ORIENTED_EDGE('',*,*,#3366,.T.);
#3418 = PLANE('',#3419);
#3419 = AXIS2_PLACEMENT_3D('',#3420,#3421,#3422);
#3420 = CARTESIAN_POINT('',(9.35,1.8,2.5E-02));
#3421 = DIRECTION('',(-1.,-0.,0.));
#3422 = DIRECTION('',(0.,-0.,-1.));
#3423 = ADVANCED_FACE('',(#3424),#3458,.T.);
#3424 = FACE_BOUND('',#3425,.T.);
#3425 = EDGE_LOOP('',(#3426,#3436,#3444,#3452));
#3426 = ORIENTED_EDGE('',*,*,#3427,.T.);
#3427 = EDGE_CURVE('',#3428,#3430,#3432,.T.);
#3428 = VERTEX_POINT('',#3429);
#3429 = CARTESIAN_POINT('',(-8.5,4.25,-0.6));
#3430 = VERTEX_POINT('',#3431);
#3431 = CARTESIAN_POINT('',(-8.47,4.25,-0.6));
#3432 = LINE('',#3433,#3434);
#3433 = CARTESIAN_POINT('',(-8.5,4.25,-0.6));
#3434 = VECTOR('',#3435,1.);
#3435 = DIRECTION('',(1.,0.,0.));
#3436 = ORIENTED_EDGE('',*,*,#3437,.T.);
#3437 = EDGE_CURVE('',#3430,#3438,#3440,.T.);
#3438 = VERTEX_POINT('',#3439);
#3439 = CARTESIAN_POINT('',(-8.47,0.97,-0.6));
#3440 = LINE('',#3441,#3442);
#3441 = CARTESIAN_POINT('',(-8.47,4.25,-0.6));
#3442 = VECTOR('',#3443,1.);
#3443 = DIRECTION('',(-2.437074932104E-14,-1.,0.));
#3444 = ORIENTED_EDGE('',*,*,#3445,.T.);
#3445 = EDGE_CURVE('',#3438,#3446,#3448,.T.);
#3446 = VERTEX_POINT('',#3447);
#3447 = CARTESIAN_POINT('',(-8.5,0.97,-0.6));
#3448 = LINE('',#3449,#3450);
#3449 = CARTESIAN_POINT('',(-8.47,0.97,-0.6));
#3450 = VECTOR('',#3451,1.);
#3451 = DIRECTION('',(-1.,1.480297366171E-14,0.));
#3452 = ORIENTED_EDGE('',*,*,#3453,.T.);
#3453 = EDGE_CURVE('',#3446,#3428,#3454,.T.);
#3454 = LINE('',#3455,#3456);
#3455 = CARTESIAN_POINT('',(-8.5,0.97,-0.6));
#3456 = VECTOR('',#3457,1.);
#3457 = DIRECTION('',(0.,1.,0.));
#3458 = PLANE('',#3459);
#3459 = AXIS2_PLACEMENT_3D('',#3460,#3461,#3462);
#3460 = CARTESIAN_POINT('',(-8.755302585062,2.61,-0.6));
#3461 = DIRECTION('',(0.,-0.,-1.));
#3462 = DIRECTION('',(-1.,-0.,0.));
#3463 = ADVANCED_FACE('',(#3464),#3489,.T.);
#3464 = FACE_BOUND('',#3465,.T.);
#3465 = EDGE_LOOP('',(#3466,#3467,#3475,#3483));
#3466 = ORIENTED_EDGE('',*,*,#3437,.F.);
#3467 = ORIENTED_EDGE('',*,*,#3468,.T.);
#3468 = EDGE_CURVE('',#3430,#3469,#3471,.T.);
#3469 = VERTEX_POINT('',#3470);
#3470 = CARTESIAN_POINT('',(-8.47,4.25,-1.15));
#3471 = LINE('',#3472,#3473);
#3472 = CARTESIAN_POINT('',(-8.47,4.25,-0.6));
#3473 = VECTOR('',#3474,1.);
#3474 = DIRECTION('',(0.,-0.,-1.));
#3475 = ORIENTED_EDGE('',*,*,#3476,.T.);
#3476 = EDGE_CURVE('',#3469,#3477,#3479,.T.);
#3477 = VERTEX_POINT('',#3478);
#3478 = CARTESIAN_POINT('',(-8.47,0.97,-1.15));
#3479 = LINE('',#3480,#3481);
#3480 = CARTESIAN_POINT('',(-8.47,4.25,-1.15));
#3481 = VECTOR('',#3482,1.);
#3482 = DIRECTION('',(-2.382917711391E-14,-1.,0.));
#3483 = ORIENTED_EDGE('',*,*,#3484,.T.);
#3484 = EDGE_CURVE('',#3477,#3438,#3485,.T.);
#3485 = LINE('',#3486,#3487);
#3486 = CARTESIAN_POINT('',(-8.47,0.97,-1.15));
#3487 = VECTOR('',#3488,1.);
#3488 = DIRECTION('',(0.,0.,1.));
#3489 = PLANE('',#3490);
#3490 = AXIS2_PLACEMENT_3D('',#3491,#3492,#3493);
#3491 = CARTESIAN_POINT('',(-8.47,2.61,-0.875));
#3492 = DIRECTION('',(-1.,-0.,0.));
#3493 = DIRECTION('',(0.,-0.,-1.));
#3494 = ADVANCED_FACE('',(#3495),#3529,.T.);
#3495 = FACE_BOUND('',#3496,.T.);
#3496 = EDGE_LOOP('',(#3497,#3507,#3515,#3523));
#3497 = ORIENTED_EDGE('',*,*,#3498,.T.);
#3498 = EDGE_CURVE('',#3499,#3501,#3503,.T.);
#3499 = VERTEX_POINT('',#3500);
#3500 = CARTESIAN_POINT('',(-9.3,4.25,-1.15));
#3501 = VERTEX_POINT('',#3502);
#3502 = CARTESIAN_POINT('',(-9.3,4.25,-1.8));
#3503 = LINE('',#3504,#3505);
#3504 = CARTESIAN_POINT('',(-9.3,4.25,-1.15));
#3505 = VECTOR('',#3506,1.);
#3506 = DIRECTION('',(0.,-0.,-1.));
#3507 = ORIENTED_EDGE('',*,*,#3508,.F.);
#3508 = EDGE_CURVE('',#3509,#3501,#3511,.T.);
#3509 = VERTEX_POINT('',#3510);
#3510 = CARTESIAN_POINT('',(-9.5,4.05,-1.8));
#3511 = LINE('',#3512,#3513);
#3512 = CARTESIAN_POINT('',(-9.5,4.05,-1.8));
#3513 = VECTOR('',#3514,1.);
#3514 = DIRECTION('',(0.707106781187,0.707106781187,-0.));
#3515 = ORIENTED_EDGE('',*,*,#3516,.F.);
#3516 = EDGE_CURVE('',#3517,#3509,#3519,.T.);
#3517 = VERTEX_POINT('',#3518);
#3518 = CARTESIAN_POINT('',(-9.5,4.05,-1.15));
#3519 = LINE('',#3520,#3521);
#3520 = CARTESIAN_POINT('',(-9.5,4.05,-1.15));
#3521 = VECTOR('',#3522,1.);
#3522 = DIRECTION('',(0.,-0.,-1.));
#3523 = ORIENTED_EDGE('',*,*,#3524,.T.);
#3524 = EDGE_CURVE('',#3517,#3499,#3525,.T.);
#3525 = LINE('',#3526,#3527);
#3526 = CARTESIAN_POINT('',(-9.5,4.05,-1.15));
#3527 = VECTOR('',#3528,1.);
#3528 = DIRECTION('',(0.707106781187,0.707106781187,-0.));
#3529 = PLANE('',#3530);
#3530 = AXIS2_PLACEMENT_3D('',#3531,#3532,#3533);
#3531 = CARTESIAN_POINT('',(-9.4,4.15,-1.475));
#3532 = DIRECTION('',(-0.707106781187,0.707106781187,0.));
#3533 = DIRECTION('',(0.,0.,1.));
#3534 = ADVANCED_FACE('',(#3535),#3567,.F.);
#3535 = FACE_BOUND('',#3536,.T.);
#3536 = EDGE_LOOP('',(#3537,#3538,#3544,#3545,#3553,#3561));
#3537 = ORIENTED_EDGE('',*,*,#3476,.F.);
#3538 = ORIENTED_EDGE('',*,*,#3539,.F.);
#3539 = EDGE_CURVE('',#3499,#3469,#3540,.T.);
#3540 = LINE('',#3541,#3542);
#3541 = CARTESIAN_POINT('',(-9.3,4.25,-1.15));
#3542 = VECTOR('',#3543,1.);
#3543 = DIRECTION('',(1.,1.037991647119E-13,-0.));
#3544 = ORIENTED_EDGE('',*,*,#3524,.F.);
#3545 = ORIENTED_EDGE('',*,*,#3546,.F.);
#3546 = EDGE_CURVE('',#3547,#3517,#3549,.T.);
#3547 = VERTEX_POINT('',#3548);
#3548 = CARTESIAN_POINT('',(-9.5,0.97,-1.15));
#3549 = LINE('',#3550,#3551);
#3550 = CARTESIAN_POINT('',(-9.5,0.97,-1.15));
#3551 = VECTOR('',#3552,1.);
#3552 = DIRECTION('',(2.768348321143E-14,1.,-4.037174635E-14));
#3553 = ORIENTED_EDGE('',*,*,#3554,.F.);
#3554 = EDGE_CURVE('',#3555,#3547,#3557,.T.);
#3555 = VERTEX_POINT('',#3556);
#3556 = CARTESIAN_POINT('',(-9.040605170122,0.97,-1.15));
#3557 = LINE('',#3558,#3559);
#3558 = CARTESIAN_POINT('',(-9.040605170122,0.97,-1.15));
#3559 = VECTOR('',#3560,1.);
#3560 = DIRECTION('',(-1.,0.,6.766781571699E-14));
#3561 = ORIENTED_EDGE('',*,*,#3562,.F.);
#3562 = EDGE_CURVE('',#3477,#3555,#3563,.T.);
#3563 = LINE('',#3564,#3565);
#3564 = CARTESIAN_POINT('',(-8.47,0.97,-1.15));
#3565 = VECTOR('',#3566,1.);
#3566 = DIRECTION('',(-1.,0.,1.630491526105E-13));
#3567 = PLANE('',#3568);
#3568 = AXIS2_PLACEMENT_3D('',#3569,#3570,#3571);
#3569 = CARTESIAN_POINT('',(-8.985,2.61,-1.15));
#3570 = DIRECTION('',(0.,-0.,-1.));
#3571 = DIRECTION('',(-1.,-0.,0.));
#3572 = ADVANCED_FACE('',(#3573),#3591,.T.);
#3573 = FACE_BOUND('',#3574,.T.);
#3574 = EDGE_LOOP('',(#3575,#3576,#3584,#3590));
#3575 = ORIENTED_EDGE('',*,*,#3516,.T.);
#3576 = ORIENTED_EDGE('',*,*,#3577,.T.);
#3577 = EDGE_CURVE('',#3509,#3578,#3580,.T.);
#3578 = VERTEX_POINT('',#3579);
#3579 = CARTESIAN_POINT('',(-9.5,0.97,-1.8));
#3580 = LINE('',#3581,#3582);
#3581 = CARTESIAN_POINT('',(-9.5,4.05,-1.8));
#3582 = VECTOR('',#3583,1.);
#3583 = DIRECTION('',(-2.768348321143E-14,-1.,-4.029965394581E-14));
#3584 = ORIENTED_EDGE('',*,*,#3585,.T.);
#3585 = EDGE_CURVE('',#3578,#3547,#3586,.T.);
#3586 = LINE('',#3587,#3588);
#3587 = CARTESIAN_POINT('',(-9.5,0.97,-1.8));
#3588 = VECTOR('',#3589,1.);
#3589 = DIRECTION('',(0.,0.,1.));
#3590 = ORIENTED_EDGE('',*,*,#3546,.T.);
#3591 = PLANE('',#3592);
#3592 = AXIS2_PLACEMENT_3D('',#3593,#3594,#3595);
#3593 = CARTESIAN_POINT('',(-9.5,2.51,-1.475));
#3594 = DIRECTION('',(-1.,-0.,0.));
#3595 = DIRECTION('',(0.,-0.,-1.));
#3596 = ADVANCED_FACE('',(#3597),#3631,.F.);
#3597 = FACE_BOUND('',#3598,.T.);
#3598 = EDGE_LOOP('',(#3599,#3609,#3617,#3625));
#3599 = ORIENTED_EDGE('',*,*,#3600,.T.);
#3600 = EDGE_CURVE('',#3601,#3603,#3605,.T.);
#3601 = VERTEX_POINT('',#3602);
#3602 = CARTESIAN_POINT('',(9.5,0.97,-1.15));
#3603 = VERTEX_POINT('',#3604);
#3604 = CARTESIAN_POINT('',(9.5,0.97,-1.8));
#3605 = LINE('',#3606,#3607);
#3606 = CARTESIAN_POINT('',(9.5,0.97,-1.15));
#3607 = VECTOR('',#3608,1.);
#3608 = DIRECTION('',(0.,-0.,-1.));
#3609 = ORIENTED_EDGE('',*,*,#3610,.F.);
#3610 = EDGE_CURVE('',#3611,#3603,#3613,.T.);
#3611 = VERTEX_POINT('',#3612);
#3612 = CARTESIAN_POINT('',(9.5,4.05,-1.8));
#3613 = LINE('',#3614,#3615);
#3614 = CARTESIAN_POINT('',(9.5,4.05,-1.8));
#3615 = VECTOR('',#3616,1.);
#3616 = DIRECTION('',(2.768348321143E-14,-1.,-4.015546913742E-14));
#3617 = ORIENTED_EDGE('',*,*,#3618,.T.);
#3618 = EDGE_CURVE('',#3611,#3619,#3621,.T.);
#3619 = VERTEX_POINT('',#3620);
#3620 = CARTESIAN_POINT('',(9.5,4.05,-1.15));
#3621 = LINE('',#3622,#3623);
#3622 = CARTESIAN_POINT('',(9.5,4.05,-1.8));
#3623 = VECTOR('',#3624,1.);
#3624 = DIRECTION('',(0.,0.,1.));
#3625 = ORIENTED_EDGE('',*,*,#3626,.T.);
#3626 = EDGE_CURVE('',#3619,#3601,#3627,.T.);
#3627 = LINE('',#3628,#3629);
#3628 = CARTESIAN_POINT('',(9.5,4.05,-1.15));
#3629 = VECTOR('',#3630,1.);
#3630 = DIRECTION('',(2.768348321143E-14,-1.,4.04438387542E-14));
#3631 = PLANE('',#3632);
#3632 = AXIS2_PLACEMENT_3D('',#3633,#3634,#3635);
#3633 = CARTESIAN_POINT('',(9.5,2.51,-1.475));
#3634 = DIRECTION('',(-1.,-0.,0.));
#3635 = DIRECTION('',(0.,-0.,-1.));
#3636 = ADVANCED_FACE('',(#3637),#3673,.T.);
#3637 = FACE_BOUND('',#3638,.T.);
#3638 = EDGE_LOOP('',(#3639,#3650,#3658,#3667));
#3639 = ORIENTED_EDGE('',*,*,#3640,.T.);
#3640 = EDGE_CURVE('',#3641,#3643,#3645,.T.);
#3641 = VERTEX_POINT('',#3642);
#3642 = CARTESIAN_POINT('',(-5.7,5.6040542392E-02,-1.32));
#3643 = VERTEX_POINT('',#3644);
#3644 = CARTESIAN_POINT('',(-5.7,-8.673617379884E-16,-1.55));
#3645 = CIRCLE('',#3646,0.5);
#3646 = AXIS2_PLACEMENT_3D('',#3647,#3648,#3649);
#3647 = CARTESIAN_POINT('',(-5.7,0.5,-1.55));
#3648 = DIRECTION('',(1.,0.,0.));
#3649 = DIRECTION('',(0.,-0.887918915217,0.46));
#3650 = ORIENTED_EDGE('',*,*,#3651,.F.);
#3651 = EDGE_CURVE('',#3652,#3643,#3654,.T.);
#3652 = VERTEX_POINT('',#3653);
#3653 = CARTESIAN_POINT('',(-5.3,-8.673617379884E-16,-1.55));
#3654 = LINE('',#3655,#3656);
#3655 = CARTESIAN_POINT('',(-5.3,-8.673617379884E-16,-1.55));
#3656 = VECTOR('',#3657,1.);
#3657 = DIRECTION('',(-1.,-0.,0.));
#3658 = ORIENTED_EDGE('',*,*,#3659,.F.);
#3659 = EDGE_CURVE('',#3660,#3652,#3662,.T.);
#3660 = VERTEX_POINT('',#3661);
#3661 = CARTESIAN_POINT('',(-5.3,5.6040542392E-02,-1.32));
#3662 = CIRCLE('',#3663,0.5);
#3663 = AXIS2_PLACEMENT_3D('',#3664,#3665,#3666);
#3664 = CARTESIAN_POINT('',(-5.3,0.5,-1.55));
#3665 = DIRECTION('',(1.,0.,0.));
#3666 = DIRECTION('',(0.,-0.887918915217,0.46));
#3667 = ORIENTED_EDGE('',*,*,#3668,.F.);
#3668 = EDGE_CURVE('',#3641,#3660,#3669,.T.);
#3669 = LINE('',#3670,#3671);
#3670 = CARTESIAN_POINT('',(-5.7,5.6040542392E-02,-1.32));
#3671 = VECTOR('',#3672,1.);
#3672 = DIRECTION('',(1.,0.,0.));
#3673 = CYLINDRICAL_SURFACE('',#3674,0.5);
#3674 = AXIS2_PLACEMENT_3D('',#3675,#3676,#3677);
#3675 = CARTESIAN_POINT('',(-5.708,0.5,-1.55));
#3676 = DIRECTION('',(1.,0.,0.));
#3677 = DIRECTION('',(0.,0.,-1.));
#3678 = ADVANCED_FACE('',(#3679),#3704,.T.);
#3679 = FACE_BOUND('',#3680,.T.);
#3680 = EDGE_LOOP('',(#3681,#3691,#3697,#3698));
#3681 = ORIENTED_EDGE('',*,*,#3682,.T.);
#3682 = EDGE_CURVE('',#3683,#3685,#3687,.T.);
#3683 = VERTEX_POINT('',#3684);
#3684 = CARTESIAN_POINT('',(-5.7,-8.673617379884E-16,-2.25));
#3685 = VERTEX_POINT('',#3686);
#3686 = CARTESIAN_POINT('',(-5.3,-8.673617379884E-16,-2.25));
#3687 = LINE('',#3688,#3689);
#3688 = CARTESIAN_POINT('',(-5.7,-8.673617379884E-16,-2.25));
#3689 = VECTOR('',#3690,1.);
#3690 = DIRECTION('',(1.,0.,0.));
#3691 = ORIENTED_EDGE('',*,*,#3692,.F.);
#3692 = EDGE_CURVE('',#3652,#3685,#3693,.T.);
#3693 = LINE('',#3694,#3695);
#3694 = CARTESIAN_POINT('',(-5.3,-8.673617379884E-16,-1.55));
#3695 = VECTOR('',#3696,1.);
#3696 = DIRECTION('',(0.,-1.33226762955E-14,-1.));
#3697 = ORIENTED_EDGE('',*,*,#3651,.T.);
#3698 = ORIENTED_EDGE('',*,*,#3699,.T.);
#3699 = EDGE_CURVE('',#3643,#3683,#3700,.T.);
#3700 = LINE('',#3701,#3702);
#3701 = CARTESIAN_POINT('',(-5.7,-8.673617379884E-16,-1.55));
#3702 = VECTOR('',#3703,1.);
#3703 = DIRECTION('',(0.,-1.395708945243E-14,-1.));
#3704 = PLANE('',#3705);
#3705 = AXIS2_PLACEMENT_3D('',#3706,#3707,#3708);
#3706 = CARTESIAN_POINT('',(-5.5,-8.673617379884E-16,-1.9));
#3707 = DIRECTION('',(0.,-1.,0.));
#3708 = DIRECTION('',(-1.,0.,0.));
#3709 = ADVANCED_FACE('',(#3710),#3735,.T.);
#3710 = FACE_BOUND('',#3711,.T.);
#3711 = EDGE_LOOP('',(#3712,#3722,#3728,#3729));
#3712 = ORIENTED_EDGE('',*,*,#3713,.T.);
#3713 = EDGE_CURVE('',#3714,#3716,#3718,.T.);
#3714 = VERTEX_POINT('',#3715);
#3715 = CARTESIAN_POINT('',(-5.7,0.25,-2.25));
#3716 = VERTEX_POINT('',#3717);
#3717 = CARTESIAN_POINT('',(-5.3,0.25,-2.25));
#3718 = LINE('',#3719,#3720);
#3719 = CARTESIAN_POINT('',(-5.7,0.25,-2.25));
#3720 = VECTOR('',#3721,1.);
#3721 = DIRECTION('',(1.,0.,0.));
#3722 = ORIENTED_EDGE('',*,*,#3723,.F.);
#3723 = EDGE_CURVE('',#3685,#3716,#3724,.T.);
#3724 = LINE('',#3725,#3726);
#3725 = CARTESIAN_POINT('',(-5.3,-8.673617379884E-16,-2.25));
#3726 = VECTOR('',#3727,1.);
#3727 = DIRECTION('',(0.,1.,0.));
#3728 = ORIENTED_EDGE('',*,*,#3682,.F.);
#3729 = ORIENTED_EDGE('',*,*,#3730,.T.);
#3730 = EDGE_CURVE('',#3683,#3714,#3731,.T.);
#3731 = LINE('',#3732,#3733);
#3732 = CARTESIAN_POINT('',(-5.7,-8.673617379884E-16,-2.25));
#3733 = VECTOR('',#3734,1.);
#3734 = DIRECTION('',(0.,1.,0.));
#3735 = PLANE('',#3736);
#3736 = AXIS2_PLACEMENT_3D('',#3737,#3738,#3739);
#3737 = CARTESIAN_POINT('',(-5.5,0.125,-2.25));
#3738 = DIRECTION('',(0.,-0.,-1.));
#3739 = DIRECTION('',(-1.,-0.,0.));
#3740 = ADVANCED_FACE('',(#3741),#3766,.F.);
#3741 = FACE_BOUND('',#3742,.T.);
#3742 = EDGE_LOOP('',(#3743,#3753,#3759,#3760));
#3743 = ORIENTED_EDGE('',*,*,#3744,.F.);
#3744 = EDGE_CURVE('',#3745,#3747,#3749,.T.);
#3745 = VERTEX_POINT('',#3746);
#3746 = CARTESIAN_POINT('',(-5.3,0.25,-1.55));
#3747 = VERTEX_POINT('',#3748);
#3748 = CARTESIAN_POINT('',(-5.7,0.25,-1.55));
#3749 = LINE('',#3750,#3751);
#3750 = CARTESIAN_POINT('',(-5.3,0.25,-1.55));
#3751 = VECTOR('',#3752,1.);
#3752 = DIRECTION('',(-1.,-0.,0.));
#3753 = ORIENTED_EDGE('',*,*,#3754,.F.);
#3754 = EDGE_CURVE('',#3716,#3745,#3755,.T.);
#3755 = LINE('',#3756,#3757);
#3756 = CARTESIAN_POINT('',(-5.3,0.25,-2.25));
#3757 = VECTOR('',#3758,1.);
#3758 = DIRECTION('',(0.,0.,1.));
#3759 = ORIENTED_EDGE('',*,*,#3713,.F.);
#3760 = ORIENTED_EDGE('',*,*,#3761,.T.);
#3761 = EDGE_CURVE('',#3714,#3747,#3762,.T.);
#3762 = LINE('',#3763,#3764);
#3763 = CARTESIAN_POINT('',(-5.7,0.25,-2.25));
#3764 = VECTOR('',#3765,1.);
#3765 = DIRECTION('',(0.,0.,1.));
#3766 = PLANE('',#3767);
#3767 = AXIS2_PLACEMENT_3D('',#3768,#3769,#3770);
#3768 = CARTESIAN_POINT('',(-5.5,0.25,-1.9));
#3769 = DIRECTION('',(0.,-1.,0.));
#3770 = DIRECTION('',(-1.,0.,0.));
#3771 = ADVANCED_FACE('',(#3772),#3799,.F.);
#3772 = FACE_BOUND('',#3773,.F.);
#3773 = EDGE_LOOP('',(#3774,#3784,#3791,#3792));
#3774 = ORIENTED_EDGE('',*,*,#3775,.F.);
#3775 = EDGE_CURVE('',#3776,#3778,#3780,.T.);
#3776 = VERTEX_POINT('',#3777);
#3777 = CARTESIAN_POINT('',(-5.7,0.402020410289,-1.32));
#3778 = VERTEX_POINT('',#3779);
#3779 = CARTESIAN_POINT('',(-5.3,0.402020410289,-1.32));
#3780 = LINE('',#3781,#3782);
#3781 = CARTESIAN_POINT('',(-5.7,0.402020410289,-1.32));
#3782 = VECTOR('',#3783,1.);
#3783 = DIRECTION('',(1.,0.,0.));
#3784 = ORIENTED_EDGE('',*,*,#3785,.F.);
#3785 = EDGE_CURVE('',#3747,#3776,#3786,.T.);
#3786 = CIRCLE('',#3787,0.25);
#3787 = AXIS2_PLACEMENT_3D('',#3788,#3789,#3790);
#3788 = CARTESIAN_POINT('',(-5.7,0.5,-1.55));
#3789 = DIRECTION('',(-1.,0.,0.));
#3790 = DIRECTION('',(0.,-1.,0.));
#3791 = ORIENTED_EDGE('',*,*,#3744,.F.);
#3792 = ORIENTED_EDGE('',*,*,#3793,.T.);
#3793 = EDGE_CURVE('',#3745,#3778,#3794,.T.);
#3794 = CIRCLE('',#3795,0.25);
#3795 = AXIS2_PLACEMENT_3D('',#3796,#3797,#3798);
#3796 = CARTESIAN_POINT('',(-5.3,0.5,-1.55));
#3797 = DIRECTION('',(-1.,0.,0.));
#3798 = DIRECTION('',(0.,-1.,0.));
#3799 = CYLINDRICAL_SURFACE('',#3800,0.25);
#3800 = AXIS2_PLACEMENT_3D('',#3801,#3802,#3803);
#3801 = CARTESIAN_POINT('',(-5.708,0.5,-1.55));
#3802 = DIRECTION('',(1.,0.,0.));
#3803 = DIRECTION('',(0.,0.,-1.));
#3804 = ADVANCED_FACE('',(#3805),#3841,.T.);
#3805 = FACE_BOUND('',#3806,.T.);
#3806 = EDGE_LOOP('',(#3807,#3818,#3826,#3835));
#3807 = ORIENTED_EDGE('',*,*,#3808,.T.);
#3808 = EDGE_CURVE('',#3809,#3811,#3813,.T.);
#3809 = VERTEX_POINT('',#3810);
#3810 = CARTESIAN_POINT('',(-3.7,5.6040542392E-02,-1.32));
#3811 = VERTEX_POINT('',#3812);
#3812 = CARTESIAN_POINT('',(-3.7,-8.673617379884E-16,-1.55));
#3813 = CIRCLE('',#3814,0.5);
#3814 = AXIS2_PLACEMENT_3D('',#3815,#3816,#3817);
#3815 = CARTESIAN_POINT('',(-3.7,0.5,-1.55));
#3816 = DIRECTION('',(1.,0.,0.));
#3817 = DIRECTION('',(0.,-0.887918915217,0.46));
#3818 = ORIENTED_EDGE('',*,*,#3819,.F.);
#3819 = EDGE_CURVE('',#3820,#3811,#3822,.T.);
#3820 = VERTEX_POINT('',#3821);
#3821 = CARTESIAN_POINT('',(-3.3,-8.673617379884E-16,-1.55));
#3822 = LINE('',#3823,#3824);
#3823 = CARTESIAN_POINT('',(-3.3,-8.673617379884E-16,-1.55));
#3824 = VECTOR('',#3825,1.);
#3825 = DIRECTION('',(-1.,-0.,0.));
#3826 = ORIENTED_EDGE('',*,*,#3827,.F.);
#3827 = EDGE_CURVE('',#3828,#3820,#3830,.T.);
#3828 = VERTEX_POINT('',#3829);
#3829 = CARTESIAN_POINT('',(-3.3,5.6040542392E-02,-1.32));
#3830 = CIRCLE('',#3831,0.5);
#3831 = AXIS2_PLACEMENT_3D('',#3832,#3833,#3834);
#3832 = CARTESIAN_POINT('',(-3.3,0.5,-1.55));
#3833 = DIRECTION('',(1.,0.,0.));
#3834 = DIRECTION('',(0.,-0.887918915217,0.46));
#3835 = ORIENTED_EDGE('',*,*,#3836,.F.);
#3836 = EDGE_CURVE('',#3809,#3828,#3837,.T.);
#3837 = LINE('',#3838,#3839);
#3838 = CARTESIAN_POINT('',(-3.7,5.6040542392E-02,-1.32));
#3839 = VECTOR('',#3840,1.);
#3840 = DIRECTION('',(1.,0.,0.));
#3841 = CYLINDRICAL_SURFACE('',#3842,0.5);
#3842 = AXIS2_PLACEMENT_3D('',#3843,#3844,#3845);
#3843 = CARTESIAN_POINT('',(-3.708,0.5,-1.55));
#3844 = DIRECTION('',(1.,0.,0.));
#3845 = DIRECTION('',(0.,0.,-1.));
#3846 = ADVANCED_FACE('',(#3847),#3872,.T.);
#3847 = FACE_BOUND('',#3848,.T.);
#3848 = EDGE_LOOP('',(#3849,#3859,#3865,#3866));
#3849 = ORIENTED_EDGE('',*,*,#3850,.T.);
#3850 = EDGE_CURVE('',#3851,#3853,#3855,.T.);
#3851 = VERTEX_POINT('',#3852);
#3852 = CARTESIAN_POINT('',(-3.7,-8.673617379884E-16,-2.25));
#3853 = VERTEX_POINT('',#3854);
#3854 = CARTESIAN_POINT('',(-3.3,-8.673617379884E-16,-2.25));
#3855 = LINE('',#3856,#3857);
#3856 = CARTESIAN_POINT('',(-3.7,-8.673617379884E-16,-2.25));
#3857 = VECTOR('',#3858,1.);
#3858 = DIRECTION('',(1.,0.,0.));
#3859 = ORIENTED_EDGE('',*,*,#3860,.F.);
#3860 = EDGE_CURVE('',#3820,#3853,#3861,.T.);
#3861 = LINE('',#3862,#3863);
#3862 = CARTESIAN_POINT('',(-3.3,-8.673617379884E-16,-1.55));
#3863 = VECTOR('',#3864,1.);
#3864 = DIRECTION('',(0.,-1.33226762955E-14,-1.));
#3865 = ORIENTED_EDGE('',*,*,#3819,.T.);
#3866 = ORIENTED_EDGE('',*,*,#3867,.T.);
#3867 = EDGE_CURVE('',#3811,#3851,#3868,.T.);
#3868 = LINE('',#3869,#3870);
#3869 = CARTESIAN_POINT('',(-3.7,-8.673617379884E-16,-1.55));
#3870 = VECTOR('',#3871,1.);
#3871 = DIRECTION('',(0.,-1.395708945243E-14,-1.));
#3872 = PLANE('',#3873);
#3873 = AXIS2_PLACEMENT_3D('',#3874,#3875,#3876);
#3874 = CARTESIAN_POINT('',(-3.5,-8.673617379884E-16,-1.9));
#3875 = DIRECTION('',(0.,-1.,0.));
#3876 = DIRECTION('',(-1.,0.,0.));
#3877 = ADVANCED_FACE('',(#3878),#3903,.T.);
#3878 = FACE_BOUND('',#3879,.T.);
#3879 = EDGE_LOOP('',(#3880,#3890,#3896,#3897));
#3880 = ORIENTED_EDGE('',*,*,#3881,.T.);
#3881 = EDGE_CURVE('',#3882,#3884,#3886,.T.);
#3882 = VERTEX_POINT('',#3883);
#3883 = CARTESIAN_POINT('',(-3.7,0.25,-2.25));
#3884 = VERTEX_POINT('',#3885);
#3885 = CARTESIAN_POINT('',(-3.3,0.25,-2.25));
#3886 = LINE('',#3887,#3888);
#3887 = CARTESIAN_POINT('',(-3.7,0.25,-2.25));
#3888 = VECTOR('',#3889,1.);
#3889 = DIRECTION('',(1.,0.,0.));
#3890 = ORIENTED_EDGE('',*,*,#3891,.F.);
#3891 = EDGE_CURVE('',#3853,#3884,#3892,.T.);
#3892 = LINE('',#3893,#3894);
#3893 = CARTESIAN_POINT('',(-3.3,-8.673617379884E-16,-2.25));
#3894 = VECTOR('',#3895,1.);
#3895 = DIRECTION('',(0.,1.,0.));
#3896 = ORIENTED_EDGE('',*,*,#3850,.F.);
#3897 = ORIENTED_EDGE('',*,*,#3898,.T.);
#3898 = EDGE_CURVE('',#3851,#3882,#3899,.T.);
#3899 = LINE('',#3900,#3901);
#3900 = CARTESIAN_POINT('',(-3.7,-8.673617379884E-16,-2.25));
#3901 = VECTOR('',#3902,1.);
#3902 = DIRECTION('',(0.,1.,0.));
#3903 = PLANE('',#3904);
#3904 = AXIS2_PLACEMENT_3D('',#3905,#3906,#3907);
#3905 = CARTESIAN_POINT('',(-3.5,0.125,-2.25));
#3906 = DIRECTION('',(0.,-0.,-1.));
#3907 = DIRECTION('',(-1.,-0.,0.));
#3908 = ADVANCED_FACE('',(#3909),#3934,.F.);
#3909 = FACE_BOUND('',#3910,.T.);
#3910 = EDGE_LOOP('',(#3911,#3921,#3927,#3928));
#3911 = ORIENTED_EDGE('',*,*,#3912,.F.);
#3912 = EDGE_CURVE('',#3913,#3915,#3917,.T.);
#3913 = VERTEX_POINT('',#3914);
#3914 = CARTESIAN_POINT('',(-3.3,0.25,-1.55));
#3915 = VERTEX_POINT('',#3916);
#3916 = CARTESIAN_POINT('',(-3.7,0.25,-1.55));
#3917 = LINE('',#3918,#3919);
#3918 = CARTESIAN_POINT('',(-3.3,0.25,-1.55));
#3919 = VECTOR('',#3920,1.);
#3920 = DIRECTION('',(-1.,-0.,0.));
#3921 = ORIENTED_EDGE('',*,*,#3922,.F.);
#3922 = EDGE_CURVE('',#3884,#3913,#3923,.T.);
#3923 = LINE('',#3924,#3925);
#3924 = CARTESIAN_POINT('',(-3.3,0.25,-2.25));
#3925 = VECTOR('',#3926,1.);
#3926 = DIRECTION('',(0.,0.,1.));
#3927 = ORIENTED_EDGE('',*,*,#3881,.F.);
#3928 = ORIENTED_EDGE('',*,*,#3929,.T.);
#3929 = EDGE_CURVE('',#3882,#3915,#3930,.T.);
#3930 = LINE('',#3931,#3932);
#3931 = CARTESIAN_POINT('',(-3.7,0.25,-2.25));
#3932 = VECTOR('',#3933,1.);
#3933 = DIRECTION('',(0.,0.,1.));
#3934 = PLANE('',#3935);
#3935 = AXIS2_PLACEMENT_3D('',#3936,#3937,#3938);
#3936 = CARTESIAN_POINT('',(-3.5,0.25,-1.9));
#3937 = DIRECTION('',(0.,-1.,0.));
#3938 = DIRECTION('',(-1.,0.,0.));
#3939 = ADVANCED_FACE('',(#3940),#3967,.F.);
#3940 = FACE_BOUND('',#3941,.F.);
#3941 = EDGE_LOOP('',(#3942,#3952,#3959,#3960));
#3942 = ORIENTED_EDGE('',*,*,#3943,.F.);
#3943 = EDGE_CURVE('',#3944,#3946,#3948,.T.);
#3944 = VERTEX_POINT('',#3945);
#3945 = CARTESIAN_POINT('',(-3.7,0.402020410289,-1.32));
#3946 = VERTEX_POINT('',#3947);
#3947 = CARTESIAN_POINT('',(-3.3,0.402020410289,-1.32));
#3948 = LINE('',#3949,#3950);
#3949 = CARTESIAN_POINT('',(-3.7,0.402020410289,-1.32));
#3950 = VECTOR('',#3951,1.);
#3951 = DIRECTION('',(1.,0.,0.));
#3952 = ORIENTED_EDGE('',*,*,#3953,.F.);
#3953 = EDGE_CURVE('',#3915,#3944,#3954,.T.);
#3954 = CIRCLE('',#3955,0.25);
#3955 = AXIS2_PLACEMENT_3D('',#3956,#3957,#3958);
#3956 = CARTESIAN_POINT('',(-3.7,0.5,-1.55));
#3957 = DIRECTION('',(-1.,0.,0.));
#3958 = DIRECTION('',(0.,-1.,0.));
#3959 = ORIENTED_EDGE('',*,*,#3912,.F.);
#3960 = ORIENTED_EDGE('',*,*,#3961,.T.);
#3961 = EDGE_CURVE('',#3913,#3946,#3962,.T.);
#3962 = CIRCLE('',#3963,0.25);
#3963 = AXIS2_PLACEMENT_3D('',#3964,#3965,#3966);
#3964 = CARTESIAN_POINT('',(-3.3,0.5,-1.55));
#3965 = DIRECTION('',(-1.,0.,0.));
#3966 = DIRECTION('',(0.,-1.,0.));
#3967 = CYLINDRICAL_SURFACE('',#3968,0.25);
#3968 = AXIS2_PLACEMENT_3D('',#3969,#3970,#3971);
#3969 = CARTESIAN_POINT('',(-3.708,0.5,-1.55));
#3970 = DIRECTION('',(1.,0.,0.));
#3971 = DIRECTION('',(0.,0.,-1.));
#3972 = ADVANCED_FACE('',(#3973),#4009,.T.);
#3973 = FACE_BOUND('',#3974,.T.);
#3974 = EDGE_LOOP('',(#3975,#3986,#3994,#4003));
#3975 = ORIENTED_EDGE('',*,*,#3976,.T.);
#3976 = EDGE_CURVE('',#3977,#3979,#3981,.T.);
#3977 = VERTEX_POINT('',#3978);
#3978 = CARTESIAN_POINT('',(-1.7,5.6040542392E-02,-1.32));
#3979 = VERTEX_POINT('',#3980);
#3980 = CARTESIAN_POINT('',(-1.7,-8.673617379884E-16,-1.55));
#3981 = CIRCLE('',#3982,0.5);
#3982 = AXIS2_PLACEMENT_3D('',#3983,#3984,#3985);
#3983 = CARTESIAN_POINT('',(-1.7,0.5,-1.55));
#3984 = DIRECTION('',(1.,0.,0.));
#3985 = DIRECTION('',(0.,-0.887918915217,0.46));
#3986 = ORIENTED_EDGE('',*,*,#3987,.F.);
#3987 = EDGE_CURVE('',#3988,#3979,#3990,.T.);
#3988 = VERTEX_POINT('',#3989);
#3989 = CARTESIAN_POINT('',(-1.3,-8.673617379884E-16,-1.55));
#3990 = LINE('',#3991,#3992);
#3991 = CARTESIAN_POINT('',(-1.3,-8.673617379884E-16,-1.55));
#3992 = VECTOR('',#3993,1.);
#3993 = DIRECTION('',(-1.,-0.,0.));
#3994 = ORIENTED_EDGE('',*,*,#3995,.F.);
#3995 = EDGE_CURVE('',#3996,#3988,#3998,.T.);
#3996 = VERTEX_POINT('',#3997);
#3997 = CARTESIAN_POINT('',(-1.3,5.6040542392E-02,-1.32));
#3998 = CIRCLE('',#3999,0.5);
#3999 = AXIS2_PLACEMENT_3D('',#4000,#4001,#4002);
#4000 = CARTESIAN_POINT('',(-1.3,0.5,-1.55));
#4001 = DIRECTION('',(1.,0.,0.));
#4002 = DIRECTION('',(0.,-0.887918915217,0.46));
#4003 = ORIENTED_EDGE('',*,*,#4004,.F.);
#4004 = EDGE_CURVE('',#3977,#3996,#4005,.T.);
#4005 = LINE('',#4006,#4007);
#4006 = CARTESIAN_POINT('',(-1.7,5.6040542392E-02,-1.32));
#4007 = VECTOR('',#4008,1.);
#4008 = DIRECTION('',(1.,0.,0.));
#4009 = CYLINDRICAL_SURFACE('',#4010,0.5);
#4010 = AXIS2_PLACEMENT_3D('',#4011,#4012,#4013);
#4011 = CARTESIAN_POINT('',(-1.708,0.5,-1.55));
#4012 = DIRECTION('',(1.,0.,0.));
#4013 = DIRECTION('',(0.,0.,-1.));
#4014 = ADVANCED_FACE('',(#4015),#4040,.T.);
#4015 = FACE_BOUND('',#4016,.T.);
#4016 = EDGE_LOOP('',(#4017,#4027,#4033,#4034));
#4017 = ORIENTED_EDGE('',*,*,#4018,.T.);
#4018 = EDGE_CURVE('',#4019,#4021,#4023,.T.);
#4019 = VERTEX_POINT('',#4020);
#4020 = CARTESIAN_POINT('',(-1.7,-8.673617379884E-16,-2.25));
#4021 = VERTEX_POINT('',#4022);
#4022 = CARTESIAN_POINT('',(-1.3,-8.673617379884E-16,-2.25));
#4023 = LINE('',#4024,#4025);
#4024 = CARTESIAN_POINT('',(-1.7,-8.673617379884E-16,-2.25));
#4025 = VECTOR('',#4026,1.);
#4026 = DIRECTION('',(1.,0.,0.));
#4027 = ORIENTED_EDGE('',*,*,#4028,.F.);
#4028 = EDGE_CURVE('',#3988,#4021,#4029,.T.);
#4029 = LINE('',#4030,#4031);
#4030 = CARTESIAN_POINT('',(-1.3,-8.673617379884E-16,-1.55));
#4031 = VECTOR('',#4032,1.);
#4032 = DIRECTION('',(0.,-1.33226762955E-14,-1.));
#4033 = ORIENTED_EDGE('',*,*,#3987,.T.);
#4034 = ORIENTED_EDGE('',*,*,#4035,.T.);
#4035 = EDGE_CURVE('',#3979,#4019,#4036,.T.);
#4036 = LINE('',#4037,#4038);
#4037 = CARTESIAN_POINT('',(-1.7,-8.673617379884E-16,-1.55));
#4038 = VECTOR('',#4039,1.);
#4039 = DIRECTION('',(0.,-1.395708945243E-14,-1.));
#4040 = PLANE('',#4041);
#4041 = AXIS2_PLACEMENT_3D('',#4042,#4043,#4044);
#4042 = CARTESIAN_POINT('',(-1.5,-8.673617379884E-16,-1.9));
#4043 = DIRECTION('',(0.,-1.,0.));
#4044 = DIRECTION('',(-1.,0.,0.));
#4045 = ADVANCED_FACE('',(#4046),#4071,.T.);
#4046 = FACE_BOUND('',#4047,.T.);
#4047 = EDGE_LOOP('',(#4048,#4058,#4064,#4065));
#4048 = ORIENTED_EDGE('',*,*,#4049,.T.);
#4049 = EDGE_CURVE('',#4050,#4052,#4054,.T.);
#4050 = VERTEX_POINT('',#4051);
#4051 = CARTESIAN_POINT('',(-1.7,0.25,-2.25));
#4052 = VERTEX_POINT('',#4053);
#4053 = CARTESIAN_POINT('',(-1.3,0.25,-2.25));
#4054 = LINE('',#4055,#4056);
#4055 = CARTESIAN_POINT('',(-1.7,0.25,-2.25));
#4056 = VECTOR('',#4057,1.);
#4057 = DIRECTION('',(1.,0.,0.));
#4058 = ORIENTED_EDGE('',*,*,#4059,.F.);
#4059 = EDGE_CURVE('',#4021,#4052,#4060,.T.);
#4060 = LINE('',#4061,#4062);
#4061 = CARTESIAN_POINT('',(-1.3,-8.673617379884E-16,-2.25));
#4062 = VECTOR('',#4063,1.);
#4063 = DIRECTION('',(0.,1.,0.));
#4064 = ORIENTED_EDGE('',*,*,#4018,.F.);
#4065 = ORIENTED_EDGE('',*,*,#4066,.T.);
#4066 = EDGE_CURVE('',#4019,#4050,#4067,.T.);
#4067 = LINE('',#4068,#4069);
#4068 = CARTESIAN_POINT('',(-1.7,-8.673617379884E-16,-2.25));
#4069 = VECTOR('',#4070,1.);
#4070 = DIRECTION('',(0.,1.,0.));
#4071 = PLANE('',#4072);
#4072 = AXIS2_PLACEMENT_3D('',#4073,#4074,#4075);
#4073 = CARTESIAN_POINT('',(-1.5,0.125,-2.25));
#4074 = DIRECTION('',(0.,-0.,-1.));
#4075 = DIRECTION('',(-1.,-0.,0.));
#4076 = ADVANCED_FACE('',(#4077),#4102,.F.);
#4077 = FACE_BOUND('',#4078,.T.);
#4078 = EDGE_LOOP('',(#4079,#4089,#4095,#4096));
#4079 = ORIENTED_EDGE('',*,*,#4080,.F.);
#4080 = EDGE_CURVE('',#4081,#4083,#4085,.T.);
#4081 = VERTEX_POINT('',#4082);
#4082 = CARTESIAN_POINT('',(-1.3,0.25,-1.55));
#4083 = VERTEX_POINT('',#4084);
#4084 = CARTESIAN_POINT('',(-1.7,0.25,-1.55));
#4085 = LINE('',#4086,#4087);
#4086 = CARTESIAN_POINT('',(-1.3,0.25,-1.55));
#4087 = VECTOR('',#4088,1.);
#4088 = DIRECTION('',(-1.,-0.,0.));
#4089 = ORIENTED_EDGE('',*,*,#4090,.F.);
#4090 = EDGE_CURVE('',#4052,#4081,#4091,.T.);
#4091 = LINE('',#4092,#4093);
#4092 = CARTESIAN_POINT('',(-1.3,0.25,-2.25));
#4093 = VECTOR('',#4094,1.);
#4094 = DIRECTION('',(0.,0.,1.));
#4095 = ORIENTED_EDGE('',*,*,#4049,.F.);
#4096 = ORIENTED_EDGE('',*,*,#4097,.T.);
#4097 = EDGE_CURVE('',#4050,#4083,#4098,.T.);
#4098 = LINE('',#4099,#4100);
#4099 = CARTESIAN_POINT('',(-1.7,0.25,-2.25));
#4100 = VECTOR('',#4101,1.);
#4101 = DIRECTION('',(0.,0.,1.));
#4102 = PLANE('',#4103);
#4103 = AXIS2_PLACEMENT_3D('',#4104,#4105,#4106);
#4104 = CARTESIAN_POINT('',(-1.5,0.25,-1.9));
#4105 = DIRECTION('',(0.,-1.,0.));
#4106 = DIRECTION('',(-1.,0.,0.));
#4107 = ADVANCED_FACE('',(#4108),#4135,.F.);
#4108 = FACE_BOUND('',#4109,.F.);
#4109 = EDGE_LOOP('',(#4110,#4120,#4127,#4128));
#4110 = ORIENTED_EDGE('',*,*,#4111,.F.);
#4111 = EDGE_CURVE('',#4112,#4114,#4116,.T.);
#4112 = VERTEX_POINT('',#4113);
#4113 = CARTESIAN_POINT('',(-1.7,0.402020410289,-1.32));
#4114 = VERTEX_POINT('',#4115);
#4115 = CARTESIAN_POINT('',(-1.3,0.402020410289,-1.32));
#4116 = LINE('',#4117,#4118);
#4117 = CARTESIAN_POINT('',(-1.7,0.402020410289,-1.32));
#4118 = VECTOR('',#4119,1.);
#4119 = DIRECTION('',(1.,0.,0.));
#4120 = ORIENTED_EDGE('',*,*,#4121,.F.);
#4121 = EDGE_CURVE('',#4083,#4112,#4122,.T.);
#4122 = CIRCLE('',#4123,0.25);
#4123 = AXIS2_PLACEMENT_3D('',#4124,#4125,#4126);
#4124 = CARTESIAN_POINT('',(-1.7,0.5,-1.55));
#4125 = DIRECTION('',(-1.,0.,0.));
#4126 = DIRECTION('',(0.,-1.,0.));
#4127 = ORIENTED_EDGE('',*,*,#4080,.F.);
#4128 = ORIENTED_EDGE('',*,*,#4129,.T.);
#4129 = EDGE_CURVE('',#4081,#4114,#4130,.T.);
#4130 = CIRCLE('',#4131,0.25);
#4131 = AXIS2_PLACEMENT_3D('',#4132,#4133,#4134);
#4132 = CARTESIAN_POINT('',(-1.3,0.5,-1.55));
#4133 = DIRECTION('',(-1.,0.,0.));
#4134 = DIRECTION('',(0.,-1.,0.));
#4135 = CYLINDRICAL_SURFACE('',#4136,0.25);
#4136 = AXIS2_PLACEMENT_3D('',#4137,#4138,#4139);
#4137 = CARTESIAN_POINT('',(-1.708,0.5,-1.55));
#4138 = DIRECTION('',(1.,0.,0.));
#4139 = DIRECTION('',(0.,0.,-1.));
#4140 = ADVANCED_FACE('',(#4141),#4175,.F.);
#4141 = FACE_BOUND('',#4142,.T.);
#4142 = EDGE_LOOP('',(#4143,#4153,#4161,#4169));
#4143 = ORIENTED_EDGE('',*,*,#4144,.T.);
#4144 = EDGE_CURVE('',#4145,#4147,#4149,.T.);
#4145 = VERTEX_POINT('',#4146);
#4146 = CARTESIAN_POINT('',(-1.7,3.554875948641,0.15));
#4147 = VERTEX_POINT('',#4148);
#4148 = CARTESIAN_POINT('',(-1.7,3.200836366114,0.274610685539));
#4149 = LINE('',#4150,#4151);
#4150 = CARTESIAN_POINT('',(-1.7,3.554875948641,0.15));
#4151 = VECTOR('',#4152,1.);
#4152 = DIRECTION('',(0.,-0.943278015305,0.332003894317));
#4153 = ORIENTED_EDGE('',*,*,#4154,.T.);
#4154 = EDGE_CURVE('',#4147,#4155,#4157,.T.);
#4155 = VERTEX_POINT('',#4156);
#4156 = CARTESIAN_POINT('',(-1.3,3.200836366114,0.274610685539));
#4157 = LINE('',#4158,#4159);
#4158 = CARTESIAN_POINT('',(-1.7,3.200836366114,0.274610685539));
#4159 = VECTOR('',#4160,1.);
#4160 = DIRECTION('',(1.,0.,0.));
#4161 = ORIENTED_EDGE('',*,*,#4162,.F.);
#4162 = EDGE_CURVE('',#4163,#4155,#4165,.T.);
#4163 = VERTEX_POINT('',#4164);
#4164 = CARTESIAN_POINT('',(-1.3,3.554875948641,0.15));
#4165 = LINE('',#4166,#4167);
#4166 = CARTESIAN_POINT('',(-1.3,3.554875948641,0.15));
#4167 = VECTOR('',#4168,1.);
#4168 = DIRECTION('',(0.,-0.943278015305,0.332003894317));
#4169 = ORIENTED_EDGE('',*,*,#4170,.T.);
#4170 = EDGE_CURVE('',#4163,#4145,#4171,.T.);
#4171 = LINE('',#4172,#4173);
#4172 = CARTESIAN_POINT('',(-1.3,3.554875948641,0.15));
#4173 = VECTOR('',#4174,1.);
#4174 = DIRECTION('',(-1.,-0.,0.));
#4175 = PLANE('',#4176);
#4176 = AXIS2_PLACEMENT_3D('',#4177,#4178,#4179);
#4177 = CARTESIAN_POINT('',(-1.5,3.64331944871,0.118870697744));
#4178 = DIRECTION('',(0.,-0.332003894317,-0.943278015305));
#4179 = DIRECTION('',(-1.,-0.,0.));
#4180 = ADVANCED_FACE('',(#4181),#4206,.F.);
#4181 = FACE_BOUND('',#4182,.T.);
#4182 = EDGE_LOOP('',(#4183,#4193,#4199,#4200));
#4183 = ORIENTED_EDGE('',*,*,#4184,.T.);
#4184 = EDGE_CURVE('',#4185,#4187,#4189,.T.);
#4185 = VERTEX_POINT('',#4186);
#4186 = CARTESIAN_POINT('',(-1.7,2.47,0.6));
#4187 = VERTEX_POINT('',#4188);
#4188 = CARTESIAN_POINT('',(-1.3,2.47,0.6));
#4189 = LINE('',#4190,#4191);
#4190 = CARTESIAN_POINT('',(-1.7,2.47,0.6));
#4191 = VECTOR('',#4192,1.);
#4192 = DIRECTION('',(1.,0.,0.));
#4193 = ORIENTED_EDGE('',*,*,#4194,.F.);
#4194 = EDGE_CURVE('',#4155,#4187,#4195,.T.);
#4195 = LINE('',#4196,#4197);
#4196 = CARTESIAN_POINT('',(-1.3,3.200836366114,0.274610685539));
#4197 = VECTOR('',#4198,1.);
#4198 = DIRECTION('',(0.,-0.913545457643,0.406736643076));
#4199 = ORIENTED_EDGE('',*,*,#4154,.F.);
#4200 = ORIENTED_EDGE('',*,*,#4201,.T.);
#4201 = EDGE_CURVE('',#4147,#4185,#4202,.T.);
#4202 = LINE('',#4203,#4204);
#4203 = CARTESIAN_POINT('',(-1.7,3.200836366114,0.274610685539));
#4204 = VECTOR('',#4205,1.);
#4205 = DIRECTION('',(0.,-0.913545457643,0.406736643076));
#4206 = PLANE('',#4207);
#4207 = AXIS2_PLACEMENT_3D('',#4208,#4209,#4210);
#4208 = CARTESIAN_POINT('',(-1.5,2.835418183057,0.43730534277));
#4209 = DIRECTION('',(0.,-0.406736643076,-0.913545457643));
#4210 = DIRECTION('',(-1.,-0.,0.));
#4211 = ADVANCED_FACE('',(#4212),#4237,.F.);
#4212 = FACE_BOUND('',#4213,.T.);
#4213 = EDGE_LOOP('',(#4214,#4224,#4230,#4231));
#4214 = ORIENTED_EDGE('',*,*,#4215,.F.);
#4215 = EDGE_CURVE('',#4216,#4218,#4220,.T.);
#4216 = VERTEX_POINT('',#4217);
#4217 = CARTESIAN_POINT('',(-1.3,2.400717967697,0.56));
#4218 = VERTEX_POINT('',#4219);
#4219 = CARTESIAN_POINT('',(-1.7,2.400717967697,0.56));
#4220 = LINE('',#4221,#4222);
#4221 = CARTESIAN_POINT('',(-1.3,2.400717967697,0.56));
#4222 = VECTOR('',#4223,1.);
#4223 = DIRECTION('',(-1.,-0.,0.));
#4224 = ORIENTED_EDGE('',*,*,#4225,.F.);
#4225 = EDGE_CURVE('',#4187,#4216,#4226,.T.);
#4226 = LINE('',#4227,#4228);
#4227 = CARTESIAN_POINT('',(-1.3,2.47,0.6));
#4228 = VECTOR('',#4229,1.);
#4229 = DIRECTION('',(0.,-0.866025403785,-0.499999999999));
#4230 = ORIENTED_EDGE('',*,*,#4184,.F.);
#4231 = ORIENTED_EDGE('',*,*,#4232,.T.);
#4232 = EDGE_CURVE('',#4185,#4218,#4233,.T.);
#4233 = LINE('',#4234,#4235);
#4234 = CARTESIAN_POINT('',(-1.7,2.47,0.6));
#4235 = VECTOR('',#4236,1.);
#4236 = DIRECTION('',(0.,-0.866025403785,-0.499999999999));
#4237 = PLANE('',#4238);
#4238 = AXIS2_PLACEMENT_3D('',#4239,#4240,#4241);
#4239 = CARTESIAN_POINT('',(-1.5,2.435358983849,0.58));
#4240 = DIRECTION('',(0.,0.5,-0.866025403784));
#4241 = DIRECTION('',(1.,0.,0.));
#4242 = ADVANCED_FACE('',(#4243),#4268,.T.);
#4243 = FACE_BOUND('',#4244,.T.);
#4244 = EDGE_LOOP('',(#4245,#4255,#4261,#4262));
#4245 = ORIENTED_EDGE('',*,*,#4246,.T.);
#4246 = EDGE_CURVE('',#4247,#4249,#4251,.T.);
#4247 = VERTEX_POINT('',#4248);
#4248 = CARTESIAN_POINT('',(-1.7,2.325358355447,0.390739539619));
#4249 = VERTEX_POINT('',#4250);
#4250 = CARTESIAN_POINT('',(-1.3,2.325358355447,0.390739539619));
#4251 = LINE('',#4252,#4253);
#4252 = CARTESIAN_POINT('',(-1.7,2.325358355447,0.390739539619));
#4253 = VECTOR('',#4254,1.);
#4254 = DIRECTION('',(1.,0.,0.));
#4255 = ORIENTED_EDGE('',*,*,#4256,.F.);
#4256 = EDGE_CURVE('',#4216,#4249,#4257,.T.);
#4257 = LINE('',#4258,#4259);
#4258 = CARTESIAN_POINT('',(-1.3,2.400717967697,0.56));
#4259 = VECTOR('',#4260,1.);
#4260 = DIRECTION('',(0.,-0.406736643075,-0.913545457643));
#4261 = ORIENTED_EDGE('',*,*,#4215,.T.);
#4262 = ORIENTED_EDGE('',*,*,#4263,.T.);
#4263 = EDGE_CURVE('',#4218,#4247,#4264,.T.);
#4264 = LINE('',#4265,#4266);
#4265 = CARTESIAN_POINT('',(-1.7,2.400717967697,0.56));
#4266 = VECTOR('',#4267,1.);
#4267 = DIRECTION('',(0.,-0.406736643075,-0.913545457643));
#4268 = PLANE('',#4269);
#4269 = AXIS2_PLACEMENT_3D('',#4270,#4271,#4272);
#4270 = CARTESIAN_POINT('',(-1.5,2.363038161572,0.475369769809));
#4271 = DIRECTION('',(0.,-0.913545457643,0.406736643076));
#4272 = DIRECTION('',(1.,0.,0.));
#4273 = ADVANCED_FACE('',(#4274),#4299,.T.);
#4274 = FACE_BOUND('',#4275,.T.);
#4275 = EDGE_LOOP('',(#4276,#4284,#4285,#4293));
#4276 = ORIENTED_EDGE('',*,*,#4277,.F.);
#4277 = EDGE_CURVE('',#4249,#4278,#4280,.T.);
#4278 = VERTEX_POINT('',#4279);
#4279 = CARTESIAN_POINT('',(-1.3,2.866068214363,0.15));
#4280 = LINE('',#4281,#4282);
#4281 = CARTESIAN_POINT('',(-1.3,2.325358355447,0.390739539619));
#4282 = VECTOR('',#4283,1.);
#4283 = DIRECTION('',(0.,0.913545457643,-0.406736643076));
#4284 = ORIENTED_EDGE('',*,*,#4246,.F.);
#4285 = ORIENTED_EDGE('',*,*,#4286,.T.);
#4286 = EDGE_CURVE('',#4247,#4287,#4289,.T.);
#4287 = VERTEX_POINT('',#4288);
#4288 = CARTESIAN_POINT('',(-1.7,2.866068214363,0.15));
#4289 = LINE('',#4290,#4291);
#4290 = CARTESIAN_POINT('',(-1.7,2.325358355447,0.390739539619));
#4291 = VECTOR('',#4292,1.);
#4292 = DIRECTION('',(0.,0.913545457643,-0.406736643076));
#4293 = ORIENTED_EDGE('',*,*,#4294,.T.);
#4294 = EDGE_CURVE('',#4287,#4278,#4295,.T.);
#4295 = LINE('',#4296,#4297);
#4296 = CARTESIAN_POINT('',(-1.7,2.866068214363,0.15));
#4297 = VECTOR('',#4298,1.);
#4298 = DIRECTION('',(1.,0.,0.));
#4299 = PLANE('',#4300);
#4300 = AXIS2_PLACEMENT_3D('',#4301,#4302,#4303);
#4301 = CARTESIAN_POINT('',(-1.5,2.716851285628,0.216435657007));
#4302 = DIRECTION('',(0.,-0.406736643076,-0.913545457643));
#4303 = DIRECTION('',(-1.,-0.,0.));
#4304 = ADVANCED_FACE('',(#4305),#4318,.F.);
#4305 = FACE_BOUND('',#4306,.T.);
#4306 = EDGE_LOOP('',(#4307,#4308,#4309,#4310,#4311,#4312));
#4307 = ORIENTED_EDGE('',*,*,#3995,.T.);
#4308 = ORIENTED_EDGE('',*,*,#4028,.T.);
#4309 = ORIENTED_EDGE('',*,*,#4059,.T.);
#4310 = ORIENTED_EDGE('',*,*,#4090,.T.);
#4311 = ORIENTED_EDGE('',*,*,#4129,.T.);
#4312 = ORIENTED_EDGE('',*,*,#4313,.T.);
#4313 = EDGE_CURVE('',#4114,#3996,#4314,.T.);
#4314 = LINE('',#4315,#4316);
#4315 = CARTESIAN_POINT('',(-1.3,0.402020410289,-1.32));
#4316 = VECTOR('',#4317,1.);
#4317 = DIRECTION('',(0.,-1.,0.));
#4318 = PLANE('',#4319);
#4319 = AXIS2_PLACEMENT_3D('',#4320,#4321,#4322);
#4320 = CARTESIAN_POINT('',(-1.3,2.260070900416,-0.825));
#4321 = DIRECTION('',(-1.,-0.,0.));
#4322 = DIRECTION('',(0.,-0.,-1.));
#4323 = ADVANCED_FACE('',(#4324),#4337,.F.);
#4324 = FACE_BOUND('',#4325,.T.);
#4325 = EDGE_LOOP('',(#4326,#4327,#4328,#4329,#4330,#4331));
#4326 = ORIENTED_EDGE('',*,*,#4162,.T.);
#4327 = ORIENTED_EDGE('',*,*,#4194,.T.);
#4328 = ORIENTED_EDGE('',*,*,#4225,.T.);
#4329 = ORIENTED_EDGE('',*,*,#4256,.T.);
#4330 = ORIENTED_EDGE('',*,*,#4277,.T.);
#4331 = ORIENTED_EDGE('',*,*,#4332,.T.);
#4332 = EDGE_CURVE('',#4278,#4163,#4333,.T.);
#4333 = LINE('',#4334,#4335);
#4334 = CARTESIAN_POINT('',(-1.3,2.866068214363,0.15));
#4335 = VECTOR('',#4336,1.);
#4336 = DIRECTION('',(0.,1.,0.));
#4337 = PLANE('',#4338);
#4338 = AXIS2_PLACEMENT_3D('',#4339,#4340,#4341);
#4339 = CARTESIAN_POINT('',(-1.3,2.260070900416,-0.825));
#4340 = DIRECTION('',(-1.,-0.,0.));
#4341 = DIRECTION('',(0.,-0.,-1.));
#4342 = ADVANCED_FACE('',(#4343),#4378,.F.);
#4343 = FACE_BOUND('',#4344,.T.);
#4344 = EDGE_LOOP('',(#4345,#4356,#4364,#4372));
#4345 = ORIENTED_EDGE('',*,*,#4346,.T.);
#4346 = EDGE_CURVE('',#4347,#4349,#4351,.T.);
#4347 = VERTEX_POINT('',#4348);
#4348 = CARTESIAN_POINT('',(-1.3,4.25,-1.177351874937));
#4349 = VERTEX_POINT('',#4350);
#4350 = CARTESIAN_POINT('',(-1.3,4.26,-1.17));
#4351 = CIRCLE('',#4352,0.65);
#4352 = AXIS2_PLACEMENT_3D('',#4353,#4354,#4355);
#4353 = CARTESIAN_POINT('',(-1.3,3.87,-0.65));
#4354 = DIRECTION('',(1.,0.,0.));
#4355 = DIRECTION('',(0.,0.584615384615,-0.811310576827));
#4356 = ORIENTED_EDGE('',*,*,#4357,.F.);
#4357 = EDGE_CURVE('',#4358,#4349,#4360,.T.);
#4358 = VERTEX_POINT('',#4359);
#4359 = CARTESIAN_POINT('',(-1.3,4.26,-1.1));
#4360 = LINE('',#4361,#4362);
#4361 = CARTESIAN_POINT('',(-1.3,4.26,-1.1));
#4362 = VECTOR('',#4363,1.);
#4363 = DIRECTION('',(0.,-0.,-1.));
#4364 = ORIENTED_EDGE('',*,*,#4365,.T.);
#4365 = EDGE_CURVE('',#4358,#4366,#4368,.T.);
#4366 = VERTEX_POINT('',#4367);
#4367 = CARTESIAN_POINT('',(-1.3,4.25,-1.1));
#4368 = LINE('',#4369,#4370);
#4369 = CARTESIAN_POINT('',(-1.3,4.26,-1.1));
#4370 = VECTOR('',#4371,1.);
#4371 = DIRECTION('',(0.,-1.,0.));
#4372 = ORIENTED_EDGE('',*,*,#4373,.F.);
#4373 = EDGE_CURVE('',#4347,#4366,#4374,.T.);
#4374 = LINE('',#4375,#4376);
#4375 = CARTESIAN_POINT('',(-1.3,4.25,-1.177351874937));
#4376 = VECTOR('',#4377,1.);
#4377 = DIRECTION('',(0.,0.,1.));
#4378 = PLANE('',#4379);
#4379 = AXIS2_PLACEMENT_3D('',#4380,#4381,#4382);
#4380 = CARTESIAN_POINT('',(-1.3,2.260070900416,-0.825));
#4381 = DIRECTION('',(-1.,-0.,0.));
#4382 = DIRECTION('',(0.,-0.,-1.));
#4383 = ADVANCED_FACE('',(#4384),#4410,.T.);
#4384 = FACE_BOUND('',#4385,.T.);
#4385 = EDGE_LOOP('',(#4386,#4397,#4403,#4404));
#4386 = ORIENTED_EDGE('',*,*,#4387,.T.);
#4387 = EDGE_CURVE('',#4388,#4390,#4392,.T.);
#4388 = VERTEX_POINT('',#4389);
#4389 = CARTESIAN_POINT('',(-1.7,4.25,-1.177351874937));
#4390 = VERTEX_POINT('',#4391);
#4391 = CARTESIAN_POINT('',(-1.7,4.26,-1.17));
#4392 = CIRCLE('',#4393,0.65);
#4393 = AXIS2_PLACEMENT_3D('',#4394,#4395,#4396);
#4394 = CARTESIAN_POINT('',(-1.7,3.87,-0.65));
#4395 = DIRECTION('',(1.,0.,0.));
#4396 = DIRECTION('',(0.,0.584615384615,-0.811310576827));
#4397 = ORIENTED_EDGE('',*,*,#4398,.T.);
#4398 = EDGE_CURVE('',#4390,#4349,#4399,.T.);
#4399 = LINE('',#4400,#4401);
#4400 = CARTESIAN_POINT('',(-1.7,4.26,-1.17));
#4401 = VECTOR('',#4402,1.);
#4402 = DIRECTION('',(1.,0.,0.));
#4403 = ORIENTED_EDGE('',*,*,#4346,.F.);
#4404 = ORIENTED_EDGE('',*,*,#4405,.F.);
#4405 = EDGE_CURVE('',#4388,#4347,#4406,.T.);
#4406 = LINE('',#4407,#4408);
#4407 = CARTESIAN_POINT('',(-1.7,4.25,-1.177351874937));
#4408 = VECTOR('',#4409,1.);
#4409 = DIRECTION('',(1.,0.,0.));
#4410 = CYLINDRICAL_SURFACE('',#4411,0.65);
#4411 = AXIS2_PLACEMENT_3D('',#4412,#4413,#4414);
#4412 = CARTESIAN_POINT('',(-1.708,3.87,-0.65));
#4413 = DIRECTION('',(1.,0.,0.));
#4414 = DIRECTION('',(0.,0.,-1.));
#4415 = ADVANCED_FACE('',(#4416),#4429,.T.);
#4416 = FACE_BOUND('',#4417,.T.);
#4417 = EDGE_LOOP('',(#4418,#4419,#4420,#4421,#4422,#4423));
#4418 = ORIENTED_EDGE('',*,*,#4121,.F.);
#4419 = ORIENTED_EDGE('',*,*,#4097,.F.);
#4420 = ORIENTED_EDGE('',*,*,#4066,.F.);
#4421 = ORIENTED_EDGE('',*,*,#4035,.F.);
#4422 = ORIENTED_EDGE('',*,*,#3976,.F.);
#4423 = ORIENTED_EDGE('',*,*,#4424,.F.);
#4424 = EDGE_CURVE('',#4112,#3977,#4425,.T.);
#4425 = LINE('',#4426,#4427);
#4426 = CARTESIAN_POINT('',(-1.7,0.402020410289,-1.32));
#4427 = VECTOR('',#4428,1.);
#4428 = DIRECTION('',(0.,-1.,0.));
#4429 = PLANE('',#4430);
#4430 = AXIS2_PLACEMENT_3D('',#4431,#4432,#4433);
#4431 = CARTESIAN_POINT('',(-1.7,2.260070900416,-0.825));
#4432 = DIRECTION('',(-1.,-0.,0.));
#4433 = DIRECTION('',(0.,-0.,-1.));
#4434 = ADVANCED_FACE('',(#4435),#4448,.T.);
#4435 = FACE_BOUND('',#4436,.T.);
#4436 = EDGE_LOOP('',(#4437,#4438,#4439,#4440,#4441,#4442));
#4437 = ORIENTED_EDGE('',*,*,#4286,.F.);
#4438 = ORIENTED_EDGE('',*,*,#4263,.F.);
#4439 = ORIENTED_EDGE('',*,*,#4232,.F.);
#4440 = ORIENTED_EDGE('',*,*,#4201,.F.);
#4441 = ORIENTED_EDGE('',*,*,#4144,.F.);
#4442 = ORIENTED_EDGE('',*,*,#4443,.F.);
#4443 = EDGE_CURVE('',#4287,#4145,#4444,.T.);
#4444 = LINE('',#4445,#4446);
#4445 = CARTESIAN_POINT('',(-1.7,2.866068214363,0.15));
#4446 = VECTOR('',#4447,1.);
#4447 = DIRECTION('',(0.,1.,0.));
#4448 = PLANE('',#4449);
#4449 = AXIS2_PLACEMENT_3D('',#4450,#4451,#4452);
#4450 = CARTESIAN_POINT('',(-1.7,2.260070900416,-0.825));
#4451 = DIRECTION('',(-1.,-0.,0.));
#4452 = DIRECTION('',(0.,-0.,-1.));
#4453 = ADVANCED_FACE('',(#4454),#4479,.T.);
#4454 = FACE_BOUND('',#4455,.T.);
#4455 = EDGE_LOOP('',(#4456,#4466,#4472,#4473));
#4456 = ORIENTED_EDGE('',*,*,#4457,.F.);
#4457 = EDGE_CURVE('',#4458,#4460,#4462,.T.);
#4458 = VERTEX_POINT('',#4459);
#4459 = CARTESIAN_POINT('',(-1.7,4.26,-1.1));
#4460 = VERTEX_POINT('',#4461);
#4461 = CARTESIAN_POINT('',(-1.7,4.25,-1.1));
#4462 = LINE('',#4463,#4464);
#4463 = CARTESIAN_POINT('',(-1.7,4.26,-1.1));
#4464 = VECTOR('',#4465,1.);
#4465 = DIRECTION('',(0.,-1.,0.));
#4466 = ORIENTED_EDGE('',*,*,#4467,.T.);
#4467 = EDGE_CURVE('',#4458,#4390,#4468,.T.);
#4468 = LINE('',#4469,#4470);
#4469 = CARTESIAN_POINT('',(-1.7,4.26,-1.1));
#4470 = VECTOR('',#4471,1.);
#4471 = DIRECTION('',(0.,-0.,-1.));
#4472 = ORIENTED_EDGE('',*,*,#4387,.F.);
#4473 = ORIENTED_EDGE('',*,*,#4474,.T.);
#4474 = EDGE_CURVE('',#4388,#4460,#4475,.T.);
#4475 = LINE('',#4476,#4477);
#4476 = CARTESIAN_POINT('',(-1.7,4.25,-1.177351874937));
#4477 = VECTOR('',#4478,1.);
#4478 = DIRECTION('',(0.,0.,1.));
#4479 = PLANE('',#4480);
#4480 = AXIS2_PLACEMENT_3D('',#4481,#4482,#4483);
#4481 = CARTESIAN_POINT('',(-1.7,2.260070900416,-0.825));
#4482 = DIRECTION('',(-1.,-0.,0.));
#4483 = DIRECTION('',(0.,-0.,-1.));
#4484 = ADVANCED_FACE('',(#4485),#4521,.T.);
#4485 = FACE_BOUND('',#4486,.T.);
#4486 = EDGE_LOOP('',(#4487,#4498,#4506,#4515));
#4487 = ORIENTED_EDGE('',*,*,#4488,.T.);
#4488 = EDGE_CURVE('',#4489,#4491,#4493,.T.);
#4489 = VERTEX_POINT('',#4490);
#4490 = CARTESIAN_POINT('',(0.3,5.6040542392E-02,-1.32));
#4491 = VERTEX_POINT('',#4492);
#4492 = CARTESIAN_POINT('',(0.3,-8.673617379884E-16,-1.55));
#4493 = CIRCLE('',#4494,0.5);
#4494 = AXIS2_PLACEMENT_3D('',#4495,#4496,#4497);
#4495 = CARTESIAN_POINT('',(0.3,0.5,-1.55));
#4496 = DIRECTION('',(1.,0.,0.));
#4497 = DIRECTION('',(0.,-0.887918915217,0.46));
#4498 = ORIENTED_EDGE('',*,*,#4499,.F.);
#4499 = EDGE_CURVE('',#4500,#4491,#4502,.T.);
#4500 = VERTEX_POINT('',#4501);
#4501 = CARTESIAN_POINT('',(0.7,-8.673617379884E-16,-1.55));
#4502 = LINE('',#4503,#4504);
#4503 = CARTESIAN_POINT('',(0.7,-8.673617379884E-16,-1.55));
#4504 = VECTOR('',#4505,1.);
#4505 = DIRECTION('',(-1.,-0.,0.));
#4506 = ORIENTED_EDGE('',*,*,#4507,.F.);
#4507 = EDGE_CURVE('',#4508,#4500,#4510,.T.);
#4508 = VERTEX_POINT('',#4509);
#4509 = CARTESIAN_POINT('',(0.7,5.6040542392E-02,-1.32));
#4510 = CIRCLE('',#4511,0.5);
#4511 = AXIS2_PLACEMENT_3D('',#4512,#4513,#4514);
#4512 = CARTESIAN_POINT('',(0.7,0.5,-1.55));
#4513 = DIRECTION('',(1.,0.,0.));
#4514 = DIRECTION('',(0.,-0.887918915217,0.46));
#4515 = ORIENTED_EDGE('',*,*,#4516,.F.);
#4516 = EDGE_CURVE('',#4489,#4508,#4517,.T.);
#4517 = LINE('',#4518,#4519);
#4518 = CARTESIAN_POINT('',(0.3,5.6040542392E-02,-1.32));
#4519 = VECTOR('',#4520,1.);
#4520 = DIRECTION('',(1.,0.,0.));
#4521 = CYLINDRICAL_SURFACE('',#4522,0.5);
#4522 = AXIS2_PLACEMENT_3D('',#4523,#4524,#4525);
#4523 = CARTESIAN_POINT('',(0.292,0.5,-1.55));
#4524 = DIRECTION('',(1.,0.,0.));
#4525 = DIRECTION('',(0.,0.,-1.));
#4526 = ADVANCED_FACE('',(#4527),#4552,.T.);
#4527 = FACE_BOUND('',#4528,.T.);
#4528 = EDGE_LOOP('',(#4529,#4539,#4545,#4546));
#4529 = ORIENTED_EDGE('',*,*,#4530,.T.);
#4530 = EDGE_CURVE('',#4531,#4533,#4535,.T.);
#4531 = VERTEX_POINT('',#4532);
#4532 = CARTESIAN_POINT('',(0.3,-8.673617379884E-16,-2.25));
#4533 = VERTEX_POINT('',#4534);
#4534 = CARTESIAN_POINT('',(0.7,-8.673617379884E-16,-2.25));
#4535 = LINE('',#4536,#4537);
#4536 = CARTESIAN_POINT('',(0.3,-8.673617379884E-16,-2.25));
#4537 = VECTOR('',#4538,1.);
#4538 = DIRECTION('',(1.,0.,0.));
#4539 = ORIENTED_EDGE('',*,*,#4540,.F.);
#4540 = EDGE_CURVE('',#4500,#4533,#4541,.T.);
#4541 = LINE('',#4542,#4543);
#4542 = CARTESIAN_POINT('',(0.7,-8.673617379884E-16,-1.55));
#4543 = VECTOR('',#4544,1.);
#4544 = DIRECTION('',(0.,-1.33226762955E-14,-1.));
#4545 = ORIENTED_EDGE('',*,*,#4499,.T.);
#4546 = ORIENTED_EDGE('',*,*,#4547,.T.);
#4547 = EDGE_CURVE('',#4491,#4531,#4548,.T.);
#4548 = LINE('',#4549,#4550);
#4549 = CARTESIAN_POINT('',(0.3,-8.673617379884E-16,-1.55));
#4550 = VECTOR('',#4551,1.);
#4551 = DIRECTION('',(0.,-1.395708945243E-14,-1.));
#4552 = PLANE('',#4553);
#4553 = AXIS2_PLACEMENT_3D('',#4554,#4555,#4556);
#4554 = CARTESIAN_POINT('',(0.5,-8.673617379884E-16,-1.9));
#4555 = DIRECTION('',(0.,-1.,0.));
#4556 = DIRECTION('',(-1.,0.,0.));
#4557 = ADVANCED_FACE('',(#4558),#4583,.T.);
#4558 = FACE_BOUND('',#4559,.T.);
#4559 = EDGE_LOOP('',(#4560,#4570,#4576,#4577));
#4560 = ORIENTED_EDGE('',*,*,#4561,.T.);
#4561 = EDGE_CURVE('',#4562,#4564,#4566,.T.);
#4562 = VERTEX_POINT('',#4563);
#4563 = CARTESIAN_POINT('',(0.3,0.25,-2.25));
#4564 = VERTEX_POINT('',#4565);
#4565 = CARTESIAN_POINT('',(0.7,0.25,-2.25));
#4566 = LINE('',#4567,#4568);
#4567 = CARTESIAN_POINT('',(0.3,0.25,-2.25));
#4568 = VECTOR('',#4569,1.);
#4569 = DIRECTION('',(1.,0.,0.));
#4570 = ORIENTED_EDGE('',*,*,#4571,.F.);
#4571 = EDGE_CURVE('',#4533,#4564,#4572,.T.);
#4572 = LINE('',#4573,#4574);
#4573 = CARTESIAN_POINT('',(0.7,-8.673617379884E-16,-2.25));
#4574 = VECTOR('',#4575,1.);
#4575 = DIRECTION('',(0.,1.,0.));
#4576 = ORIENTED_EDGE('',*,*,#4530,.F.);
#4577 = ORIENTED_EDGE('',*,*,#4578,.T.);
#4578 = EDGE_CURVE('',#4531,#4562,#4579,.T.);
#4579 = LINE('',#4580,#4581);
#4580 = CARTESIAN_POINT('',(0.3,-8.673617379884E-16,-2.25));
#4581 = VECTOR('',#4582,1.);
#4582 = DIRECTION('',(0.,1.,0.));
#4583 = PLANE('',#4584);
#4584 = AXIS2_PLACEMENT_3D('',#4585,#4586,#4587);
#4585 = CARTESIAN_POINT('',(0.5,0.125,-2.25));
#4586 = DIRECTION('',(0.,-0.,-1.));
#4587 = DIRECTION('',(-1.,-0.,0.));
#4588 = ADVANCED_FACE('',(#4589),#4614,.F.);
#4589 = FACE_BOUND('',#4590,.T.);
#4590 = EDGE_LOOP('',(#4591,#4601,#4607,#4608));
#4591 = ORIENTED_EDGE('',*,*,#4592,.F.);
#4592 = EDGE_CURVE('',#4593,#4595,#4597,.T.);
#4593 = VERTEX_POINT('',#4594);
#4594 = CARTESIAN_POINT('',(0.7,0.25,-1.55));
#4595 = VERTEX_POINT('',#4596);
#4596 = CARTESIAN_POINT('',(0.3,0.25,-1.55));
#4597 = LINE('',#4598,#4599);
#4598 = CARTESIAN_POINT('',(0.7,0.25,-1.55));
#4599 = VECTOR('',#4600,1.);
#4600 = DIRECTION('',(-1.,-0.,0.));
#4601 = ORIENTED_EDGE('',*,*,#4602,.F.);
#4602 = EDGE_CURVE('',#4564,#4593,#4603,.T.);
#4603 = LINE('',#4604,#4605);
#4604 = CARTESIAN_POINT('',(0.7,0.25,-2.25));
#4605 = VECTOR('',#4606,1.);
#4606 = DIRECTION('',(0.,0.,1.));
#4607 = ORIENTED_EDGE('',*,*,#4561,.F.);
#4608 = ORIENTED_EDGE('',*,*,#4609,.T.);
#4609 = EDGE_CURVE('',#4562,#4595,#4610,.T.);
#4610 = LINE('',#4611,#4612);
#4611 = CARTESIAN_POINT('',(0.3,0.25,-2.25));
#4612 = VECTOR('',#4613,1.);
#4613 = DIRECTION('',(0.,0.,1.));
#4614 = PLANE('',#4615);
#4615 = AXIS2_PLACEMENT_3D('',#4616,#4617,#4618);
#4616 = CARTESIAN_POINT('',(0.5,0.25,-1.9));
#4617 = DIRECTION('',(0.,-1.,0.));
#4618 = DIRECTION('',(-1.,0.,0.));
#4619 = ADVANCED_FACE('',(#4620),#4647,.F.);
#4620 = FACE_BOUND('',#4621,.F.);
#4621 = EDGE_LOOP('',(#4622,#4632,#4639,#4640));
#4622 = ORIENTED_EDGE('',*,*,#4623,.F.);
#4623 = EDGE_CURVE('',#4624,#4626,#4628,.T.);
#4624 = VERTEX_POINT('',#4625);
#4625 = CARTESIAN_POINT('',(0.3,0.402020410289,-1.32));
#4626 = VERTEX_POINT('',#4627);
#4627 = CARTESIAN_POINT('',(0.7,0.402020410289,-1.32));
#4628 = LINE('',#4629,#4630);
#4629 = CARTESIAN_POINT('',(0.3,0.402020410289,-1.32));
#4630 = VECTOR('',#4631,1.);
#4631 = DIRECTION('',(1.,0.,0.));
#4632 = ORIENTED_EDGE('',*,*,#4633,.F.);
#4633 = EDGE_CURVE('',#4595,#4624,#4634,.T.);
#4634 = CIRCLE('',#4635,0.25);
#4635 = AXIS2_PLACEMENT_3D('',#4636,#4637,#4638);
#4636 = CARTESIAN_POINT('',(0.3,0.5,-1.55));
#4637 = DIRECTION('',(-1.,0.,0.));
#4638 = DIRECTION('',(0.,-1.,0.));
#4639 = ORIENTED_EDGE('',*,*,#4592,.F.);
#4640 = ORIENTED_EDGE('',*,*,#4641,.T.);
#4641 = EDGE_CURVE('',#4593,#4626,#4642,.T.);
#4642 = CIRCLE('',#4643,0.25);
#4643 = AXIS2_PLACEMENT_3D('',#4644,#4645,#4646);
#4644 = CARTESIAN_POINT('',(0.7,0.5,-1.55));
#4645 = DIRECTION('',(-1.,0.,0.));
#4646 = DIRECTION('',(0.,-1.,0.));
#4647 = CYLINDRICAL_SURFACE('',#4648,0.25);
#4648 = AXIS2_PLACEMENT_3D('',#4649,#4650,#4651);
#4649 = CARTESIAN_POINT('',(0.292,0.5,-1.55));
#4650 = DIRECTION('',(1.,0.,0.));
#4651 = DIRECTION('',(0.,0.,-1.));
#4652 = ADVANCED_FACE('',(#4653),#4687,.F.);
#4653 = FACE_BOUND('',#4654,.T.);
#4654 = EDGE_LOOP('',(#4655,#4665,#4673,#4681));
#4655 = ORIENTED_EDGE('',*,*,#4656,.T.);
#4656 = EDGE_CURVE('',#4657,#4659,#4661,.T.);
#4657 = VERTEX_POINT('',#4658);
#4658 = CARTESIAN_POINT('',(0.3,3.554875948641,0.15));
#4659 = VERTEX_POINT('',#4660);
#4660 = CARTESIAN_POINT('',(0.3,3.200836366114,0.274610685539));
#4661 = LINE('',#4662,#4663);
#4662 = CARTESIAN_POINT('',(0.3,3.554875948641,0.15));
#4663 = VECTOR('',#4664,1.);
#4664 = DIRECTION('',(0.,-0.943278015305,0.332003894317));
#4665 = ORIENTED_EDGE('',*,*,#4666,.T.);
#4666 = EDGE_CURVE('',#4659,#4667,#4669,.T.);
#4667 = VERTEX_POINT('',#4668);
#4668 = CARTESIAN_POINT('',(0.7,3.200836366114,0.274610685539));
#4669 = LINE('',#4670,#4671);
#4670 = CARTESIAN_POINT('',(0.3,3.200836366114,0.274610685539));
#4671 = VECTOR('',#4672,1.);
#4672 = DIRECTION('',(1.,0.,0.));
#4673 = ORIENTED_EDGE('',*,*,#4674,.F.);
#4674 = EDGE_CURVE('',#4675,#4667,#4677,.T.);
#4675 = VERTEX_POINT('',#4676);
#4676 = CARTESIAN_POINT('',(0.7,3.554875948641,0.15));
#4677 = LINE('',#4678,#4679);
#4678 = CARTESIAN_POINT('',(0.7,3.554875948641,0.15));
#4679 = VECTOR('',#4680,1.);
#4680 = DIRECTION('',(0.,-0.943278015305,0.332003894317));
#4681 = ORIENTED_EDGE('',*,*,#4682,.T.);
#4682 = EDGE_CURVE('',#4675,#4657,#4683,.T.);
#4683 = LINE('',#4684,#4685);
#4684 = CARTESIAN_POINT('',(0.7,3.554875948641,0.15));
#4685 = VECTOR('',#4686,1.);
#4686 = DIRECTION('',(-1.,-0.,0.));
#4687 = PLANE('',#4688);
#4688 = AXIS2_PLACEMENT_3D('',#4689,#4690,#4691);
#4689 = CARTESIAN_POINT('',(0.5,3.64331944871,0.118870697744));
#4690 = DIRECTION('',(0.,-0.332003894317,-0.943278015305));
#4691 = DIRECTION('',(-1.,-0.,0.));
#4692 = ADVANCED_FACE('',(#4693),#4718,.F.);
#4693 = FACE_BOUND('',#4694,.T.);
#4694 = EDGE_LOOP('',(#4695,#4705,#4711,#4712));
#4695 = ORIENTED_EDGE('',*,*,#4696,.T.);
#4696 = EDGE_CURVE('',#4697,#4699,#4701,.T.);
#4697 = VERTEX_POINT('',#4698);
#4698 = CARTESIAN_POINT('',(0.3,2.47,0.6));
#4699 = VERTEX_POINT('',#4700);
#4700 = CARTESIAN_POINT('',(0.7,2.47,0.6));
#4701 = LINE('',#4702,#4703);
#4702 = CARTESIAN_POINT('',(0.3,2.47,0.6));
#4703 = VECTOR('',#4704,1.);
#4704 = DIRECTION('',(1.,0.,0.));
#4705 = ORIENTED_EDGE('',*,*,#4706,.F.);
#4706 = EDGE_CURVE('',#4667,#4699,#4707,.T.);
#4707 = LINE('',#4708,#4709);
#4708 = CARTESIAN_POINT('',(0.7,3.200836366114,0.274610685539));
#4709 = VECTOR('',#4710,1.);
#4710 = DIRECTION('',(0.,-0.913545457643,0.406736643076));
#4711 = ORIENTED_EDGE('',*,*,#4666,.F.);
#4712 = ORIENTED_EDGE('',*,*,#4713,.T.);
#4713 = EDGE_CURVE('',#4659,#4697,#4714,.T.);
#4714 = LINE('',#4715,#4716);
#4715 = CARTESIAN_POINT('',(0.3,3.200836366114,0.274610685539));
#4716 = VECTOR('',#4717,1.);
#4717 = DIRECTION('',(0.,-0.913545457643,0.406736643076));
#4718 = PLANE('',#4719);
#4719 = AXIS2_PLACEMENT_3D('',#4720,#4721,#4722);
#4720 = CARTESIAN_POINT('',(0.5,2.835418183057,0.43730534277));
#4721 = DIRECTION('',(0.,-0.406736643076,-0.913545457643));
#4722 = DIRECTION('',(-1.,-0.,0.));
#4723 = ADVANCED_FACE('',(#4724),#4749,.F.);
#4724 = FACE_BOUND('',#4725,.T.);
#4725 = EDGE_LOOP('',(#4726,#4736,#4742,#4743));
#4726 = ORIENTED_EDGE('',*,*,#4727,.F.);
#4727 = EDGE_CURVE('',#4728,#4730,#4732,.T.);
#4728 = VERTEX_POINT('',#4729);
#4729 = CARTESIAN_POINT('',(0.7,2.400717967697,0.56));
#4730 = VERTEX_POINT('',#4731);
#4731 = CARTESIAN_POINT('',(0.3,2.400717967697,0.56));
#4732 = LINE('',#4733,#4734);
#4733 = CARTESIAN_POINT('',(0.7,2.400717967697,0.56));
#4734 = VECTOR('',#4735,1.);
#4735 = DIRECTION('',(-1.,-0.,0.));
#4736 = ORIENTED_EDGE('',*,*,#4737,.F.);
#4737 = EDGE_CURVE('',#4699,#4728,#4738,.T.);
#4738 = LINE('',#4739,#4740);
#4739 = CARTESIAN_POINT('',(0.7,2.47,0.6));
#4740 = VECTOR('',#4741,1.);
#4741 = DIRECTION('',(0.,-0.866025403785,-0.499999999999));
#4742 = ORIENTED_EDGE('',*,*,#4696,.F.);
#4743 = ORIENTED_EDGE('',*,*,#4744,.T.);
#4744 = EDGE_CURVE('',#4697,#4730,#4745,.T.);
#4745 = LINE('',#4746,#4747);
#4746 = CARTESIAN_POINT('',(0.3,2.47,0.6));
#4747 = VECTOR('',#4748,1.);
#4748 = DIRECTION('',(0.,-0.866025403785,-0.499999999999));
#4749 = PLANE('',#4750);
#4750 = AXIS2_PLACEMENT_3D('',#4751,#4752,#4753);
#4751 = CARTESIAN_POINT('',(0.5,2.435358983849,0.58));
#4752 = DIRECTION('',(0.,0.5,-0.866025403784));
#4753 = DIRECTION('',(1.,0.,0.));
#4754 = ADVANCED_FACE('',(#4755),#4780,.T.);
#4755 = FACE_BOUND('',#4756,.T.);
#4756 = EDGE_LOOP('',(#4757,#4767,#4773,#4774));
#4757 = ORIENTED_EDGE('',*,*,#4758,.T.);
#4758 = EDGE_CURVE('',#4759,#4761,#4763,.T.);
#4759 = VERTEX_POINT('',#4760);
#4760 = CARTESIAN_POINT('',(0.3,2.325358355447,0.390739539619));
#4761 = VERTEX_POINT('',#4762);
#4762 = CARTESIAN_POINT('',(0.7,2.325358355447,0.390739539619));
#4763 = LINE('',#4764,#4765);
#4764 = CARTESIAN_POINT('',(0.3,2.325358355447,0.390739539619));
#4765 = VECTOR('',#4766,1.);
#4766 = DIRECTION('',(1.,0.,0.));
#4767 = ORIENTED_EDGE('',*,*,#4768,.F.);
#4768 = EDGE_CURVE('',#4728,#4761,#4769,.T.);
#4769 = LINE('',#4770,#4771);
#4770 = CARTESIAN_POINT('',(0.7,2.400717967697,0.56));
#4771 = VECTOR('',#4772,1.);
#4772 = DIRECTION('',(0.,-0.406736643075,-0.913545457643));
#4773 = ORIENTED_EDGE('',*,*,#4727,.T.);
#4774 = ORIENTED_EDGE('',*,*,#4775,.T.);
#4775 = EDGE_CURVE('',#4730,#4759,#4776,.T.);
#4776 = LINE('',#4777,#4778);
#4777 = CARTESIAN_POINT('',(0.3,2.400717967697,0.56));
#4778 = VECTOR('',#4779,1.);
#4779 = DIRECTION('',(0.,-0.406736643075,-0.913545457643));
#4780 = PLANE('',#4781);
#4781 = AXIS2_PLACEMENT_3D('',#4782,#4783,#4784);
#4782 = CARTESIAN_POINT('',(0.5,2.363038161572,0.475369769809));
#4783 = DIRECTION('',(0.,-0.913545457643,0.406736643076));
#4784 = DIRECTION('',(1.,0.,0.));
#4785 = ADVANCED_FACE('',(#4786),#4811,.T.);
#4786 = FACE_BOUND('',#4787,.T.);
#4787 = EDGE_LOOP('',(#4788,#4796,#4797,#4805));
#4788 = ORIENTED_EDGE('',*,*,#4789,.F.);
#4789 = EDGE_CURVE('',#4761,#4790,#4792,.T.);
#4790 = VERTEX_POINT('',#4791);
#4791 = CARTESIAN_POINT('',(0.7,2.866068214363,0.15));
#4792 = LINE('',#4793,#4794);
#4793 = CARTESIAN_POINT('',(0.7,2.325358355447,0.390739539619));
#4794 = VECTOR('',#4795,1.);
#4795 = DIRECTION('',(0.,0.913545457643,-0.406736643076));
#4796 = ORIENTED_EDGE('',*,*,#4758,.F.);
#4797 = ORIENTED_EDGE('',*,*,#4798,.T.);
#4798 = EDGE_CURVE('',#4759,#4799,#4801,.T.);
#4799 = VERTEX_POINT('',#4800);
#4800 = CARTESIAN_POINT('',(0.3,2.866068214363,0.15));
#4801 = LINE('',#4802,#4803);
#4802 = CARTESIAN_POINT('',(0.3,2.325358355447,0.390739539619));
#4803 = VECTOR('',#4804,1.);
#4804 = DIRECTION('',(0.,0.913545457643,-0.406736643076));
#4805 = ORIENTED_EDGE('',*,*,#4806,.T.);
#4806 = EDGE_CURVE('',#4799,#4790,#4807,.T.);
#4807 = LINE('',#4808,#4809);
#4808 = CARTESIAN_POINT('',(0.3,2.866068214363,0.15));
#4809 = VECTOR('',#4810,1.);
#4810 = DIRECTION('',(1.,0.,0.));
#4811 = PLANE('',#4812);
#4812 = AXIS2_PLACEMENT_3D('',#4813,#4814,#4815);
#4813 = CARTESIAN_POINT('',(0.5,2.716851285628,0.216435657007));
#4814 = DIRECTION('',(0.,-0.406736643076,-0.913545457643));
#4815 = DIRECTION('',(-1.,-0.,0.));
#4816 = ADVANCED_FACE('',(#4817),#4830,.F.);
#4817 = FACE_BOUND('',#4818,.T.);
#4818 = EDGE_LOOP('',(#4819,#4820,#4821,#4822,#4823,#4824));
#4819 = ORIENTED_EDGE('',*,*,#4507,.T.);
#4820 = ORIENTED_EDGE('',*,*,#4540,.T.);
#4821 = ORIENTED_EDGE('',*,*,#4571,.T.);
#4822 = ORIENTED_EDGE('',*,*,#4602,.T.);
#4823 = ORIENTED_EDGE('',*,*,#4641,.T.);
#4824 = ORIENTED_EDGE('',*,*,#4825,.T.);
#4825 = EDGE_CURVE('',#4626,#4508,#4826,.T.);
#4826 = LINE('',#4827,#4828);
#4827 = CARTESIAN_POINT('',(0.7,0.402020410289,-1.32));
#4828 = VECTOR('',#4829,1.);
#4829 = DIRECTION('',(0.,-1.,0.));
#4830 = PLANE('',#4831);
#4831 = AXIS2_PLACEMENT_3D('',#4832,#4833,#4834);
#4832 = CARTESIAN_POINT('',(0.7,2.260070900416,-0.825));
#4833 = DIRECTION('',(-1.,-0.,0.));
#4834 = DIRECTION('',(0.,-0.,-1.));
#4835 = ADVANCED_FACE('',(#4836),#4849,.F.);
#4836 = FACE_BOUND('',#4837,.T.);
#4837 = EDGE_LOOP('',(#4838,#4839,#4840,#4841,#4842,#4843));
#4838 = ORIENTED_EDGE('',*,*,#4674,.T.);
#4839 = ORIENTED_EDGE('',*,*,#4706,.T.);
#4840 = ORIENTED_EDGE('',*,*,#4737,.T.);
#4841 = ORIENTED_EDGE('',*,*,#4768,.T.);
#4842 = ORIENTED_EDGE('',*,*,#4789,.T.);
#4843 = ORIENTED_EDGE('',*,*,#4844,.T.);
#4844 = EDGE_CURVE('',#4790,#4675,#4845,.T.);
#4845 = LINE('',#4846,#4847);
#4846 = CARTESIAN_POINT('',(0.7,2.866068214363,0.15));
#4847 = VECTOR('',#4848,1.);
#4848 = DIRECTION('',(0.,1.,0.));
#4849 = PLANE('',#4850);
#4850 = AXIS2_PLACEMENT_3D('',#4851,#4852,#4853);
#4851 = CARTESIAN_POINT('',(0.7,2.260070900416,-0.825));
#4852 = DIRECTION('',(-1.,-0.,0.));
#4853 = DIRECTION('',(0.,-0.,-1.));
#4854 = ADVANCED_FACE('',(#4855),#4890,.F.);
#4855 = FACE_BOUND('',#4856,.T.);
#4856 = EDGE_LOOP('',(#4857,#4868,#4876,#4884));
#4857 = ORIENTED_EDGE('',*,*,#4858,.T.);
#4858 = EDGE_CURVE('',#4859,#4861,#4863,.T.);
#4859 = VERTEX_POINT('',#4860);
#4860 = CARTESIAN_POINT('',(0.7,4.25,-1.177351874937));
#4861 = VERTEX_POINT('',#4862);
#4862 = CARTESIAN_POINT('',(0.7,4.26,-1.17));
#4863 = CIRCLE('',#4864,0.65);
#4864 = AXIS2_PLACEMENT_3D('',#4865,#4866,#4867);
#4865 = CARTESIAN_POINT('',(0.7,3.87,-0.65));
#4866 = DIRECTION('',(1.,0.,0.));
#4867 = DIRECTION('',(0.,0.584615384615,-0.811310576827));
#4868 = ORIENTED_EDGE('',*,*,#4869,.F.);
#4869 = EDGE_CURVE('',#4870,#4861,#4872,.T.);
#4870 = VERTEX_POINT('',#4871);
#4871 = CARTESIAN_POINT('',(0.7,4.26,-1.1));
#4872 = LINE('',#4873,#4874);
#4873 = CARTESIAN_POINT('',(0.7,4.26,-1.1));
#4874 = VECTOR('',#4875,1.);
#4875 = DIRECTION('',(0.,-0.,-1.));
#4876 = ORIENTED_EDGE('',*,*,#4877,.T.);
#4877 = EDGE_CURVE('',#4870,#4878,#4880,.T.);
#4878 = VERTEX_POINT('',#4879);
#4879 = CARTESIAN_POINT('',(0.7,4.25,-1.1));
#4880 = LINE('',#4881,#4882);
#4881 = CARTESIAN_POINT('',(0.7,4.26,-1.1));
#4882 = VECTOR('',#4883,1.);
#4883 = DIRECTION('',(0.,-1.,0.));
#4884 = ORIENTED_EDGE('',*,*,#4885,.F.);
#4885 = EDGE_CURVE('',#4859,#4878,#4886,.T.);
#4886 = LINE('',#4887,#4888);
#4887 = CARTESIAN_POINT('',(0.7,4.25,-1.177351874937));
#4888 = VECTOR('',#4889,1.);
#4889 = DIRECTION('',(0.,0.,1.));
#4890 = PLANE('',#4891);
#4891 = AXIS2_PLACEMENT_3D('',#4892,#4893,#4894);
#4892 = CARTESIAN_POINT('',(0.7,2.260070900416,-0.825));
#4893 = DIRECTION('',(-1.,-0.,0.));
#4894 = DIRECTION('',(0.,-0.,-1.));
#4895 = ADVANCED_FACE('',(#4896),#4922,.T.);
#4896 = FACE_BOUND('',#4897,.T.);
#4897 = EDGE_LOOP('',(#4898,#4909,#4915,#4916));
#4898 = ORIENTED_EDGE('',*,*,#4899,.T.);
#4899 = EDGE_CURVE('',#4900,#4902,#4904,.T.);
#4900 = VERTEX_POINT('',#4901);
#4901 = CARTESIAN_POINT('',(0.3,4.25,-1.177351874937));
#4902 = VERTEX_POINT('',#4903);
#4903 = CARTESIAN_POINT('',(0.3,4.26,-1.17));
#4904 = CIRCLE('',#4905,0.65);
#4905 = AXIS2_PLACEMENT_3D('',#4906,#4907,#4908);
#4906 = CARTESIAN_POINT('',(0.3,3.87,-0.65));
#4907 = DIRECTION('',(1.,0.,0.));
#4908 = DIRECTION('',(0.,0.584615384615,-0.811310576827));
#4909 = ORIENTED_EDGE('',*,*,#4910,.T.);
#4910 = EDGE_CURVE('',#4902,#4861,#4911,.T.);
#4911 = LINE('',#4912,#4913);
#4912 = CARTESIAN_POINT('',(0.3,4.26,-1.17));
#4913 = VECTOR('',#4914,1.);
#4914 = DIRECTION('',(1.,0.,0.));
#4915 = ORIENTED_EDGE('',*,*,#4858,.F.);
#4916 = ORIENTED_EDGE('',*,*,#4917,.F.);
#4917 = EDGE_CURVE('',#4900,#4859,#4918,.T.);
#4918 = LINE('',#4919,#4920);
#4919 = CARTESIAN_POINT('',(0.3,4.25,-1.177351874937));
#4920 = VECTOR('',#4921,1.);
#4921 = DIRECTION('',(1.,0.,0.));
#4922 = CYLINDRICAL_SURFACE('',#4923,0.65);
#4923 = AXIS2_PLACEMENT_3D('',#4924,#4925,#4926);
#4924 = CARTESIAN_POINT('',(0.292,3.87,-0.65));
#4925 = DIRECTION('',(1.,0.,0.));
#4926 = DIRECTION('',(0.,0.,-1.));
#4927 = ADVANCED_FACE('',(#4928),#4941,.T.);
#4928 = FACE_BOUND('',#4929,.T.);
#4929 = EDGE_LOOP('',(#4930,#4931,#4932,#4933,#4934,#4935));
#4930 = ORIENTED_EDGE('',*,*,#4633,.F.);
#4931 = ORIENTED_EDGE('',*,*,#4609,.F.);
#4932 = ORIENTED_EDGE('',*,*,#4578,.F.);
#4933 = ORIENTED_EDGE('',*,*,#4547,.F.);
#4934 = ORIENTED_EDGE('',*,*,#4488,.F.);
#4935 = ORIENTED_EDGE('',*,*,#4936,.F.);
#4936 = EDGE_CURVE('',#4624,#4489,#4937,.T.);
#4937 = LINE('',#4938,#4939);
#4938 = CARTESIAN_POINT('',(0.3,0.402020410289,-1.32));
#4939 = VECTOR('',#4940,1.);
#4940 = DIRECTION('',(0.,-1.,0.));
#4941 = PLANE('',#4942);
#4942 = AXIS2_PLACEMENT_3D('',#4943,#4944,#4945);
#4943 = CARTESIAN_POINT('',(0.3,2.260070900416,-0.825));
#4944 = DIRECTION('',(-1.,-0.,0.));
#4945 = DIRECTION('',(0.,-0.,-1.));
#4946 = ADVANCED_FACE('',(#4947),#4960,.T.);
#4947 = FACE_BOUND('',#4948,.T.);
#4948 = EDGE_LOOP('',(#4949,#4950,#4951,#4952,#4953,#4954));
#4949 = ORIENTED_EDGE('',*,*,#4798,.F.);
#4950 = ORIENTED_EDGE('',*,*,#4775,.F.);
#4951 = ORIENTED_EDGE('',*,*,#4744,.F.);
#4952 = ORIENTED_EDGE('',*,*,#4713,.F.);
#4953 = ORIENTED_EDGE('',*,*,#4656,.F.);
#4954 = ORIENTED_EDGE('',*,*,#4955,.F.);
#4955 = EDGE_CURVE('',#4799,#4657,#4956,.T.);
#4956 = LINE('',#4957,#4958);
#4957 = CARTESIAN_POINT('',(0.3,2.866068214363,0.15));
#4958 = VECTOR('',#4959,1.);
#4959 = DIRECTION('',(0.,1.,0.));
#4960 = PLANE('',#4961);
#4961 = AXIS2_PLACEMENT_3D('',#4962,#4963,#4964);
#4962 = CARTESIAN_POINT('',(0.3,2.260070900416,-0.825));
#4963 = DIRECTION('',(-1.,-0.,0.));
#4964 = DIRECTION('',(0.,-0.,-1.));
#4965 = ADVANCED_FACE('',(#4966),#4991,.T.);
#4966 = FACE_BOUND('',#4967,.T.);
#4967 = EDGE_LOOP('',(#4968,#4978,#4984,#4985));
#4968 = ORIENTED_EDGE('',*,*,#4969,.F.);
#4969 = EDGE_CURVE('',#4970,#4972,#4974,.T.);
#4970 = VERTEX_POINT('',#4971);
#4971 = CARTESIAN_POINT('',(0.3,4.26,-1.1));
#4972 = VERTEX_POINT('',#4973);
#4973 = CARTESIAN_POINT('',(0.3,4.25,-1.1));
#4974 = LINE('',#4975,#4976);
#4975 = CARTESIAN_POINT('',(0.3,4.26,-1.1));
#4976 = VECTOR('',#4977,1.);
#4977 = DIRECTION('',(0.,-1.,0.));
#4978 = ORIENTED_EDGE('',*,*,#4979,.T.);
#4979 = EDGE_CURVE('',#4970,#4902,#4980,.T.);
#4980 = LINE('',#4981,#4982);
#4981 = CARTESIAN_POINT('',(0.3,4.26,-1.1));
#4982 = VECTOR('',#4983,1.);
#4983 = DIRECTION('',(0.,-0.,-1.));
#4984 = ORIENTED_EDGE('',*,*,#4899,.F.);
#4985 = ORIENTED_EDGE('',*,*,#4986,.T.);
#4986 = EDGE_CURVE('',#4900,#4972,#4987,.T.);
#4987 = LINE('',#4988,#4989);
#4988 = CARTESIAN_POINT('',(0.3,4.25,-1.177351874937));
#4989 = VECTOR('',#4990,1.);
#4990 = DIRECTION('',(0.,0.,1.));
#4991 = PLANE('',#4992);
#4992 = AXIS2_PLACEMENT_3D('',#4993,#4994,#4995);
#4993 = CARTESIAN_POINT('',(0.3,2.260070900416,-0.825));
#4994 = DIRECTION('',(-1.,-0.,0.));
#4995 = DIRECTION('',(0.,-0.,-1.));
#4996 = ADVANCED_FACE('',(#4997),#5033,.T.);
#4997 = FACE_BOUND('',#4998,.T.);
#4998 = EDGE_LOOP('',(#4999,#5010,#5018,#5027));
#4999 = ORIENTED_EDGE('',*,*,#5000,.T.);
#5000 = EDGE_CURVE('',#5001,#5003,#5005,.T.);
#5001 = VERTEX_POINT('',#5002);
#5002 = CARTESIAN_POINT('',(2.3,5.6040542392E-02,-1.32));
#5003 = VERTEX_POINT('',#5004);
#5004 = CARTESIAN_POINT('',(2.3,-8.673617379884E-16,-1.55));
#5005 = CIRCLE('',#5006,0.5);
#5006 = AXIS2_PLACEMENT_3D('',#5007,#5008,#5009);
#5007 = CARTESIAN_POINT('',(2.3,0.5,-1.55));
#5008 = DIRECTION('',(1.,0.,0.));
#5009 = DIRECTION('',(0.,-0.887918915217,0.46));
#5010 = ORIENTED_EDGE('',*,*,#5011,.F.);
#5011 = EDGE_CURVE('',#5012,#5003,#5014,.T.);
#5012 = VERTEX_POINT('',#5013);
#5013 = CARTESIAN_POINT('',(2.7,-8.673617379884E-16,-1.55));
#5014 = LINE('',#5015,#5016);
#5015 = CARTESIAN_POINT('',(2.7,-8.673617379884E-16,-1.55));
#5016 = VECTOR('',#5017,1.);
#5017 = DIRECTION('',(-1.,-0.,0.));
#5018 = ORIENTED_EDGE('',*,*,#5019,.F.);
#5019 = EDGE_CURVE('',#5020,#5012,#5022,.T.);
#5020 = VERTEX_POINT('',#5021);
#5021 = CARTESIAN_POINT('',(2.7,5.6040542392E-02,-1.32));
#5022 = CIRCLE('',#5023,0.5);
#5023 = AXIS2_PLACEMENT_3D('',#5024,#5025,#5026);
#5024 = CARTESIAN_POINT('',(2.7,0.5,-1.55));
#5025 = DIRECTION('',(1.,0.,0.));
#5026 = DIRECTION('',(0.,-0.887918915217,0.46));
#5027 = ORIENTED_EDGE('',*,*,#5028,.F.);
#5028 = EDGE_CURVE('',#5001,#5020,#5029,.T.);
#5029 = LINE('',#5030,#5031);
#5030 = CARTESIAN_POINT('',(2.3,5.6040542392E-02,-1.32));
#5031 = VECTOR('',#5032,1.);
#5032 = DIRECTION('',(1.,0.,0.));
#5033 = CYLINDRICAL_SURFACE('',#5034,0.5);
#5034 = AXIS2_PLACEMENT_3D('',#5035,#5036,#5037);
#5035 = CARTESIAN_POINT('',(2.292,0.5,-1.55));
#5036 = DIRECTION('',(1.,0.,0.));
#5037 = DIRECTION('',(0.,0.,-1.));
#5038 = ADVANCED_FACE('',(#5039),#5064,.T.);
#5039 = FACE_BOUND('',#5040,.T.);
#5040 = EDGE_LOOP('',(#5041,#5051,#5057,#5058));
#5041 = ORIENTED_EDGE('',*,*,#5042,.T.);
#5042 = EDGE_CURVE('',#5043,#5045,#5047,.T.);
#5043 = VERTEX_POINT('',#5044);
#5044 = CARTESIAN_POINT('',(2.3,-8.673617379884E-16,-2.25));
#5045 = VERTEX_POINT('',#5046);
#5046 = CARTESIAN_POINT('',(2.7,-8.673617379884E-16,-2.25));
#5047 = LINE('',#5048,#5049);
#5048 = CARTESIAN_POINT('',(2.3,-8.673617379884E-16,-2.25));
#5049 = VECTOR('',#5050,1.);
#5050 = DIRECTION('',(1.,0.,0.));
#5051 = ORIENTED_EDGE('',*,*,#5052,.F.);
#5052 = EDGE_CURVE('',#5012,#5045,#5053,.T.);
#5053 = LINE('',#5054,#5055);
#5054 = CARTESIAN_POINT('',(2.7,-8.673617379884E-16,-1.55));
#5055 = VECTOR('',#5056,1.);
#5056 = DIRECTION('',(0.,-1.33226762955E-14,-1.));
#5057 = ORIENTED_EDGE('',*,*,#5011,.T.);
#5058 = ORIENTED_EDGE('',*,*,#5059,.T.);
#5059 = EDGE_CURVE('',#5003,#5043,#5060,.T.);
#5060 = LINE('',#5061,#5062);
#5061 = CARTESIAN_POINT('',(2.3,-8.673617379884E-16,-1.55));
#5062 = VECTOR('',#5063,1.);
#5063 = DIRECTION('',(0.,-1.395708945243E-14,-1.));
#5064 = PLANE('',#5065);
#5065 = AXIS2_PLACEMENT_3D('',#5066,#5067,#5068);
#5066 = CARTESIAN_POINT('',(2.5,-8.673617379884E-16,-1.9));
#5067 = DIRECTION('',(0.,-1.,0.));
#5068 = DIRECTION('',(-1.,0.,0.));
#5069 = ADVANCED_FACE('',(#5070),#5095,.T.);
#5070 = FACE_BOUND('',#5071,.T.);
#5071 = EDGE_LOOP('',(#5072,#5082,#5088,#5089));
#5072 = ORIENTED_EDGE('',*,*,#5073,.T.);
#5073 = EDGE_CURVE('',#5074,#5076,#5078,.T.);
#5074 = VERTEX_POINT('',#5075);
#5075 = CARTESIAN_POINT('',(2.3,0.25,-2.25));
#5076 = VERTEX_POINT('',#5077);
#5077 = CARTESIAN_POINT('',(2.7,0.25,-2.25));
#5078 = LINE('',#5079,#5080);
#5079 = CARTESIAN_POINT('',(2.3,0.25,-2.25));
#5080 = VECTOR('',#5081,1.);
#5081 = DIRECTION('',(1.,0.,0.));
#5082 = ORIENTED_EDGE('',*,*,#5083,.F.);
#5083 = EDGE_CURVE('',#5045,#5076,#5084,.T.);
#5084 = LINE('',#5085,#5086);
#5085 = CARTESIAN_POINT('',(2.7,-8.673617379884E-16,-2.25));
#5086 = VECTOR('',#5087,1.);
#5087 = DIRECTION('',(0.,1.,0.));
#5088 = ORIENTED_EDGE('',*,*,#5042,.F.);
#5089 = ORIENTED_EDGE('',*,*,#5090,.T.);
#5090 = EDGE_CURVE('',#5043,#5074,#5091,.T.);
#5091 = LINE('',#5092,#5093);
#5092 = CARTESIAN_POINT('',(2.3,-8.673617379884E-16,-2.25));
#5093 = VECTOR('',#5094,1.);
#5094 = DIRECTION('',(0.,1.,0.));
#5095 = PLANE('',#5096);
#5096 = AXIS2_PLACEMENT_3D('',#5097,#5098,#5099);
#5097 = CARTESIAN_POINT('',(2.5,0.125,-2.25));
#5098 = DIRECTION('',(0.,-0.,-1.));
#5099 = DIRECTION('',(-1.,-0.,0.));
#5100 = ADVANCED_FACE('',(#5101),#5126,.F.);
#5101 = FACE_BOUND('',#5102,.T.);
#5102 = EDGE_LOOP('',(#5103,#5113,#5119,#5120));
#5103 = ORIENTED_EDGE('',*,*,#5104,.F.);
#5104 = EDGE_CURVE('',#5105,#5107,#5109,.T.);
#5105 = VERTEX_POINT('',#5106);
#5106 = CARTESIAN_POINT('',(2.7,0.25,-1.55));
#5107 = VERTEX_POINT('',#5108);
#5108 = CARTESIAN_POINT('',(2.3,0.25,-1.55));
#5109 = LINE('',#5110,#5111);
#5110 = CARTESIAN_POINT('',(2.7,0.25,-1.55));
#5111 = VECTOR('',#5112,1.);
#5112 = DIRECTION('',(-1.,-0.,0.));
#5113 = ORIENTED_EDGE('',*,*,#5114,.F.);
#5114 = EDGE_CURVE('',#5076,#5105,#5115,.T.);
#5115 = LINE('',#5116,#5117);
#5116 = CARTESIAN_POINT('',(2.7,0.25,-2.25));
#5117 = VECTOR('',#5118,1.);
#5118 = DIRECTION('',(0.,0.,1.));
#5119 = ORIENTED_EDGE('',*,*,#5073,.F.);
#5120 = ORIENTED_EDGE('',*,*,#5121,.T.);
#5121 = EDGE_CURVE('',#5074,#5107,#5122,.T.);
#5122 = LINE('',#5123,#5124);
#5123 = CARTESIAN_POINT('',(2.3,0.25,-2.25));
#5124 = VECTOR('',#5125,1.);
#5125 = DIRECTION('',(0.,0.,1.));
#5126 = PLANE('',#5127);
#5127 = AXIS2_PLACEMENT_3D('',#5128,#5129,#5130);
#5128 = CARTESIAN_POINT('',(2.5,0.25,-1.9));
#5129 = DIRECTION('',(0.,-1.,0.));
#5130 = DIRECTION('',(-1.,0.,0.));
#5131 = ADVANCED_FACE('',(#5132),#5159,.F.);
#5132 = FACE_BOUND('',#5133,.F.);
#5133 = EDGE_LOOP('',(#5134,#5144,#5151,#5152));
#5134 = ORIENTED_EDGE('',*,*,#5135,.F.);
#5135 = EDGE_CURVE('',#5136,#5138,#5140,.T.);
#5136 = VERTEX_POINT('',#5137);
#5137 = CARTESIAN_POINT('',(2.3,0.402020410289,-1.32));
#5138 = VERTEX_POINT('',#5139);
#5139 = CARTESIAN_POINT('',(2.7,0.402020410289,-1.32));
#5140 = LINE('',#5141,#5142);
#5141 = CARTESIAN_POINT('',(2.3,0.402020410289,-1.32));
#5142 = VECTOR('',#5143,1.);
#5143 = DIRECTION('',(1.,0.,0.));
#5144 = ORIENTED_EDGE('',*,*,#5145,.F.);
#5145 = EDGE_CURVE('',#5107,#5136,#5146,.T.);
#5146 = CIRCLE('',#5147,0.25);
#5147 = AXIS2_PLACEMENT_3D('',#5148,#5149,#5150);
#5148 = CARTESIAN_POINT('',(2.3,0.5,-1.55));
#5149 = DIRECTION('',(-1.,0.,0.));
#5150 = DIRECTION('',(0.,-1.,0.));
#5151 = ORIENTED_EDGE('',*,*,#5104,.F.);
#5152 = ORIENTED_EDGE('',*,*,#5153,.T.);
#5153 = EDGE_CURVE('',#5105,#5138,#5154,.T.);
#5154 = CIRCLE('',#5155,0.25);
#5155 = AXIS2_PLACEMENT_3D('',#5156,#5157,#5158);
#5156 = CARTESIAN_POINT('',(2.7,0.5,-1.55));
#5157 = DIRECTION('',(-1.,0.,0.));
#5158 = DIRECTION('',(0.,-1.,0.));
#5159 = CYLINDRICAL_SURFACE('',#5160,0.25);
#5160 = AXIS2_PLACEMENT_3D('',#5161,#5162,#5163);
#5161 = CARTESIAN_POINT('',(2.292,0.5,-1.55));
#5162 = DIRECTION('',(1.,0.,0.));
#5163 = DIRECTION('',(0.,0.,-1.));
#5164 = ADVANCED_FACE('',(#5165),#5199,.F.);
#5165 = FACE_BOUND('',#5166,.T.);
#5166 = EDGE_LOOP('',(#5167,#5177,#5185,#5193));
#5167 = ORIENTED_EDGE('',*,*,#5168,.T.);
#5168 = EDGE_CURVE('',#5169,#5171,#5173,.T.);
#5169 = VERTEX_POINT('',#5170);
#5170 = CARTESIAN_POINT('',(2.3,3.554875948641,0.15));
#5171 = VERTEX_POINT('',#5172);
#5172 = CARTESIAN_POINT('',(2.3,3.200836366114,0.274610685539));
#5173 = LINE('',#5174,#5175);
#5174 = CARTESIAN_POINT('',(2.3,3.554875948641,0.15));
#5175 = VECTOR('',#5176,1.);
#5176 = DIRECTION('',(0.,-0.943278015305,0.332003894317));
#5177 = ORIENTED_EDGE('',*,*,#5178,.T.);
#5178 = EDGE_CURVE('',#5171,#5179,#5181,.T.);
#5179 = VERTEX_POINT('',#5180);
#5180 = CARTESIAN_POINT('',(2.7,3.200836366114,0.274610685539));
#5181 = LINE('',#5182,#5183);
#5182 = CARTESIAN_POINT('',(2.3,3.200836366114,0.274610685539));
#5183 = VECTOR('',#5184,1.);
#5184 = DIRECTION('',(1.,0.,0.));
#5185 = ORIENTED_EDGE('',*,*,#5186,.F.);
#5186 = EDGE_CURVE('',#5187,#5179,#5189,.T.);
#5187 = VERTEX_POINT('',#5188);
#5188 = CARTESIAN_POINT('',(2.7,3.554875948641,0.15));
#5189 = LINE('',#5190,#5191);
#5190 = CARTESIAN_POINT('',(2.7,3.554875948641,0.15));
#5191 = VECTOR('',#5192,1.);
#5192 = DIRECTION('',(0.,-0.943278015305,0.332003894317));
#5193 = ORIENTED_EDGE('',*,*,#5194,.T.);
#5194 = EDGE_CURVE('',#5187,#5169,#5195,.T.);
#5195 = LINE('',#5196,#5197);
#5196 = CARTESIAN_POINT('',(2.7,3.554875948641,0.15));
#5197 = VECTOR('',#5198,1.);
#5198 = DIRECTION('',(-1.,-0.,0.));
#5199 = PLANE('',#5200);
#5200 = AXIS2_PLACEMENT_3D('',#5201,#5202,#5203);
#5201 = CARTESIAN_POINT('',(2.5,3.64331944871,0.118870697744));
#5202 = DIRECTION('',(0.,-0.332003894317,-0.943278015305));
#5203 = DIRECTION('',(-1.,-0.,0.));
#5204 = ADVANCED_FACE('',(#5205),#5230,.F.);
#5205 = FACE_BOUND('',#5206,.T.);
#5206 = EDGE_LOOP('',(#5207,#5217,#5223,#5224));
#5207 = ORIENTED_EDGE('',*,*,#5208,.T.);
#5208 = EDGE_CURVE('',#5209,#5211,#5213,.T.);
#5209 = VERTEX_POINT('',#5210);
#5210 = CARTESIAN_POINT('',(2.3,2.47,0.6));
#5211 = VERTEX_POINT('',#5212);
#5212 = CARTESIAN_POINT('',(2.7,2.47,0.6));
#5213 = LINE('',#5214,#5215);
#5214 = CARTESIAN_POINT('',(2.3,2.47,0.6));
#5215 = VECTOR('',#5216,1.);
#5216 = DIRECTION('',(1.,0.,0.));
#5217 = ORIENTED_EDGE('',*,*,#5218,.F.);
#5218 = EDGE_CURVE('',#5179,#5211,#5219,.T.);
#5219 = LINE('',#5220,#5221);
#5220 = CARTESIAN_POINT('',(2.7,3.200836366114,0.274610685539));
#5221 = VECTOR('',#5222,1.);
#5222 = DIRECTION('',(0.,-0.913545457643,0.406736643076));
#5223 = ORIENTED_EDGE('',*,*,#5178,.F.);
#5224 = ORIENTED_EDGE('',*,*,#5225,.T.);
#5225 = EDGE_CURVE('',#5171,#5209,#5226,.T.);
#5226 = LINE('',#5227,#5228);
#5227 = CARTESIAN_POINT('',(2.3,3.200836366114,0.274610685539));
#5228 = VECTOR('',#5229,1.);
#5229 = DIRECTION('',(0.,-0.913545457643,0.406736643076));
#5230 = PLANE('',#5231);
#5231 = AXIS2_PLACEMENT_3D('',#5232,#5233,#5234);
#5232 = CARTESIAN_POINT('',(2.5,2.835418183057,0.43730534277));
#5233 = DIRECTION('',(0.,-0.406736643076,-0.913545457643));
#5234 = DIRECTION('',(-1.,-0.,0.));
#5235 = ADVANCED_FACE('',(#5236),#5261,.F.);
#5236 = FACE_BOUND('',#5237,.T.);
#5237 = EDGE_LOOP('',(#5238,#5248,#5254,#5255));
#5238 = ORIENTED_EDGE('',*,*,#5239,.F.);
#5239 = EDGE_CURVE('',#5240,#5242,#5244,.T.);
#5240 = VERTEX_POINT('',#5241);
#5241 = CARTESIAN_POINT('',(2.7,2.400717967697,0.56));
#5242 = VERTEX_POINT('',#5243);
#5243 = CARTESIAN_POINT('',(2.3,2.400717967697,0.56));
#5244 = LINE('',#5245,#5246);
#5245 = CARTESIAN_POINT('',(2.7,2.400717967697,0.56));
#5246 = VECTOR('',#5247,1.);
#5247 = DIRECTION('',(-1.,-0.,0.));
#5248 = ORIENTED_EDGE('',*,*,#5249,.F.);
#5249 = EDGE_CURVE('',#5211,#5240,#5250,.T.);
#5250 = LINE('',#5251,#5252);
#5251 = CARTESIAN_POINT('',(2.7,2.47,0.6));
#5252 = VECTOR('',#5253,1.);
#5253 = DIRECTION('',(0.,-0.866025403785,-0.499999999999));
#5254 = ORIENTED_EDGE('',*,*,#5208,.F.);
#5255 = ORIENTED_EDGE('',*,*,#5256,.T.);
#5256 = EDGE_CURVE('',#5209,#5242,#5257,.T.);
#5257 = LINE('',#5258,#5259);
#5258 = CARTESIAN_POINT('',(2.3,2.47,0.6));
#5259 = VECTOR('',#5260,1.);
#5260 = DIRECTION('',(0.,-0.866025403785,-0.499999999999));
#5261 = PLANE('',#5262);
#5262 = AXIS2_PLACEMENT_3D('',#5263,#5264,#5265);
#5263 = CARTESIAN_POINT('',(2.5,2.435358983849,0.58));
#5264 = DIRECTION('',(0.,0.5,-0.866025403784));
#5265 = DIRECTION('',(1.,0.,0.));
#5266 = ADVANCED_FACE('',(#5267),#5292,.T.);
#5267 = FACE_BOUND('',#5268,.T.);
#5268 = EDGE_LOOP('',(#5269,#5279,#5285,#5286));
#5269 = ORIENTED_EDGE('',*,*,#5270,.T.);
#5270 = EDGE_CURVE('',#5271,#5273,#5275,.T.);
#5271 = VERTEX_POINT('',#5272);
#5272 = CARTESIAN_POINT('',(2.3,2.325358355447,0.390739539619));
#5273 = VERTEX_POINT('',#5274);
#5274 = CARTESIAN_POINT('',(2.7,2.325358355447,0.390739539619));
#5275 = LINE('',#5276,#5277);
#5276 = CARTESIAN_POINT('',(2.3,2.325358355447,0.390739539619));
#5277 = VECTOR('',#5278,1.);
#5278 = DIRECTION('',(1.,0.,0.));
#5279 = ORIENTED_EDGE('',*,*,#5280,.F.);
#5280 = EDGE_CURVE('',#5240,#5273,#5281,.T.);
#5281 = LINE('',#5282,#5283);
#5282 = CARTESIAN_POINT('',(2.7,2.400717967697,0.56));
#5283 = VECTOR('',#5284,1.);
#5284 = DIRECTION('',(0.,-0.406736643075,-0.913545457643));
#5285 = ORIENTED_EDGE('',*,*,#5239,.T.);
#5286 = ORIENTED_EDGE('',*,*,#5287,.T.);
#5287 = EDGE_CURVE('',#5242,#5271,#5288,.T.);
#5288 = LINE('',#5289,#5290);
#5289 = CARTESIAN_POINT('',(2.3,2.400717967697,0.56));
#5290 = VECTOR('',#5291,1.);
#5291 = DIRECTION('',(0.,-0.406736643075,-0.913545457643));
#5292 = PLANE('',#5293);
#5293 = AXIS2_PLACEMENT_3D('',#5294,#5295,#5296);
#5294 = CARTESIAN_POINT('',(2.5,2.363038161572,0.475369769809));
#5295 = DIRECTION('',(0.,-0.913545457643,0.406736643076));
#5296 = DIRECTION('',(1.,0.,0.));
#5297 = ADVANCED_FACE('',(#5298),#5323,.T.);
#5298 = FACE_BOUND('',#5299,.T.);
#5299 = EDGE_LOOP('',(#5300,#5308,#5309,#5317));
#5300 = ORIENTED_EDGE('',*,*,#5301,.F.);
#5301 = EDGE_CURVE('',#5273,#5302,#5304,.T.);
#5302 = VERTEX_POINT('',#5303);
#5303 = CARTESIAN_POINT('',(2.7,2.866068214363,0.15));
#5304 = LINE('',#5305,#5306);
#5305 = CARTESIAN_POINT('',(2.7,2.325358355447,0.390739539619));
#5306 = VECTOR('',#5307,1.);
#5307 = DIRECTION('',(0.,0.913545457643,-0.406736643076));
#5308 = ORIENTED_EDGE('',*,*,#5270,.F.);
#5309 = ORIENTED_EDGE('',*,*,#5310,.T.);
#5310 = EDGE_CURVE('',#5271,#5311,#5313,.T.);
#5311 = VERTEX_POINT('',#5312);
#5312 = CARTESIAN_POINT('',(2.3,2.866068214363,0.15));
#5313 = LINE('',#5314,#5315);
#5314 = CARTESIAN_POINT('',(2.3,2.325358355447,0.390739539619));
#5315 = VECTOR('',#5316,1.);
#5316 = DIRECTION('',(0.,0.913545457643,-0.406736643076));
#5317 = ORIENTED_EDGE('',*,*,#5318,.T.);
#5318 = EDGE_CURVE('',#5311,#5302,#5319,.T.);
#5319 = LINE('',#5320,#5321);
#5320 = CARTESIAN_POINT('',(2.3,2.866068214363,0.15));
#5321 = VECTOR('',#5322,1.);
#5322 = DIRECTION('',(1.,0.,0.));
#5323 = PLANE('',#5324);
#5324 = AXIS2_PLACEMENT_3D('',#5325,#5326,#5327);
#5325 = CARTESIAN_POINT('',(2.5,2.716851285628,0.216435657007));
#5326 = DIRECTION('',(0.,-0.406736643076,-0.913545457643));
#5327 = DIRECTION('',(-1.,-0.,0.));
#5328 = ADVANCED_FACE('',(#5329),#5342,.F.);
#5329 = FACE_BOUND('',#5330,.T.);
#5330 = EDGE_LOOP('',(#5331,#5332,#5333,#5334,#5335,#5336));
#5331 = ORIENTED_EDGE('',*,*,#5019,.T.);
#5332 = ORIENTED_EDGE('',*,*,#5052,.T.);
#5333 = ORIENTED_EDGE('',*,*,#5083,.T.);
#5334 = ORIENTED_EDGE('',*,*,#5114,.T.);
#5335 = ORIENTED_EDGE('',*,*,#5153,.T.);
#5336 = ORIENTED_EDGE('',*,*,#5337,.T.);
#5337 = EDGE_CURVE('',#5138,#5020,#5338,.T.);
#5338 = LINE('',#5339,#5340);
#5339 = CARTESIAN_POINT('',(2.7,0.402020410289,-1.32));
#5340 = VECTOR('',#5341,1.);
#5341 = DIRECTION('',(0.,-1.,0.));
#5342 = PLANE('',#5343);
#5343 = AXIS2_PLACEMENT_3D('',#5344,#5345,#5346);
#5344 = CARTESIAN_POINT('',(2.7,2.260070900416,-0.825));
#5345 = DIRECTION('',(-1.,-0.,0.));
#5346 = DIRECTION('',(0.,-0.,-1.));
#5347 = ADVANCED_FACE('',(#5348),#5361,.F.);
#5348 = FACE_BOUND('',#5349,.T.);
#5349 = EDGE_LOOP('',(#5350,#5351,#5352,#5353,#5354,#5355));
#5350 = ORIENTED_EDGE('',*,*,#5186,.T.);
#5351 = ORIENTED_EDGE('',*,*,#5218,.T.);
#5352 = ORIENTED_EDGE('',*,*,#5249,.T.);
#5353 = ORIENTED_EDGE('',*,*,#5280,.T.);
#5354 = ORIENTED_EDGE('',*,*,#5301,.T.);
#5355 = ORIENTED_EDGE('',*,*,#5356,.T.);
#5356 = EDGE_CURVE('',#5302,#5187,#5357,.T.);
#5357 = LINE('',#5358,#5359);
#5358 = CARTESIAN_POINT('',(2.7,2.866068214363,0.15));
#5359 = VECTOR('',#5360,1.);
#5360 = DIRECTION('',(0.,1.,0.));
#5361 = PLANE('',#5362);
#5362 = AXIS2_PLACEMENT_3D('',#5363,#5364,#5365);
#5363 = CARTESIAN_POINT('',(2.7,2.260070900416,-0.825));
#5364 = DIRECTION('',(-1.,-0.,0.));
#5365 = DIRECTION('',(0.,-0.,-1.));
#5366 = ADVANCED_FACE('',(#5367),#5402,.F.);
#5367 = FACE_BOUND('',#5368,.T.);
#5368 = EDGE_LOOP('',(#5369,#5380,#5388,#5396));
#5369 = ORIENTED_EDGE('',*,*,#5370,.T.);
#5370 = EDGE_CURVE('',#5371,#5373,#5375,.T.);
#5371 = VERTEX_POINT('',#5372);
#5372 = CARTESIAN_POINT('',(2.7,4.25,-1.177351874937));
#5373 = VERTEX_POINT('',#5374);
#5374 = CARTESIAN_POINT('',(2.7,4.26,-1.17));
#5375 = CIRCLE('',#5376,0.65);
#5376 = AXIS2_PLACEMENT_3D('',#5377,#5378,#5379);
#5377 = CARTESIAN_POINT('',(2.7,3.87,-0.65));
#5378 = DIRECTION('',(1.,0.,0.));
#5379 = DIRECTION('',(0.,0.584615384615,-0.811310576827));
#5380 = ORIENTED_EDGE('',*,*,#5381,.F.);
#5381 = EDGE_CURVE('',#5382,#5373,#5384,.T.);
#5382 = VERTEX_POINT('',#5383);
#5383 = CARTESIAN_POINT('',(2.7,4.26,-1.1));
#5384 = LINE('',#5385,#5386);
#5385 = CARTESIAN_POINT('',(2.7,4.26,-1.1));
#5386 = VECTOR('',#5387,1.);
#5387 = DIRECTION('',(0.,-0.,-1.));
#5388 = ORIENTED_EDGE('',*,*,#5389,.T.);
#5389 = EDGE_CURVE('',#5382,#5390,#5392,.T.);
#5390 = VERTEX_POINT('',#5391);
#5391 = CARTESIAN_POINT('',(2.7,4.25,-1.1));
#5392 = LINE('',#5393,#5394);
#5393 = CARTESIAN_POINT('',(2.7,4.26,-1.1));
#5394 = VECTOR('',#5395,1.);
#5395 = DIRECTION('',(0.,-1.,0.));
#5396 = ORIENTED_EDGE('',*,*,#5397,.F.);
#5397 = EDGE_CURVE('',#5371,#5390,#5398,.T.);
#5398 = LINE('',#5399,#5400);
#5399 = CARTESIAN_POINT('',(2.7,4.25,-1.177351874937));
#5400 = VECTOR('',#5401,1.);
#5401 = DIRECTION('',(0.,0.,1.));
#5402 = PLANE('',#5403);
#5403 = AXIS2_PLACEMENT_3D('',#5404,#5405,#5406);
#5404 = CARTESIAN_POINT('',(2.7,2.260070900416,-0.825));
#5405 = DIRECTION('',(-1.,-0.,0.));
#5406 = DIRECTION('',(0.,-0.,-1.));
#5407 = ADVANCED_FACE('',(#5408),#5434,.T.);
#5408 = FACE_BOUND('',#5409,.T.);
#5409 = EDGE_LOOP('',(#5410,#5421,#5427,#5428));
#5410 = ORIENTED_EDGE('',*,*,#5411,.T.);
#5411 = EDGE_CURVE('',#5412,#5414,#5416,.T.);
#5412 = VERTEX_POINT('',#5413);
#5413 = CARTESIAN_POINT('',(2.3,4.25,-1.177351874937));
#5414 = VERTEX_POINT('',#5415);
#5415 = CARTESIAN_POINT('',(2.3,4.26,-1.17));
#5416 = CIRCLE('',#5417,0.65);
#5417 = AXIS2_PLACEMENT_3D('',#5418,#5419,#5420);
#5418 = CARTESIAN_POINT('',(2.3,3.87,-0.65));
#5419 = DIRECTION('',(1.,0.,0.));
#5420 = DIRECTION('',(0.,0.584615384615,-0.811310576827));
#5421 = ORIENTED_EDGE('',*,*,#5422,.T.);
#5422 = EDGE_CURVE('',#5414,#5373,#5423,.T.);
#5423 = LINE('',#5424,#5425);
#5424 = CARTESIAN_POINT('',(2.3,4.26,-1.17));
#5425 = VECTOR('',#5426,1.);
#5426 = DIRECTION('',(1.,0.,0.));
#5427 = ORIENTED_EDGE('',*,*,#5370,.F.);
#5428 = ORIENTED_EDGE('',*,*,#5429,.F.);
#5429 = EDGE_CURVE('',#5412,#5371,#5430,.T.);
#5430 = LINE('',#5431,#5432);
#5431 = CARTESIAN_POINT('',(2.3,4.25,-1.177351874937));
#5432 = VECTOR('',#5433,1.);
#5433 = DIRECTION('',(1.,0.,0.));
#5434 = CYLINDRICAL_SURFACE('',#5435,0.65);
#5435 = AXIS2_PLACEMENT_3D('',#5436,#5437,#5438);
#5436 = CARTESIAN_POINT('',(2.292,3.87,-0.65));
#5437 = DIRECTION('',(1.,0.,0.));
#5438 = DIRECTION('',(0.,0.,-1.));
#5439 = ADVANCED_FACE('',(#5440),#5453,.T.);
#5440 = FACE_BOUND('',#5441,.T.);
#5441 = EDGE_LOOP('',(#5442,#5443,#5444,#5445,#5446,#5447));
#5442 = ORIENTED_EDGE('',*,*,#5145,.F.);
#5443 = ORIENTED_EDGE('',*,*,#5121,.F.);
#5444 = ORIENTED_EDGE('',*,*,#5090,.F.);
#5445 = ORIENTED_EDGE('',*,*,#5059,.F.);
#5446 = ORIENTED_EDGE('',*,*,#5000,.F.);
#5447 = ORIENTED_EDGE('',*,*,#5448,.F.);
#5448 = EDGE_CURVE('',#5136,#5001,#5449,.T.);
#5449 = LINE('',#5450,#5451);
#5450 = CARTESIAN_POINT('',(2.3,0.402020410289,-1.32));
#5451 = VECTOR('',#5452,1.);
#5452 = DIRECTION('',(0.,-1.,0.));
#5453 = PLANE('',#5454);
#5454 = AXIS2_PLACEMENT_3D('',#5455,#5456,#5457);
#5455 = CARTESIAN_POINT('',(2.3,2.260070900416,-0.825));
#5456 = DIRECTION('',(-1.,-0.,0.));
#5457 = DIRECTION('',(0.,-0.,-1.));
#5458 = ADVANCED_FACE('',(#5459),#5472,.T.);
#5459 = FACE_BOUND('',#5460,.T.);
#5460 = EDGE_LOOP('',(#5461,#5462,#5463,#5464,#5465,#5466));
#5461 = ORIENTED_EDGE('',*,*,#5310,.F.);
#5462 = ORIENTED_EDGE('',*,*,#5287,.F.);
#5463 = ORIENTED_EDGE('',*,*,#5256,.F.);
#5464 = ORIENTED_EDGE('',*,*,#5225,.F.);
#5465 = ORIENTED_EDGE('',*,*,#5168,.F.);
#5466 = ORIENTED_EDGE('',*,*,#5467,.F.);
#5467 = EDGE_CURVE('',#5311,#5169,#5468,.T.);
#5468 = LINE('',#5469,#5470);
#5469 = CARTESIAN_POINT('',(2.3,2.866068214363,0.15));
#5470 = VECTOR('',#5471,1.);
#5471 = DIRECTION('',(0.,1.,0.));
#5472 = PLANE('',#5473);
#5473 = AXIS2_PLACEMENT_3D('',#5474,#5475,#5476);
#5474 = CARTESIAN_POINT('',(2.3,2.260070900416,-0.825));
#5475 = DIRECTION('',(-1.,-0.,0.));
#5476 = DIRECTION('',(0.,-0.,-1.));
#5477 = ADVANCED_FACE('',(#5478),#5503,.T.);
#5478 = FACE_BOUND('',#5479,.T.);
#5479 = EDGE_LOOP('',(#5480,#5490,#5496,#5497));
#5480 = ORIENTED_EDGE('',*,*,#5481,.F.);
#5481 = EDGE_CURVE('',#5482,#5484,#5486,.T.);
#5482 = VERTEX_POINT('',#5483);
#5483 = CARTESIAN_POINT('',(2.3,4.26,-1.1));
#5484 = VERTEX_POINT('',#5485);
#5485 = CARTESIAN_POINT('',(2.3,4.25,-1.1));
#5486 = LINE('',#5487,#5488);
#5487 = CARTESIAN_POINT('',(2.3,4.26,-1.1));
#5488 = VECTOR('',#5489,1.);
#5489 = DIRECTION('',(0.,-1.,0.));
#5490 = ORIENTED_EDGE('',*,*,#5491,.T.);
#5491 = EDGE_CURVE('',#5482,#5414,#5492,.T.);
#5492 = LINE('',#5493,#5494);
#5493 = CARTESIAN_POINT('',(2.3,4.26,-1.1));
#5494 = VECTOR('',#5495,1.);
#5495 = DIRECTION('',(0.,-0.,-1.));
#5496 = ORIENTED_EDGE('',*,*,#5411,.F.);
#5497 = ORIENTED_EDGE('',*,*,#5498,.T.);
#5498 = EDGE_CURVE('',#5412,#5484,#5499,.T.);
#5499 = LINE('',#5500,#5501);
#5500 = CARTESIAN_POINT('',(2.3,4.25,-1.177351874937));
#5501 = VECTOR('',#5502,1.);
#5502 = DIRECTION('',(0.,0.,1.));
#5503 = PLANE('',#5504);
#5504 = AXIS2_PLACEMENT_3D('',#5505,#5506,#5507);
#5505 = CARTESIAN_POINT('',(2.3,2.260070900416,-0.825));
#5506 = DIRECTION('',(-1.,-0.,0.));
#5507 = DIRECTION('',(0.,-0.,-1.));
#5508 = ADVANCED_FACE('',(#5509),#5545,.T.);
#5509 = FACE_BOUND('',#5510,.T.);
#5510 = EDGE_LOOP('',(#5511,#5522,#5530,#5539));
#5511 = ORIENTED_EDGE('',*,*,#5512,.T.);
#5512 = EDGE_CURVE('',#5513,#5515,#5517,.T.);
#5513 = VERTEX_POINT('',#5514);
#5514 = CARTESIAN_POINT('',(4.3,5.6040542392E-02,-1.32));
#5515 = VERTEX_POINT('',#5516);
#5516 = CARTESIAN_POINT('',(4.3,-8.673617379884E-16,-1.55));
#5517 = CIRCLE('',#5518,0.5);
#5518 = AXIS2_PLACEMENT_3D('',#5519,#5520,#5521);
#5519 = CARTESIAN_POINT('',(4.3,0.5,-1.55));
#5520 = DIRECTION('',(1.,0.,0.));
#5521 = DIRECTION('',(0.,-0.887918915217,0.46));
#5522 = ORIENTED_EDGE('',*,*,#5523,.F.);
#5523 = EDGE_CURVE('',#5524,#5515,#5526,.T.);
#5524 = VERTEX_POINT('',#5525);
#5525 = CARTESIAN_POINT('',(4.7,-8.673617379884E-16,-1.55));
#5526 = LINE('',#5527,#5528);
#5527 = CARTESIAN_POINT('',(4.7,-8.673617379884E-16,-1.55));
#5528 = VECTOR('',#5529,1.);
#5529 = DIRECTION('',(-1.,-0.,0.));
#5530 = ORIENTED_EDGE('',*,*,#5531,.F.);
#5531 = EDGE_CURVE('',#5532,#5524,#5534,.T.);
#5532 = VERTEX_POINT('',#5533);
#5533 = CARTESIAN_POINT('',(4.7,5.6040542392E-02,-1.32));
#5534 = CIRCLE('',#5535,0.5);
#5535 = AXIS2_PLACEMENT_3D('',#5536,#5537,#5538);
#5536 = CARTESIAN_POINT('',(4.7,0.5,-1.55));
#5537 = DIRECTION('',(1.,0.,0.));
#5538 = DIRECTION('',(0.,-0.887918915217,0.46));
#5539 = ORIENTED_EDGE('',*,*,#5540,.F.);
#5540 = EDGE_CURVE('',#5513,#5532,#5541,.T.);
#5541 = LINE('',#5542,#5543);
#5542 = CARTESIAN_POINT('',(4.3,5.6040542392E-02,-1.32));
#5543 = VECTOR('',#5544,1.);
#5544 = DIRECTION('',(1.,0.,0.));
#5545 = CYLINDRICAL_SURFACE('',#5546,0.5);
#5546 = AXIS2_PLACEMENT_3D('',#5547,#5548,#5549);
#5547 = CARTESIAN_POINT('',(4.292,0.5,-1.55));
#5548 = DIRECTION('',(1.,0.,0.));
#5549 = DIRECTION('',(0.,0.,-1.));
#5550 = ADVANCED_FACE('',(#5551),#5576,.T.);
#5551 = FACE_BOUND('',#5552,.T.);
#5552 = EDGE_LOOP('',(#5553,#5563,#5569,#5570));
#5553 = ORIENTED_EDGE('',*,*,#5554,.T.);
#5554 = EDGE_CURVE('',#5555,#5557,#5559,.T.);
#5555 = VERTEX_POINT('',#5556);
#5556 = CARTESIAN_POINT('',(4.3,-8.673617379884E-16,-2.25));
#5557 = VERTEX_POINT('',#5558);
#5558 = CARTESIAN_POINT('',(4.7,-8.673617379884E-16,-2.25));
#5559 = LINE('',#5560,#5561);
#5560 = CARTESIAN_POINT('',(4.3,-8.673617379884E-16,-2.25));
#5561 = VECTOR('',#5562,1.);
#5562 = DIRECTION('',(1.,0.,0.));
#5563 = ORIENTED_EDGE('',*,*,#5564,.F.);
#5564 = EDGE_CURVE('',#5524,#5557,#5565,.T.);
#5565 = LINE('',#5566,#5567);
#5566 = CARTESIAN_POINT('',(4.7,-8.673617379884E-16,-1.55));
#5567 = VECTOR('',#5568,1.);
#5568 = DIRECTION('',(0.,-1.33226762955E-14,-1.));
#5569 = ORIENTED_EDGE('',*,*,#5523,.T.);
#5570 = ORIENTED_EDGE('',*,*,#5571,.T.);
#5571 = EDGE_CURVE('',#5515,#5555,#5572,.T.);
#5572 = LINE('',#5573,#5574);
#5573 = CARTESIAN_POINT('',(4.3,-8.673617379884E-16,-1.55));
#5574 = VECTOR('',#5575,1.);
#5575 = DIRECTION('',(0.,-1.395708945243E-14,-1.));
#5576 = PLANE('',#5577);
#5577 = AXIS2_PLACEMENT_3D('',#5578,#5579,#5580);
#5578 = CARTESIAN_POINT('',(4.5,-8.673617379884E-16,-1.9));
#5579 = DIRECTION('',(0.,-1.,0.));
#5580 = DIRECTION('',(-1.,0.,0.));
#5581 = ADVANCED_FACE('',(#5582),#5607,.T.);
#5582 = FACE_BOUND('',#5583,.T.);
#5583 = EDGE_LOOP('',(#5584,#5594,#5600,#5601));
#5584 = ORIENTED_EDGE('',*,*,#5585,.T.);
#5585 = EDGE_CURVE('',#5586,#5588,#5590,.T.);
#5586 = VERTEX_POINT('',#5587);
#5587 = CARTESIAN_POINT('',(4.3,0.25,-2.25));
#5588 = VERTEX_POINT('',#5589);
#5589 = CARTESIAN_POINT('',(4.7,0.25,-2.25));
#5590 = LINE('',#5591,#5592);
#5591 = CARTESIAN_POINT('',(4.3,0.25,-2.25));
#5592 = VECTOR('',#5593,1.);
#5593 = DIRECTION('',(1.,0.,0.));
#5594 = ORIENTED_EDGE('',*,*,#5595,.F.);
#5595 = EDGE_CURVE('',#5557,#5588,#5596,.T.);
#5596 = LINE('',#5597,#5598);
#5597 = CARTESIAN_POINT('',(4.7,-8.673617379884E-16,-2.25));
#5598 = VECTOR('',#5599,1.);
#5599 = DIRECTION('',(0.,1.,0.));
#5600 = ORIENTED_EDGE('',*,*,#5554,.F.);
#5601 = ORIENTED_EDGE('',*,*,#5602,.T.);
#5602 = EDGE_CURVE('',#5555,#5586,#5603,.T.);
#5603 = LINE('',#5604,#5605);
#5604 = CARTESIAN_POINT('',(4.3,-8.673617379884E-16,-2.25));
#5605 = VECTOR('',#5606,1.);
#5606 = DIRECTION('',(0.,1.,0.));
#5607 = PLANE('',#5608);
#5608 = AXIS2_PLACEMENT_3D('',#5609,#5610,#5611);
#5609 = CARTESIAN_POINT('',(4.5,0.125,-2.25));
#5610 = DIRECTION('',(0.,-0.,-1.));
#5611 = DIRECTION('',(-1.,-0.,0.));
#5612 = ADVANCED_FACE('',(#5613),#5638,.F.);
#5613 = FACE_BOUND('',#5614,.T.);
#5614 = EDGE_LOOP('',(#5615,#5625,#5631,#5632));
#5615 = ORIENTED_EDGE('',*,*,#5616,.F.);
#5616 = EDGE_CURVE('',#5617,#5619,#5621,.T.);
#5617 = VERTEX_POINT('',#5618);
#5618 = CARTESIAN_POINT('',(4.7,0.25,-1.55));
#5619 = VERTEX_POINT('',#5620);
#5620 = CARTESIAN_POINT('',(4.3,0.25,-1.55));
#5621 = LINE('',#5622,#5623);
#5622 = CARTESIAN_POINT('',(4.7,0.25,-1.55));
#5623 = VECTOR('',#5624,1.);
#5624 = DIRECTION('',(-1.,-0.,0.));
#5625 = ORIENTED_EDGE('',*,*,#5626,.F.);
#5626 = EDGE_CURVE('',#5588,#5617,#5627,.T.);
#5627 = LINE('',#5628,#5629);
#5628 = CARTESIAN_POINT('',(4.7,0.25,-2.25));
#5629 = VECTOR('',#5630,1.);
#5630 = DIRECTION('',(0.,0.,1.));
#5631 = ORIENTED_EDGE('',*,*,#5585,.F.);
#5632 = ORIENTED_EDGE('',*,*,#5633,.T.);
#5633 = EDGE_CURVE('',#5586,#5619,#5634,.T.);
#5634 = LINE('',#5635,#5636);
#5635 = CARTESIAN_POINT('',(4.3,0.25,-2.25));
#5636 = VECTOR('',#5637,1.);
#5637 = DIRECTION('',(0.,0.,1.));
#5638 = PLANE('',#5639);
#5639 = AXIS2_PLACEMENT_3D('',#5640,#5641,#5642);
#5640 = CARTESIAN_POINT('',(4.5,0.25,-1.9));
#5641 = DIRECTION('',(0.,-1.,0.));
#5642 = DIRECTION('',(-1.,0.,0.));
#5643 = ADVANCED_FACE('',(#5644),#5671,.F.);
#5644 = FACE_BOUND('',#5645,.F.);
#5645 = EDGE_LOOP('',(#5646,#5656,#5663,#5664));
#5646 = ORIENTED_EDGE('',*,*,#5647,.F.);
#5647 = EDGE_CURVE('',#5648,#5650,#5652,.T.);
#5648 = VERTEX_POINT('',#5649);
#5649 = CARTESIAN_POINT('',(4.3,0.402020410289,-1.32));
#5650 = VERTEX_POINT('',#5651);
#5651 = CARTESIAN_POINT('',(4.7,0.402020410289,-1.32));
#5652 = LINE('',#5653,#5654);
#5653 = CARTESIAN_POINT('',(4.3,0.402020410289,-1.32));
#5654 = VECTOR('',#5655,1.);
#5655 = DIRECTION('',(1.,0.,0.));
#5656 = ORIENTED_EDGE('',*,*,#5657,.F.);
#5657 = EDGE_CURVE('',#5619,#5648,#5658,.T.);
#5658 = CIRCLE('',#5659,0.25);
#5659 = AXIS2_PLACEMENT_3D('',#5660,#5661,#5662);
#5660 = CARTESIAN_POINT('',(4.3,0.5,-1.55));
#5661 = DIRECTION('',(-1.,0.,0.));
#5662 = DIRECTION('',(0.,-1.,0.));
#5663 = ORIENTED_EDGE('',*,*,#5616,.F.);
#5664 = ORIENTED_EDGE('',*,*,#5665,.T.);
#5665 = EDGE_CURVE('',#5617,#5650,#5666,.T.);
#5666 = CIRCLE('',#5667,0.25);
#5667 = AXIS2_PLACEMENT_3D('',#5668,#5669,#5670);
#5668 = CARTESIAN_POINT('',(4.7,0.5,-1.55));
#5669 = DIRECTION('',(-1.,0.,0.));
#5670 = DIRECTION('',(0.,-1.,0.));
#5671 = CYLINDRICAL_SURFACE('',#5672,0.25);
#5672 = AXIS2_PLACEMENT_3D('',#5673,#5674,#5675);
#5673 = CARTESIAN_POINT('',(4.292,0.5,-1.55));
#5674 = DIRECTION('',(1.,0.,0.));
#5675 = DIRECTION('',(0.,0.,-1.));
#5676 = ADVANCED_FACE('',(#5677),#5711,.F.);
#5677 = FACE_BOUND('',#5678,.T.);
#5678 = EDGE_LOOP('',(#5679,#5689,#5697,#5705));
#5679 = ORIENTED_EDGE('',*,*,#5680,.T.);
#5680 = EDGE_CURVE('',#5681,#5683,#5685,.T.);
#5681 = VERTEX_POINT('',#5682);
#5682 = CARTESIAN_POINT('',(4.3,3.554875948641,0.15));
#5683 = VERTEX_POINT('',#5684);
#5684 = CARTESIAN_POINT('',(4.3,3.200836366114,0.274610685539));
#5685 = LINE('',#5686,#5687);
#5686 = CARTESIAN_POINT('',(4.3,3.554875948641,0.15));
#5687 = VECTOR('',#5688,1.);
#5688 = DIRECTION('',(0.,-0.943278015305,0.332003894317));
#5689 = ORIENTED_EDGE('',*,*,#5690,.T.);
#5690 = EDGE_CURVE('',#5683,#5691,#5693,.T.);
#5691 = VERTEX_POINT('',#5692);
#5692 = CARTESIAN_POINT('',(4.7,3.200836366114,0.274610685539));
#5693 = LINE('',#5694,#5695);
#5694 = CARTESIAN_POINT('',(4.3,3.200836366114,0.274610685539));
#5695 = VECTOR('',#5696,1.);
#5696 = DIRECTION('',(1.,0.,0.));
#5697 = ORIENTED_EDGE('',*,*,#5698,.F.);
#5698 = EDGE_CURVE('',#5699,#5691,#5701,.T.);
#5699 = VERTEX_POINT('',#5700);
#5700 = CARTESIAN_POINT('',(4.7,3.554875948641,0.15));
#5701 = LINE('',#5702,#5703);
#5702 = CARTESIAN_POINT('',(4.7,3.554875948641,0.15));
#5703 = VECTOR('',#5704,1.);
#5704 = DIRECTION('',(0.,-0.943278015305,0.332003894317));
#5705 = ORIENTED_EDGE('',*,*,#5706,.T.);
#5706 = EDGE_CURVE('',#5699,#5681,#5707,.T.);
#5707 = LINE('',#5708,#5709);
#5708 = CARTESIAN_POINT('',(4.7,3.554875948641,0.15));
#5709 = VECTOR('',#5710,1.);
#5710 = DIRECTION('',(-1.,-0.,0.));
#5711 = PLANE('',#5712);
#5712 = AXIS2_PLACEMENT_3D('',#5713,#5714,#5715);
#5713 = CARTESIAN_POINT('',(4.5,3.64331944871,0.118870697744));
#5714 = DIRECTION('',(0.,-0.332003894317,-0.943278015305));
#5715 = DIRECTION('',(-1.,-0.,0.));
#5716 = ADVANCED_FACE('',(#5717),#5742,.F.);
#5717 = FACE_BOUND('',#5718,.T.);
#5718 = EDGE_LOOP('',(#5719,#5729,#5735,#5736));
#5719 = ORIENTED_EDGE('',*,*,#5720,.T.);
#5720 = EDGE_CURVE('',#5721,#5723,#5725,.T.);
#5721 = VERTEX_POINT('',#5722);
#5722 = CARTESIAN_POINT('',(4.3,2.47,0.6));
#5723 = VERTEX_POINT('',#5724);
#5724 = CARTESIAN_POINT('',(4.7,2.47,0.6));
#5725 = LINE('',#5726,#5727);
#5726 = CARTESIAN_POINT('',(4.3,2.47,0.6));
#5727 = VECTOR('',#5728,1.);
#5728 = DIRECTION('',(1.,0.,0.));
#5729 = ORIENTED_EDGE('',*,*,#5730,.F.);
#5730 = EDGE_CURVE('',#5691,#5723,#5731,.T.);
#5731 = LINE('',#5732,#5733);
#5732 = CARTESIAN_POINT('',(4.7,3.200836366114,0.274610685539));
#5733 = VECTOR('',#5734,1.);
#5734 = DIRECTION('',(0.,-0.913545457643,0.406736643076));
#5735 = ORIENTED_EDGE('',*,*,#5690,.F.);
#5736 = ORIENTED_EDGE('',*,*,#5737,.T.);
#5737 = EDGE_CURVE('',#5683,#5721,#5738,.T.);
#5738 = LINE('',#5739,#5740);
#5739 = CARTESIAN_POINT('',(4.3,3.200836366114,0.274610685539));
#5740 = VECTOR('',#5741,1.);
#5741 = DIRECTION('',(0.,-0.913545457643,0.406736643076));
#5742 = PLANE('',#5743);
#5743 = AXIS2_PLACEMENT_3D('',#5744,#5745,#5746);
#5744 = CARTESIAN_POINT('',(4.5,2.835418183057,0.43730534277));
#5745 = DIRECTION('',(0.,-0.406736643076,-0.913545457643));
#5746 = DIRECTION('',(-1.,-0.,0.));
#5747 = ADVANCED_FACE('',(#5748),#5773,.F.);
#5748 = FACE_BOUND('',#5749,.T.);
#5749 = EDGE_LOOP('',(#5750,#5760,#5766,#5767));
#5750 = ORIENTED_EDGE('',*,*,#5751,.F.);
#5751 = EDGE_CURVE('',#5752,#5754,#5756,.T.);
#5752 = VERTEX_POINT('',#5753);
#5753 = CARTESIAN_POINT('',(4.7,2.400717967697,0.56));
#5754 = VERTEX_POINT('',#5755);
#5755 = CARTESIAN_POINT('',(4.3,2.400717967697,0.56));
#5756 = LINE('',#5757,#5758);
#5757 = CARTESIAN_POINT('',(4.7,2.400717967697,0.56));
#5758 = VECTOR('',#5759,1.);
#5759 = DIRECTION('',(-1.,-0.,0.));
#5760 = ORIENTED_EDGE('',*,*,#5761,.F.);
#5761 = EDGE_CURVE('',#5723,#5752,#5762,.T.);
#5762 = LINE('',#5763,#5764);
#5763 = CARTESIAN_POINT('',(4.7,2.47,0.6));
#5764 = VECTOR('',#5765,1.);
#5765 = DIRECTION('',(0.,-0.866025403785,-0.499999999999));
#5766 = ORIENTED_EDGE('',*,*,#5720,.F.);
#5767 = ORIENTED_EDGE('',*,*,#5768,.T.);
#5768 = EDGE_CURVE('',#5721,#5754,#5769,.T.);
#5769 = LINE('',#5770,#5771);
#5770 = CARTESIAN_POINT('',(4.3,2.47,0.6));
#5771 = VECTOR('',#5772,1.);
#5772 = DIRECTION('',(-1.110223024624E-14,-0.866025403785,
    -0.499999999999));
#5773 = PLANE('',#5774);
#5774 = AXIS2_PLACEMENT_3D('',#5775,#5776,#5777);
#5775 = CARTESIAN_POINT('',(4.5,2.435358983849,0.58));
#5776 = DIRECTION('',(0.,0.5,-0.866025403784));
#5777 = DIRECTION('',(1.,0.,0.));
#5778 = ADVANCED_FACE('',(#5779),#5804,.T.);
#5779 = FACE_BOUND('',#5780,.T.);
#5780 = EDGE_LOOP('',(#5781,#5791,#5797,#5798));
#5781 = ORIENTED_EDGE('',*,*,#5782,.T.);
#5782 = EDGE_CURVE('',#5783,#5785,#5787,.T.);
#5783 = VERTEX_POINT('',#5784);
#5784 = CARTESIAN_POINT('',(4.3,2.325358355447,0.390739539619));
#5785 = VERTEX_POINT('',#5786);
#5786 = CARTESIAN_POINT('',(4.7,2.325358355447,0.390739539619));
#5787 = LINE('',#5788,#5789);
#5788 = CARTESIAN_POINT('',(4.3,2.325358355447,0.390739539619));
#5789 = VECTOR('',#5790,1.);
#5790 = DIRECTION('',(1.,0.,0.));
#5791 = ORIENTED_EDGE('',*,*,#5792,.F.);
#5792 = EDGE_CURVE('',#5752,#5785,#5793,.T.);
#5793 = LINE('',#5794,#5795);
#5794 = CARTESIAN_POINT('',(4.7,2.400717967697,0.56));
#5795 = VECTOR('',#5796,1.);
#5796 = DIRECTION('',(0.,-0.406736643075,-0.913545457643));
#5797 = ORIENTED_EDGE('',*,*,#5751,.T.);
#5798 = ORIENTED_EDGE('',*,*,#5799,.T.);
#5799 = EDGE_CURVE('',#5754,#5783,#5800,.T.);
#5800 = LINE('',#5801,#5802);
#5801 = CARTESIAN_POINT('',(4.3,2.400717967697,0.56));
#5802 = VECTOR('',#5803,1.);
#5803 = DIRECTION('',(0.,-0.406736643075,-0.913545457643));
#5804 = PLANE('',#5805);
#5805 = AXIS2_PLACEMENT_3D('',#5806,#5807,#5808);
#5806 = CARTESIAN_POINT('',(4.5,2.363038161572,0.475369769809));
#5807 = DIRECTION('',(0.,-0.913545457643,0.406736643076));
#5808 = DIRECTION('',(1.,0.,0.));
#5809 = ADVANCED_FACE('',(#5810),#5835,.T.);
#5810 = FACE_BOUND('',#5811,.T.);
#5811 = EDGE_LOOP('',(#5812,#5820,#5821,#5829));
#5812 = ORIENTED_EDGE('',*,*,#5813,.F.);
#5813 = EDGE_CURVE('',#5785,#5814,#5816,.T.);
#5814 = VERTEX_POINT('',#5815);
#5815 = CARTESIAN_POINT('',(4.7,2.866068214363,0.15));
#5816 = LINE('',#5817,#5818);
#5817 = CARTESIAN_POINT('',(4.7,2.325358355447,0.390739539619));
#5818 = VECTOR('',#5819,1.);
#5819 = DIRECTION('',(0.,0.913545457643,-0.406736643076));
#5820 = ORIENTED_EDGE('',*,*,#5782,.F.);
#5821 = ORIENTED_EDGE('',*,*,#5822,.T.);
#5822 = EDGE_CURVE('',#5783,#5823,#5825,.T.);
#5823 = VERTEX_POINT('',#5824);
#5824 = CARTESIAN_POINT('',(4.3,2.866068214363,0.15));
#5825 = LINE('',#5826,#5827);
#5826 = CARTESIAN_POINT('',(4.3,2.325358355447,0.390739539619));
#5827 = VECTOR('',#5828,1.);
#5828 = DIRECTION('',(0.,0.913545457643,-0.406736643076));
#5829 = ORIENTED_EDGE('',*,*,#5830,.T.);
#5830 = EDGE_CURVE('',#5823,#5814,#5831,.T.);
#5831 = LINE('',#5832,#5833);
#5832 = CARTESIAN_POINT('',(4.3,2.866068214363,0.15));
#5833 = VECTOR('',#5834,1.);
#5834 = DIRECTION('',(1.,0.,0.));
#5835 = PLANE('',#5836);
#5836 = AXIS2_PLACEMENT_3D('',#5837,#5838,#5839);
#5837 = CARTESIAN_POINT('',(4.5,2.716851285628,0.216435657007));
#5838 = DIRECTION('',(0.,-0.406736643076,-0.913545457643));
#5839 = DIRECTION('',(-1.,-0.,0.));
#5840 = ADVANCED_FACE('',(#5841),#5854,.F.);
#5841 = FACE_BOUND('',#5842,.T.);
#5842 = EDGE_LOOP('',(#5843,#5844,#5845,#5846,#5847,#5848));
#5843 = ORIENTED_EDGE('',*,*,#5531,.T.);
#5844 = ORIENTED_EDGE('',*,*,#5564,.T.);
#5845 = ORIENTED_EDGE('',*,*,#5595,.T.);
#5846 = ORIENTED_EDGE('',*,*,#5626,.T.);
#5847 = ORIENTED_EDGE('',*,*,#5665,.T.);
#5848 = ORIENTED_EDGE('',*,*,#5849,.T.);
#5849 = EDGE_CURVE('',#5650,#5532,#5850,.T.);
#5850 = LINE('',#5851,#5852);
#5851 = CARTESIAN_POINT('',(4.7,0.402020410289,-1.32));
#5852 = VECTOR('',#5853,1.);
#5853 = DIRECTION('',(0.,-1.,0.));
#5854 = PLANE('',#5855);
#5855 = AXIS2_PLACEMENT_3D('',#5856,#5857,#5858);
#5856 = CARTESIAN_POINT('',(4.7,2.260070900416,-0.825));
#5857 = DIRECTION('',(-1.,-0.,0.));
#5858 = DIRECTION('',(0.,-0.,-1.));
#5859 = ADVANCED_FACE('',(#5860),#5873,.F.);
#5860 = FACE_BOUND('',#5861,.T.);
#5861 = EDGE_LOOP('',(#5862,#5863,#5864,#5865,#5866,#5867));
#5862 = ORIENTED_EDGE('',*,*,#5698,.T.);
#5863 = ORIENTED_EDGE('',*,*,#5730,.T.);
#5864 = ORIENTED_EDGE('',*,*,#5761,.T.);
#5865 = ORIENTED_EDGE('',*,*,#5792,.T.);
#5866 = ORIENTED_EDGE('',*,*,#5813,.T.);
#5867 = ORIENTED_EDGE('',*,*,#5868,.T.);
#5868 = EDGE_CURVE('',#5814,#5699,#5869,.T.);
#5869 = LINE('',#5870,#5871);
#5870 = CARTESIAN_POINT('',(4.7,2.866068214363,0.15));
#5871 = VECTOR('',#5872,1.);
#5872 = DIRECTION('',(0.,1.,0.));
#5873 = PLANE('',#5874);
#5874 = AXIS2_PLACEMENT_3D('',#5875,#5876,#5877);
#5875 = CARTESIAN_POINT('',(4.7,2.260070900416,-0.825));
#5876 = DIRECTION('',(-1.,-0.,0.));
#5877 = DIRECTION('',(0.,-0.,-1.));
#5878 = ADVANCED_FACE('',(#5879),#5914,.F.);
#5879 = FACE_BOUND('',#5880,.T.);
#5880 = EDGE_LOOP('',(#5881,#5892,#5900,#5908));
#5881 = ORIENTED_EDGE('',*,*,#5882,.T.);
#5882 = EDGE_CURVE('',#5883,#5885,#5887,.T.);
#5883 = VERTEX_POINT('',#5884);
#5884 = CARTESIAN_POINT('',(4.7,4.25,-1.177351874937));
#5885 = VERTEX_POINT('',#5886);
#5886 = CARTESIAN_POINT('',(4.7,4.26,-1.17));
#5887 = CIRCLE('',#5888,0.65);
#5888 = AXIS2_PLACEMENT_3D('',#5889,#5890,#5891);
#5889 = CARTESIAN_POINT('',(4.7,3.87,-0.65));
#5890 = DIRECTION('',(1.,0.,0.));
#5891 = DIRECTION('',(0.,0.584615384615,-0.811310576827));
#5892 = ORIENTED_EDGE('',*,*,#5893,.F.);
#5893 = EDGE_CURVE('',#5894,#5885,#5896,.T.);
#5894 = VERTEX_POINT('',#5895);
#5895 = CARTESIAN_POINT('',(4.7,4.26,-1.1));
#5896 = LINE('',#5897,#5898);
#5897 = CARTESIAN_POINT('',(4.7,4.26,-1.1));
#5898 = VECTOR('',#5899,1.);
#5899 = DIRECTION('',(0.,-0.,-1.));
#5900 = ORIENTED_EDGE('',*,*,#5901,.T.);
#5901 = EDGE_CURVE('',#5894,#5902,#5904,.T.);
#5902 = VERTEX_POINT('',#5903);
#5903 = CARTESIAN_POINT('',(4.7,4.25,-1.1));
#5904 = LINE('',#5905,#5906);
#5905 = CARTESIAN_POINT('',(4.7,4.26,-1.1));
#5906 = VECTOR('',#5907,1.);
#5907 = DIRECTION('',(0.,-1.,0.));
#5908 = ORIENTED_EDGE('',*,*,#5909,.F.);
#5909 = EDGE_CURVE('',#5883,#5902,#5910,.T.);
#5910 = LINE('',#5911,#5912);
#5911 = CARTESIAN_POINT('',(4.7,4.25,-1.177351874937));
#5912 = VECTOR('',#5913,1.);
#5913 = DIRECTION('',(0.,0.,1.));
#5914 = PLANE('',#5915);
#5915 = AXIS2_PLACEMENT_3D('',#5916,#5917,#5918);
#5916 = CARTESIAN_POINT('',(4.7,2.260070900416,-0.825));
#5917 = DIRECTION('',(-1.,-0.,0.));
#5918 = DIRECTION('',(0.,-0.,-1.));
#5919 = ADVANCED_FACE('',(#5920),#5946,.T.);
#5920 = FACE_BOUND('',#5921,.T.);
#5921 = EDGE_LOOP('',(#5922,#5933,#5939,#5940));
#5922 = ORIENTED_EDGE('',*,*,#5923,.T.);
#5923 = EDGE_CURVE('',#5924,#5926,#5928,.T.);
#5924 = VERTEX_POINT('',#5925);
#5925 = CARTESIAN_POINT('',(4.3,4.25,-1.177351874937));
#5926 = VERTEX_POINT('',#5927);
#5927 = CARTESIAN_POINT('',(4.3,4.26,-1.17));
#5928 = CIRCLE('',#5929,0.65);
#5929 = AXIS2_PLACEMENT_3D('',#5930,#5931,#5932);
#5930 = CARTESIAN_POINT('',(4.3,3.87,-0.65));
#5931 = DIRECTION('',(1.,0.,0.));
#5932 = DIRECTION('',(0.,0.584615384615,-0.811310576827));
#5933 = ORIENTED_EDGE('',*,*,#5934,.T.);
#5934 = EDGE_CURVE('',#5926,#5885,#5935,.T.);
#5935 = LINE('',#5936,#5937);
#5936 = CARTESIAN_POINT('',(4.3,4.26,-1.17));
#5937 = VECTOR('',#5938,1.);
#5938 = DIRECTION('',(1.,0.,0.));
#5939 = ORIENTED_EDGE('',*,*,#5882,.F.);
#5940 = ORIENTED_EDGE('',*,*,#5941,.F.);
#5941 = EDGE_CURVE('',#5924,#5883,#5942,.T.);
#5942 = LINE('',#5943,#5944);
#5943 = CARTESIAN_POINT('',(4.3,4.25,-1.177351874937));
#5944 = VECTOR('',#5945,1.);
#5945 = DIRECTION('',(1.,0.,0.));
#5946 = CYLINDRICAL_SURFACE('',#5947,0.65);
#5947 = AXIS2_PLACEMENT_3D('',#5948,#5949,#5950);
#5948 = CARTESIAN_POINT('',(4.292,3.87,-0.65));
#5949 = DIRECTION('',(1.,0.,0.));
#5950 = DIRECTION('',(0.,0.,-1.));
#5951 = ADVANCED_FACE('',(#5952),#5965,.T.);
#5952 = FACE_BOUND('',#5953,.T.);
#5953 = EDGE_LOOP('',(#5954,#5955,#5956,#5957,#5958,#5959));
#5954 = ORIENTED_EDGE('',*,*,#5657,.F.);
#5955 = ORIENTED_EDGE('',*,*,#5633,.F.);
#5956 = ORIENTED_EDGE('',*,*,#5602,.F.);
#5957 = ORIENTED_EDGE('',*,*,#5571,.F.);
#5958 = ORIENTED_EDGE('',*,*,#5512,.F.);
#5959 = ORIENTED_EDGE('',*,*,#5960,.F.);
#5960 = EDGE_CURVE('',#5648,#5513,#5961,.T.);
#5961 = LINE('',#5962,#5963);
#5962 = CARTESIAN_POINT('',(4.3,0.402020410289,-1.32));
#5963 = VECTOR('',#5964,1.);
#5964 = DIRECTION('',(0.,-1.,0.));
#5965 = PLANE('',#5966);
#5966 = AXIS2_PLACEMENT_3D('',#5967,#5968,#5969);
#5967 = CARTESIAN_POINT('',(4.3,2.260070900416,-0.825));
#5968 = DIRECTION('',(-1.,-0.,0.));
#5969 = DIRECTION('',(0.,-0.,-1.));
#5970 = ADVANCED_FACE('',(#5971),#5984,.T.);
#5971 = FACE_BOUND('',#5972,.T.);
#5972 = EDGE_LOOP('',(#5973,#5974,#5975,#5976,#5977,#5978));
#5973 = ORIENTED_EDGE('',*,*,#5822,.F.);
#5974 = ORIENTED_EDGE('',*,*,#5799,.F.);
#5975 = ORIENTED_EDGE('',*,*,#5768,.F.);
#5976 = ORIENTED_EDGE('',*,*,#5737,.F.);
#5977 = ORIENTED_EDGE('',*,*,#5680,.F.);
#5978 = ORIENTED_EDGE('',*,*,#5979,.F.);
#5979 = EDGE_CURVE('',#5823,#5681,#5980,.T.);
#5980 = LINE('',#5981,#5982);
#5981 = CARTESIAN_POINT('',(4.3,2.866068214363,0.15));
#5982 = VECTOR('',#5983,1.);
#5983 = DIRECTION('',(0.,1.,0.));
#5984 = PLANE('',#5985);
#5985 = AXIS2_PLACEMENT_3D('',#5986,#5987,#5988);
#5986 = CARTESIAN_POINT('',(4.3,2.260070900416,-0.825));
#5987 = DIRECTION('',(-1.,-0.,0.));
#5988 = DIRECTION('',(0.,-0.,-1.));
#5989 = ADVANCED_FACE('',(#5990),#6015,.T.);
#5990 = FACE_BOUND('',#5991,.T.);
#5991 = EDGE_LOOP('',(#5992,#6002,#6008,#6009));
#5992 = ORIENTED_EDGE('',*,*,#5993,.F.);
#5993 = EDGE_CURVE('',#5994,#5996,#5998,.T.);
#5994 = VERTEX_POINT('',#5995);
#5995 = CARTESIAN_POINT('',(4.3,4.26,-1.1));
#5996 = VERTEX_POINT('',#5997);
#5997 = CARTESIAN_POINT('',(4.3,4.25,-1.1));
#5998 = LINE('',#5999,#6000);
#5999 = CARTESIAN_POINT('',(4.3,4.26,-1.1));
#6000 = VECTOR('',#6001,1.);
#6001 = DIRECTION('',(0.,-1.,0.));
#6002 = ORIENTED_EDGE('',*,*,#6003,.T.);
#6003 = EDGE_CURVE('',#5994,#5926,#6004,.T.);
#6004 = LINE('',#6005,#6006);
#6005 = CARTESIAN_POINT('',(4.3,4.26,-1.1));
#6006 = VECTOR('',#6007,1.);
#6007 = DIRECTION('',(0.,-0.,-1.));
#6008 = ORIENTED_EDGE('',*,*,#5923,.F.);
#6009 = ORIENTED_EDGE('',*,*,#6010,.T.);
#6010 = EDGE_CURVE('',#5924,#5996,#6011,.T.);
#6011 = LINE('',#6012,#6013);
#6012 = CARTESIAN_POINT('',(4.3,4.25,-1.177351874937));
#6013 = VECTOR('',#6014,1.);
#6014 = DIRECTION('',(0.,0.,1.));
#6015 = PLANE('',#6016);
#6016 = AXIS2_PLACEMENT_3D('',#6017,#6018,#6019);
#6017 = CARTESIAN_POINT('',(4.3,2.260070900416,-0.825));
#6018 = DIRECTION('',(-1.,-0.,0.));
#6019 = DIRECTION('',(0.,-0.,-1.));
#6020 = ADVANCED_FACE('',(#6021),#6057,.T.);
#6021 = FACE_BOUND('',#6022,.T.);
#6022 = EDGE_LOOP('',(#6023,#6034,#6042,#6051));
#6023 = ORIENTED_EDGE('',*,*,#6024,.T.);
#6024 = EDGE_CURVE('',#6025,#6027,#6029,.T.);
#6025 = VERTEX_POINT('',#6026);
#6026 = CARTESIAN_POINT('',(6.3,5.6040542392E-02,-1.32));
#6027 = VERTEX_POINT('',#6028);
#6028 = CARTESIAN_POINT('',(6.3,-8.673617379884E-16,-1.55));
#6029 = CIRCLE('',#6030,0.5);
#6030 = AXIS2_PLACEMENT_3D('',#6031,#6032,#6033);
#6031 = CARTESIAN_POINT('',(6.3,0.5,-1.55));
#6032 = DIRECTION('',(1.,0.,0.));
#6033 = DIRECTION('',(0.,-0.887918915217,0.46));
#6034 = ORIENTED_EDGE('',*,*,#6035,.F.);
#6035 = EDGE_CURVE('',#6036,#6027,#6038,.T.);
#6036 = VERTEX_POINT('',#6037);
#6037 = CARTESIAN_POINT('',(6.7,-8.673617379884E-16,-1.55));
#6038 = LINE('',#6039,#6040);
#6039 = CARTESIAN_POINT('',(6.7,-8.673617379884E-16,-1.55));
#6040 = VECTOR('',#6041,1.);
#6041 = DIRECTION('',(-1.,-0.,0.));
#6042 = ORIENTED_EDGE('',*,*,#6043,.F.);
#6043 = EDGE_CURVE('',#6044,#6036,#6046,.T.);
#6044 = VERTEX_POINT('',#6045);
#6045 = CARTESIAN_POINT('',(6.7,5.6040542392E-02,-1.32));
#6046 = CIRCLE('',#6047,0.5);
#6047 = AXIS2_PLACEMENT_3D('',#6048,#6049,#6050);
#6048 = CARTESIAN_POINT('',(6.7,0.5,-1.55));
#6049 = DIRECTION('',(1.,0.,0.));
#6050 = DIRECTION('',(0.,-0.887918915217,0.46));
#6051 = ORIENTED_EDGE('',*,*,#6052,.F.);
#6052 = EDGE_CURVE('',#6025,#6044,#6053,.T.);
#6053 = LINE('',#6054,#6055);
#6054 = CARTESIAN_POINT('',(6.3,5.6040542392E-02,-1.32));
#6055 = VECTOR('',#6056,1.);
#6056 = DIRECTION('',(1.,0.,0.));
#6057 = CYLINDRICAL_SURFACE('',#6058,0.5);
#6058 = AXIS2_PLACEMENT_3D('',#6059,#6060,#6061);
#6059 = CARTESIAN_POINT('',(6.292,0.5,-1.55));
#6060 = DIRECTION('',(1.,0.,0.));
#6061 = DIRECTION('',(0.,0.,-1.));
#6062 = ADVANCED_FACE('',(#6063),#6088,.T.);
#6063 = FACE_BOUND('',#6064,.T.);
#6064 = EDGE_LOOP('',(#6065,#6075,#6081,#6082));
#6065 = ORIENTED_EDGE('',*,*,#6066,.T.);
#6066 = EDGE_CURVE('',#6067,#6069,#6071,.T.);
#6067 = VERTEX_POINT('',#6068);
#6068 = CARTESIAN_POINT('',(6.3,-8.673617379884E-16,-2.25));
#6069 = VERTEX_POINT('',#6070);
#6070 = CARTESIAN_POINT('',(6.7,-8.673617379884E-16,-2.25));
#6071 = LINE('',#6072,#6073);
#6072 = CARTESIAN_POINT('',(6.3,-8.673617379884E-16,-2.25));
#6073 = VECTOR('',#6074,1.);
#6074 = DIRECTION('',(1.,0.,0.));
#6075 = ORIENTED_EDGE('',*,*,#6076,.F.);
#6076 = EDGE_CURVE('',#6036,#6069,#6077,.T.);
#6077 = LINE('',#6078,#6079);
#6078 = CARTESIAN_POINT('',(6.7,-8.673617379884E-16,-1.55));
#6079 = VECTOR('',#6080,1.);
#6080 = DIRECTION('',(0.,-1.33226762955E-14,-1.));
#6081 = ORIENTED_EDGE('',*,*,#6035,.T.);
#6082 = ORIENTED_EDGE('',*,*,#6083,.T.);
#6083 = EDGE_CURVE('',#6027,#6067,#6084,.T.);
#6084 = LINE('',#6085,#6086);
#6085 = CARTESIAN_POINT('',(6.3,-8.673617379884E-16,-1.55));
#6086 = VECTOR('',#6087,1.);
#6087 = DIRECTION('',(0.,-1.395708945243E-14,-1.));
#6088 = PLANE('',#6089);
#6089 = AXIS2_PLACEMENT_3D('',#6090,#6091,#6092);
#6090 = CARTESIAN_POINT('',(6.5,-8.673617379884E-16,-1.9));
#6091 = DIRECTION('',(0.,-1.,0.));
#6092 = DIRECTION('',(-1.,0.,0.));
#6093 = ADVANCED_FACE('',(#6094),#6119,.T.);
#6094 = FACE_BOUND('',#6095,.T.);
#6095 = EDGE_LOOP('',(#6096,#6106,#6112,#6113));
#6096 = ORIENTED_EDGE('',*,*,#6097,.T.);
#6097 = EDGE_CURVE('',#6098,#6100,#6102,.T.);
#6098 = VERTEX_POINT('',#6099);
#6099 = CARTESIAN_POINT('',(6.3,0.25,-2.25));
#6100 = VERTEX_POINT('',#6101);
#6101 = CARTESIAN_POINT('',(6.7,0.25,-2.25));
#6102 = LINE('',#6103,#6104);
#6103 = CARTESIAN_POINT('',(6.3,0.25,-2.25));
#6104 = VECTOR('',#6105,1.);
#6105 = DIRECTION('',(1.,0.,0.));
#6106 = ORIENTED_EDGE('',*,*,#6107,.F.);
#6107 = EDGE_CURVE('',#6069,#6100,#6108,.T.);
#6108 = LINE('',#6109,#6110);
#6109 = CARTESIAN_POINT('',(6.7,-8.673617379884E-16,-2.25));
#6110 = VECTOR('',#6111,1.);
#6111 = DIRECTION('',(0.,1.,0.));
#6112 = ORIENTED_EDGE('',*,*,#6066,.F.);
#6113 = ORIENTED_EDGE('',*,*,#6114,.T.);
#6114 = EDGE_CURVE('',#6067,#6098,#6115,.T.);
#6115 = LINE('',#6116,#6117);
#6116 = CARTESIAN_POINT('',(6.3,-8.673617379884E-16,-2.25));
#6117 = VECTOR('',#6118,1.);
#6118 = DIRECTION('',(0.,1.,0.));
#6119 = PLANE('',#6120);
#6120 = AXIS2_PLACEMENT_3D('',#6121,#6122,#6123);
#6121 = CARTESIAN_POINT('',(6.5,0.125,-2.25));
#6122 = DIRECTION('',(0.,-0.,-1.));
#6123 = DIRECTION('',(-1.,-0.,0.));
#6124 = ADVANCED_FACE('',(#6125),#6150,.F.);
#6125 = FACE_BOUND('',#6126,.T.);
#6126 = EDGE_LOOP('',(#6127,#6137,#6143,#6144));
#6127 = ORIENTED_EDGE('',*,*,#6128,.F.);
#6128 = EDGE_CURVE('',#6129,#6131,#6133,.T.);
#6129 = VERTEX_POINT('',#6130);
#6130 = CARTESIAN_POINT('',(6.7,0.25,-1.55));
#6131 = VERTEX_POINT('',#6132);
#6132 = CARTESIAN_POINT('',(6.3,0.25,-1.55));
#6133 = LINE('',#6134,#6135);
#6134 = CARTESIAN_POINT('',(6.7,0.25,-1.55));
#6135 = VECTOR('',#6136,1.);
#6136 = DIRECTION('',(-1.,-0.,0.));
#6137 = ORIENTED_EDGE('',*,*,#6138,.F.);
#6138 = EDGE_CURVE('',#6100,#6129,#6139,.T.);
#6139 = LINE('',#6140,#6141);
#6140 = CARTESIAN_POINT('',(6.7,0.25,-2.25));
#6141 = VECTOR('',#6142,1.);
#6142 = DIRECTION('',(0.,0.,1.));
#6143 = ORIENTED_EDGE('',*,*,#6097,.F.);
#6144 = ORIENTED_EDGE('',*,*,#6145,.T.);
#6145 = EDGE_CURVE('',#6098,#6131,#6146,.T.);
#6146 = LINE('',#6147,#6148);
#6147 = CARTESIAN_POINT('',(6.3,0.25,-2.25));
#6148 = VECTOR('',#6149,1.);
#6149 = DIRECTION('',(0.,0.,1.));
#6150 = PLANE('',#6151);
#6151 = AXIS2_PLACEMENT_3D('',#6152,#6153,#6154);
#6152 = CARTESIAN_POINT('',(6.5,0.25,-1.9));
#6153 = DIRECTION('',(0.,-1.,0.));
#6154 = DIRECTION('',(-1.,0.,0.));
#6155 = ADVANCED_FACE('',(#6156),#6183,.F.);
#6156 = FACE_BOUND('',#6157,.F.);
#6157 = EDGE_LOOP('',(#6158,#6168,#6175,#6176));
#6158 = ORIENTED_EDGE('',*,*,#6159,.F.);
#6159 = EDGE_CURVE('',#6160,#6162,#6164,.T.);
#6160 = VERTEX_POINT('',#6161);
#6161 = CARTESIAN_POINT('',(6.3,0.402020410289,-1.32));
#6162 = VERTEX_POINT('',#6163);
#6163 = CARTESIAN_POINT('',(6.7,0.402020410289,-1.32));
#6164 = LINE('',#6165,#6166);
#6165 = CARTESIAN_POINT('',(6.3,0.402020410289,-1.32));
#6166 = VECTOR('',#6167,1.);
#6167 = DIRECTION('',(1.,0.,0.));
#6168 = ORIENTED_EDGE('',*,*,#6169,.F.);
#6169 = EDGE_CURVE('',#6131,#6160,#6170,.T.);
#6170 = CIRCLE('',#6171,0.25);
#6171 = AXIS2_PLACEMENT_3D('',#6172,#6173,#6174);
#6172 = CARTESIAN_POINT('',(6.3,0.5,-1.55));
#6173 = DIRECTION('',(-1.,0.,0.));
#6174 = DIRECTION('',(0.,-1.,0.));
#6175 = ORIENTED_EDGE('',*,*,#6128,.F.);
#6176 = ORIENTED_EDGE('',*,*,#6177,.T.);
#6177 = EDGE_CURVE('',#6129,#6162,#6178,.T.);
#6178 = CIRCLE('',#6179,0.25);
#6179 = AXIS2_PLACEMENT_3D('',#6180,#6181,#6182);
#6180 = CARTESIAN_POINT('',(6.7,0.5,-1.55));
#6181 = DIRECTION('',(-1.,0.,0.));
#6182 = DIRECTION('',(0.,-1.,0.));
#6183 = CYLINDRICAL_SURFACE('',#6184,0.25);
#6184 = AXIS2_PLACEMENT_3D('',#6185,#6186,#6187);
#6185 = CARTESIAN_POINT('',(6.292,0.5,-1.55));
#6186 = DIRECTION('',(1.,0.,0.));
#6187 = DIRECTION('',(0.,0.,-1.));
#6188 = ADVANCED_FACE('',(#6189),#6223,.F.);
#6189 = FACE_BOUND('',#6190,.T.);
#6190 = EDGE_LOOP('',(#6191,#6201,#6209,#6217));
#6191 = ORIENTED_EDGE('',*,*,#6192,.T.);
#6192 = EDGE_CURVE('',#6193,#6195,#6197,.T.);
#6193 = VERTEX_POINT('',#6194);
#6194 = CARTESIAN_POINT('',(6.3,3.554875948641,0.15));
#6195 = VERTEX_POINT('',#6196);
#6196 = CARTESIAN_POINT('',(6.3,3.200836366114,0.274610685539));
#6197 = LINE('',#6198,#6199);
#6198 = CARTESIAN_POINT('',(6.3,3.554875948641,0.15));
#6199 = VECTOR('',#6200,1.);
#6200 = DIRECTION('',(0.,-0.943278015305,0.332003894317));
#6201 = ORIENTED_EDGE('',*,*,#6202,.T.);
#6202 = EDGE_CURVE('',#6195,#6203,#6205,.T.);
#6203 = VERTEX_POINT('',#6204);
#6204 = CARTESIAN_POINT('',(6.7,3.200836366114,0.274610685539));
#6205 = LINE('',#6206,#6207);
#6206 = CARTESIAN_POINT('',(6.3,3.200836366114,0.274610685539));
#6207 = VECTOR('',#6208,1.);
#6208 = DIRECTION('',(1.,0.,0.));
#6209 = ORIENTED_EDGE('',*,*,#6210,.F.);
#6210 = EDGE_CURVE('',#6211,#6203,#6213,.T.);
#6211 = VERTEX_POINT('',#6212);
#6212 = CARTESIAN_POINT('',(6.7,3.554875948641,0.15));
#6213 = LINE('',#6214,#6215);
#6214 = CARTESIAN_POINT('',(6.7,3.554875948641,0.15));
#6215 = VECTOR('',#6216,1.);
#6216 = DIRECTION('',(0.,-0.943278015305,0.332003894317));
#6217 = ORIENTED_EDGE('',*,*,#6218,.T.);
#6218 = EDGE_CURVE('',#6211,#6193,#6219,.T.);
#6219 = LINE('',#6220,#6221);
#6220 = CARTESIAN_POINT('',(6.7,3.554875948641,0.15));
#6221 = VECTOR('',#6222,1.);
#6222 = DIRECTION('',(-1.,-0.,0.));
#6223 = PLANE('',#6224);
#6224 = AXIS2_PLACEMENT_3D('',#6225,#6226,#6227);
#6225 = CARTESIAN_POINT('',(6.5,3.64331944871,0.118870697744));
#6226 = DIRECTION('',(0.,-0.332003894317,-0.943278015305));
#6227 = DIRECTION('',(-1.,-0.,0.));
#6228 = ADVANCED_FACE('',(#6229),#6254,.F.);
#6229 = FACE_BOUND('',#6230,.T.);
#6230 = EDGE_LOOP('',(#6231,#6241,#6247,#6248));
#6231 = ORIENTED_EDGE('',*,*,#6232,.T.);
#6232 = EDGE_CURVE('',#6233,#6235,#6237,.T.);
#6233 = VERTEX_POINT('',#6234);
#6234 = CARTESIAN_POINT('',(6.3,2.47,0.6));
#6235 = VERTEX_POINT('',#6236);
#6236 = CARTESIAN_POINT('',(6.7,2.47,0.6));
#6237 = LINE('',#6238,#6239);
#6238 = CARTESIAN_POINT('',(6.3,2.47,0.6));
#6239 = VECTOR('',#6240,1.);
#6240 = DIRECTION('',(1.,0.,0.));
#6241 = ORIENTED_EDGE('',*,*,#6242,.F.);
#6242 = EDGE_CURVE('',#6203,#6235,#6243,.T.);
#6243 = LINE('',#6244,#6245);
#6244 = CARTESIAN_POINT('',(6.7,3.200836366114,0.274610685539));
#6245 = VECTOR('',#6246,1.);
#6246 = DIRECTION('',(0.,-0.913545457643,0.406736643076));
#6247 = ORIENTED_EDGE('',*,*,#6202,.F.);
#6248 = ORIENTED_EDGE('',*,*,#6249,.T.);
#6249 = EDGE_CURVE('',#6195,#6233,#6250,.T.);
#6250 = LINE('',#6251,#6252);
#6251 = CARTESIAN_POINT('',(6.3,3.200836366114,0.274610685539));
#6252 = VECTOR('',#6253,1.);
#6253 = DIRECTION('',(0.,-0.913545457643,0.406736643076));
#6254 = PLANE('',#6255);
#6255 = AXIS2_PLACEMENT_3D('',#6256,#6257,#6258);
#6256 = CARTESIAN_POINT('',(6.5,2.835418183057,0.43730534277));
#6257 = DIRECTION('',(0.,-0.406736643076,-0.913545457643));
#6258 = DIRECTION('',(-1.,-0.,0.));
#6259 = ADVANCED_FACE('',(#6260),#6285,.F.);
#6260 = FACE_BOUND('',#6261,.T.);
#6261 = EDGE_LOOP('',(#6262,#6272,#6278,#6279));
#6262 = ORIENTED_EDGE('',*,*,#6263,.F.);
#6263 = EDGE_CURVE('',#6264,#6266,#6268,.T.);
#6264 = VERTEX_POINT('',#6265);
#6265 = CARTESIAN_POINT('',(6.7,2.400717967697,0.56));
#6266 = VERTEX_POINT('',#6267);
#6267 = CARTESIAN_POINT('',(6.3,2.400717967697,0.56));
#6268 = LINE('',#6269,#6270);
#6269 = CARTESIAN_POINT('',(6.7,2.400717967697,0.56));
#6270 = VECTOR('',#6271,1.);
#6271 = DIRECTION('',(-1.,-0.,0.));
#6272 = ORIENTED_EDGE('',*,*,#6273,.F.);
#6273 = EDGE_CURVE('',#6235,#6264,#6274,.T.);
#6274 = LINE('',#6275,#6276);
#6275 = CARTESIAN_POINT('',(6.7,2.47,0.6));
#6276 = VECTOR('',#6277,1.);
#6277 = DIRECTION('',(2.220446049248E-14,-0.866025403785,-0.499999999999
    ));
#6278 = ORIENTED_EDGE('',*,*,#6232,.F.);
#6279 = ORIENTED_EDGE('',*,*,#6280,.T.);
#6280 = EDGE_CURVE('',#6233,#6266,#6281,.T.);
#6281 = LINE('',#6282,#6283);
#6282 = CARTESIAN_POINT('',(6.3,2.47,0.6));
#6283 = VECTOR('',#6284,1.);
#6284 = DIRECTION('',(-1.110223024624E-14,-0.866025403785,
    -0.499999999999));
#6285 = PLANE('',#6286);
#6286 = AXIS2_PLACEMENT_3D('',#6287,#6288,#6289);
#6287 = CARTESIAN_POINT('',(6.5,2.435358983849,0.58));
#6288 = DIRECTION('',(0.,0.5,-0.866025403784));
#6289 = DIRECTION('',(1.,0.,0.));
#6290 = ADVANCED_FACE('',(#6291),#6316,.T.);
#6291 = FACE_BOUND('',#6292,.T.);
#6292 = EDGE_LOOP('',(#6293,#6303,#6309,#6310));
#6293 = ORIENTED_EDGE('',*,*,#6294,.T.);
#6294 = EDGE_CURVE('',#6295,#6297,#6299,.T.);
#6295 = VERTEX_POINT('',#6296);
#6296 = CARTESIAN_POINT('',(6.3,2.325358355447,0.390739539619));
#6297 = VERTEX_POINT('',#6298);
#6298 = CARTESIAN_POINT('',(6.7,2.325358355447,0.390739539619));
#6299 = LINE('',#6300,#6301);
#6300 = CARTESIAN_POINT('',(6.3,2.325358355447,0.390739539619));
#6301 = VECTOR('',#6302,1.);
#6302 = DIRECTION('',(1.,0.,0.));
#6303 = ORIENTED_EDGE('',*,*,#6304,.F.);
#6304 = EDGE_CURVE('',#6264,#6297,#6305,.T.);
#6305 = LINE('',#6306,#6307);
#6306 = CARTESIAN_POINT('',(6.7,2.400717967697,0.56));
#6307 = VECTOR('',#6308,1.);
#6308 = DIRECTION('',(0.,-0.406736643075,-0.913545457643));
#6309 = ORIENTED_EDGE('',*,*,#6263,.T.);
#6310 = ORIENTED_EDGE('',*,*,#6311,.T.);
#6311 = EDGE_CURVE('',#6266,#6295,#6312,.T.);
#6312 = LINE('',#6313,#6314);
#6313 = CARTESIAN_POINT('',(6.3,2.400717967697,0.56));
#6314 = VECTOR('',#6315,1.);
#6315 = DIRECTION('',(0.,-0.406736643075,-0.913545457643));
#6316 = PLANE('',#6317);
#6317 = AXIS2_PLACEMENT_3D('',#6318,#6319,#6320);
#6318 = CARTESIAN_POINT('',(6.5,2.363038161572,0.475369769809));
#6319 = DIRECTION('',(0.,-0.913545457643,0.406736643076));
#6320 = DIRECTION('',(1.,0.,0.));
#6321 = ADVANCED_FACE('',(#6322),#6347,.T.);
#6322 = FACE_BOUND('',#6323,.T.);
#6323 = EDGE_LOOP('',(#6324,#6332,#6333,#6341));
#6324 = ORIENTED_EDGE('',*,*,#6325,.F.);
#6325 = EDGE_CURVE('',#6297,#6326,#6328,.T.);
#6326 = VERTEX_POINT('',#6327);
#6327 = CARTESIAN_POINT('',(6.7,2.866068214363,0.15));
#6328 = LINE('',#6329,#6330);
#6329 = CARTESIAN_POINT('',(6.7,2.325358355447,0.390739539619));
#6330 = VECTOR('',#6331,1.);
#6331 = DIRECTION('',(0.,0.913545457643,-0.406736643076));
#6332 = ORIENTED_EDGE('',*,*,#6294,.F.);
#6333 = ORIENTED_EDGE('',*,*,#6334,.T.);
#6334 = EDGE_CURVE('',#6295,#6335,#6337,.T.);
#6335 = VERTEX_POINT('',#6336);
#6336 = CARTESIAN_POINT('',(6.3,2.866068214363,0.15));
#6337 = LINE('',#6338,#6339);
#6338 = CARTESIAN_POINT('',(6.3,2.325358355447,0.390739539619));
#6339 = VECTOR('',#6340,1.);
#6340 = DIRECTION('',(0.,0.913545457643,-0.406736643076));
#6341 = ORIENTED_EDGE('',*,*,#6342,.T.);
#6342 = EDGE_CURVE('',#6335,#6326,#6343,.T.);
#6343 = LINE('',#6344,#6345);
#6344 = CARTESIAN_POINT('',(6.3,2.866068214363,0.15));
#6345 = VECTOR('',#6346,1.);
#6346 = DIRECTION('',(1.,0.,0.));
#6347 = PLANE('',#6348);
#6348 = AXIS2_PLACEMENT_3D('',#6349,#6350,#6351);
#6349 = CARTESIAN_POINT('',(6.5,2.716851285628,0.216435657007));
#6350 = DIRECTION('',(0.,-0.406736643076,-0.913545457643));
#6351 = DIRECTION('',(-1.,-0.,0.));
#6352 = ADVANCED_FACE('',(#6353),#6366,.F.);
#6353 = FACE_BOUND('',#6354,.T.);
#6354 = EDGE_LOOP('',(#6355,#6356,#6357,#6358,#6359,#6360));
#6355 = ORIENTED_EDGE('',*,*,#6043,.T.);
#6356 = ORIENTED_EDGE('',*,*,#6076,.T.);
#6357 = ORIENTED_EDGE('',*,*,#6107,.T.);
#6358 = ORIENTED_EDGE('',*,*,#6138,.T.);
#6359 = ORIENTED_EDGE('',*,*,#6177,.T.);
#6360 = ORIENTED_EDGE('',*,*,#6361,.T.);
#6361 = EDGE_CURVE('',#6162,#6044,#6362,.T.);
#6362 = LINE('',#6363,#6364);
#6363 = CARTESIAN_POINT('',(6.7,0.402020410289,-1.32));
#6364 = VECTOR('',#6365,1.);
#6365 = DIRECTION('',(0.,-1.,0.));
#6366 = PLANE('',#6367);
#6367 = AXIS2_PLACEMENT_3D('',#6368,#6369,#6370);
#6368 = CARTESIAN_POINT('',(6.7,2.260070900416,-0.825));
#6369 = DIRECTION('',(-1.,-0.,0.));
#6370 = DIRECTION('',(0.,-0.,-1.));
#6371 = ADVANCED_FACE('',(#6372),#6385,.F.);
#6372 = FACE_BOUND('',#6373,.T.);
#6373 = EDGE_LOOP('',(#6374,#6375,#6376,#6377,#6378,#6379));
#6374 = ORIENTED_EDGE('',*,*,#6210,.T.);
#6375 = ORIENTED_EDGE('',*,*,#6242,.T.);
#6376 = ORIENTED_EDGE('',*,*,#6273,.T.);
#6377 = ORIENTED_EDGE('',*,*,#6304,.T.);
#6378 = ORIENTED_EDGE('',*,*,#6325,.T.);
#6379 = ORIENTED_EDGE('',*,*,#6380,.T.);
#6380 = EDGE_CURVE('',#6326,#6211,#6381,.T.);
#6381 = LINE('',#6382,#6383);
#6382 = CARTESIAN_POINT('',(6.7,2.866068214363,0.15));
#6383 = VECTOR('',#6384,1.);
#6384 = DIRECTION('',(0.,1.,0.));
#6385 = PLANE('',#6386);
#6386 = AXIS2_PLACEMENT_3D('',#6387,#6388,#6389);
#6387 = CARTESIAN_POINT('',(6.7,2.260070900416,-0.825));
#6388 = DIRECTION('',(-1.,-0.,0.));
#6389 = DIRECTION('',(0.,-0.,-1.));
#6390 = ADVANCED_FACE('',(#6391),#6426,.F.);
#6391 = FACE_BOUND('',#6392,.T.);
#6392 = EDGE_LOOP('',(#6393,#6404,#6412,#6420));
#6393 = ORIENTED_EDGE('',*,*,#6394,.T.);
#6394 = EDGE_CURVE('',#6395,#6397,#6399,.T.);
#6395 = VERTEX_POINT('',#6396);
#6396 = CARTESIAN_POINT('',(6.7,4.25,-1.177351874937));
#6397 = VERTEX_POINT('',#6398);
#6398 = CARTESIAN_POINT('',(6.7,4.26,-1.17));
#6399 = CIRCLE('',#6400,0.65);
#6400 = AXIS2_PLACEMENT_3D('',#6401,#6402,#6403);
#6401 = CARTESIAN_POINT('',(6.7,3.87,-0.65));
#6402 = DIRECTION('',(1.,0.,0.));
#6403 = DIRECTION('',(0.,0.584615384615,-0.811310576827));
#6404 = ORIENTED_EDGE('',*,*,#6405,.F.);
#6405 = EDGE_CURVE('',#6406,#6397,#6408,.T.);
#6406 = VERTEX_POINT('',#6407);
#6407 = CARTESIAN_POINT('',(6.7,4.26,-1.1));
#6408 = LINE('',#6409,#6410);
#6409 = CARTESIAN_POINT('',(6.7,4.26,-1.1));
#6410 = VECTOR('',#6411,1.);
#6411 = DIRECTION('',(0.,-0.,-1.));
#6412 = ORIENTED_EDGE('',*,*,#6413,.T.);
#6413 = EDGE_CURVE('',#6406,#6414,#6416,.T.);
#6414 = VERTEX_POINT('',#6415);
#6415 = CARTESIAN_POINT('',(6.7,4.25,-1.1));
#6416 = LINE('',#6417,#6418);
#6417 = CARTESIAN_POINT('',(6.7,4.26,-1.1));
#6418 = VECTOR('',#6419,1.);
#6419 = DIRECTION('',(0.,-1.,0.));
#6420 = ORIENTED_EDGE('',*,*,#6421,.F.);
#6421 = EDGE_CURVE('',#6395,#6414,#6422,.T.);
#6422 = LINE('',#6423,#6424);
#6423 = CARTESIAN_POINT('',(6.7,4.25,-1.177351874937));
#6424 = VECTOR('',#6425,1.);
#6425 = DIRECTION('',(0.,0.,1.));
#6426 = PLANE('',#6427);
#6427 = AXIS2_PLACEMENT_3D('',#6428,#6429,#6430);
#6428 = CARTESIAN_POINT('',(6.7,2.260070900416,-0.825));
#6429 = DIRECTION('',(-1.,-0.,0.));
#6430 = DIRECTION('',(0.,-0.,-1.));
#6431 = ADVANCED_FACE('',(#6432),#6458,.T.);
#6432 = FACE_BOUND('',#6433,.T.);
#6433 = EDGE_LOOP('',(#6434,#6445,#6451,#6452));
#6434 = ORIENTED_EDGE('',*,*,#6435,.T.);
#6435 = EDGE_CURVE('',#6436,#6438,#6440,.T.);
#6436 = VERTEX_POINT('',#6437);
#6437 = CARTESIAN_POINT('',(6.3,4.25,-1.177351874937));
#6438 = VERTEX_POINT('',#6439);
#6439 = CARTESIAN_POINT('',(6.3,4.26,-1.17));
#6440 = CIRCLE('',#6441,0.65);
#6441 = AXIS2_PLACEMENT_3D('',#6442,#6443,#6444);
#6442 = CARTESIAN_POINT('',(6.3,3.87,-0.65));
#6443 = DIRECTION('',(1.,0.,0.));
#6444 = DIRECTION('',(0.,0.584615384615,-0.811310576827));
#6445 = ORIENTED_EDGE('',*,*,#6446,.T.);
#6446 = EDGE_CURVE('',#6438,#6397,#6447,.T.);
#6447 = LINE('',#6448,#6449);
#6448 = CARTESIAN_POINT('',(6.3,4.26,-1.17));
#6449 = VECTOR('',#6450,1.);
#6450 = DIRECTION('',(1.,0.,0.));
#6451 = ORIENTED_EDGE('',*,*,#6394,.F.);
#6452 = ORIENTED_EDGE('',*,*,#6453,.F.);
#6453 = EDGE_CURVE('',#6436,#6395,#6454,.T.);
#6454 = LINE('',#6455,#6456);
#6455 = CARTESIAN_POINT('',(6.3,4.25,-1.177351874937));
#6456 = VECTOR('',#6457,1.);
#6457 = DIRECTION('',(1.,0.,0.));
#6458 = CYLINDRICAL_SURFACE('',#6459,0.65);
#6459 = AXIS2_PLACEMENT_3D('',#6460,#6461,#6462);
#6460 = CARTESIAN_POINT('',(6.292,3.87,-0.65));
#6461 = DIRECTION('',(1.,0.,0.));
#6462 = DIRECTION('',(0.,0.,-1.));
#6463 = ADVANCED_FACE('',(#6464),#6477,.T.);
#6464 = FACE_BOUND('',#6465,.T.);
#6465 = EDGE_LOOP('',(#6466,#6467,#6468,#6469,#6470,#6471));
#6466 = ORIENTED_EDGE('',*,*,#6169,.F.);
#6467 = ORIENTED_EDGE('',*,*,#6145,.F.);
#6468 = ORIENTED_EDGE('',*,*,#6114,.F.);
#6469 = ORIENTED_EDGE('',*,*,#6083,.F.);
#6470 = ORIENTED_EDGE('',*,*,#6024,.F.);
#6471 = ORIENTED_EDGE('',*,*,#6472,.F.);
#6472 = EDGE_CURVE('',#6160,#6025,#6473,.T.);
#6473 = LINE('',#6474,#6475);
#6474 = CARTESIAN_POINT('',(6.3,0.402020410289,-1.32));
#6475 = VECTOR('',#6476,1.);
#6476 = DIRECTION('',(0.,-1.,0.));
#6477 = PLANE('',#6478);
#6478 = AXIS2_PLACEMENT_3D('',#6479,#6480,#6481);
#6479 = CARTESIAN_POINT('',(6.3,2.260070900416,-0.825));
#6480 = DIRECTION('',(-1.,-0.,0.));
#6481 = DIRECTION('',(0.,-0.,-1.));
#6482 = ADVANCED_FACE('',(#6483),#6496,.T.);
#6483 = FACE_BOUND('',#6484,.T.);
#6484 = EDGE_LOOP('',(#6485,#6486,#6487,#6488,#6489,#6490));
#6485 = ORIENTED_EDGE('',*,*,#6334,.F.);
#6486 = ORIENTED_EDGE('',*,*,#6311,.F.);
#6487 = ORIENTED_EDGE('',*,*,#6280,.F.);
#6488 = ORIENTED_EDGE('',*,*,#6249,.F.);
#6489 = ORIENTED_EDGE('',*,*,#6192,.F.);
#6490 = ORIENTED_EDGE('',*,*,#6491,.F.);
#6491 = EDGE_CURVE('',#6335,#6193,#6492,.T.);
#6492 = LINE('',#6493,#6494);
#6493 = CARTESIAN_POINT('',(6.3,2.866068214363,0.15));
#6494 = VECTOR('',#6495,1.);
#6495 = DIRECTION('',(0.,1.,0.));
#6496 = PLANE('',#6497);
#6497 = AXIS2_PLACEMENT_3D('',#6498,#6499,#6500);
#6498 = CARTESIAN_POINT('',(6.3,2.260070900416,-0.825));
#6499 = DIRECTION('',(-1.,-0.,0.));
#6500 = DIRECTION('',(0.,-0.,-1.));
#6501 = ADVANCED_FACE('',(#6502),#6527,.T.);
#6502 = FACE_BOUND('',#6503,.T.);
#6503 = EDGE_LOOP('',(#6504,#6514,#6520,#6521));
#6504 = ORIENTED_EDGE('',*,*,#6505,.F.);
#6505 = EDGE_CURVE('',#6506,#6508,#6510,.T.);
#6506 = VERTEX_POINT('',#6507);
#6507 = CARTESIAN_POINT('',(6.3,4.26,-1.1));
#6508 = VERTEX_POINT('',#6509);
#6509 = CARTESIAN_POINT('',(6.3,4.25,-1.1));
#6510 = LINE('',#6511,#6512);
#6511 = CARTESIAN_POINT('',(6.3,4.26,-1.1));
#6512 = VECTOR('',#6513,1.);
#6513 = DIRECTION('',(0.,-1.,0.));
#6514 = ORIENTED_EDGE('',*,*,#6515,.T.);
#6515 = EDGE_CURVE('',#6506,#6438,#6516,.T.);
#6516 = LINE('',#6517,#6518);
#6517 = CARTESIAN_POINT('',(6.3,4.26,-1.1));
#6518 = VECTOR('',#6519,1.);
#6519 = DIRECTION('',(0.,-0.,-1.));
#6520 = ORIENTED_EDGE('',*,*,#6435,.F.);
#6521 = ORIENTED_EDGE('',*,*,#6522,.T.);
#6522 = EDGE_CURVE('',#6436,#6508,#6523,.T.);
#6523 = LINE('',#6524,#6525);
#6524 = CARTESIAN_POINT('',(6.3,4.25,-1.177351874937));
#6525 = VECTOR('',#6526,1.);
#6526 = DIRECTION('',(0.,0.,1.));
#6527 = PLANE('',#6528);
#6528 = AXIS2_PLACEMENT_3D('',#6529,#6530,#6531);
#6529 = CARTESIAN_POINT('',(6.3,2.260070900416,-0.825));
#6530 = DIRECTION('',(-1.,-0.,0.));
#6531 = DIRECTION('',(0.,-0.,-1.));
#6532 = ADVANCED_FACE('',(#6533,#6549,#6565,#6571,#6577,#6583,#6589,
    #6595),#6629,.T.);
#6533 = FACE_BOUND('',#6534,.T.);
#6534 = EDGE_LOOP('',(#6535,#6536,#6542,#6543));
#6535 = ORIENTED_EDGE('',*,*,#3668,.T.);
#6536 = ORIENTED_EDGE('',*,*,#6537,.F.);
#6537 = EDGE_CURVE('',#3778,#3660,#6538,.T.);
#6538 = LINE('',#6539,#6540);
#6539 = CARTESIAN_POINT('',(-5.3,0.402020410289,-1.32));
#6540 = VECTOR('',#6541,1.);
#6541 = DIRECTION('',(0.,-1.,0.));
#6542 = ORIENTED_EDGE('',*,*,#3775,.F.);
#6543 = ORIENTED_EDGE('',*,*,#6544,.T.);
#6544 = EDGE_CURVE('',#3776,#3641,#6545,.T.);
#6545 = LINE('',#6546,#6547);
#6546 = CARTESIAN_POINT('',(-5.7,0.402020410289,-1.32));
#6547 = VECTOR('',#6548,1.);
#6548 = DIRECTION('',(0.,-1.,0.));
#6549 = FACE_BOUND('',#6550,.T.);
#6550 = EDGE_LOOP('',(#6551,#6552,#6558,#6559));
#6551 = ORIENTED_EDGE('',*,*,#3836,.T.);
#6552 = ORIENTED_EDGE('',*,*,#6553,.F.);
#6553 = EDGE_CURVE('',#3946,#3828,#6554,.T.);
#6554 = LINE('',#6555,#6556);
#6555 = CARTESIAN_POINT('',(-3.3,0.402020410289,-1.32));
#6556 = VECTOR('',#6557,1.);
#6557 = DIRECTION('',(0.,-1.,0.));
#6558 = ORIENTED_EDGE('',*,*,#3943,.F.);
#6559 = ORIENTED_EDGE('',*,*,#6560,.T.);
#6560 = EDGE_CURVE('',#3944,#3809,#6561,.T.);
#6561 = LINE('',#6562,#6563);
#6562 = CARTESIAN_POINT('',(-3.7,0.402020410289,-1.32));
#6563 = VECTOR('',#6564,1.);
#6564 = DIRECTION('',(0.,-1.,0.));
#6565 = FACE_BOUND('',#6566,.T.);
#6566 = EDGE_LOOP('',(#6567,#6568,#6569,#6570));
#6567 = ORIENTED_EDGE('',*,*,#4004,.T.);
#6568 = ORIENTED_EDGE('',*,*,#4313,.F.);
#6569 = ORIENTED_EDGE('',*,*,#4111,.F.);
#6570 = ORIENTED_EDGE('',*,*,#4424,.T.);
#6571 = FACE_BOUND('',#6572,.T.);
#6572 = EDGE_LOOP('',(#6573,#6574,#6575,#6576));
#6573 = ORIENTED_EDGE('',*,*,#4516,.T.);
#6574 = ORIENTED_EDGE('',*,*,#4825,.F.);
#6575 = ORIENTED_EDGE('',*,*,#4623,.F.);
#6576 = ORIENTED_EDGE('',*,*,#4936,.T.);
#6577 = FACE_BOUND('',#6578,.T.);
#6578 = EDGE_LOOP('',(#6579,#6580,#6581,#6582));
#6579 = ORIENTED_EDGE('',*,*,#5028,.T.);
#6580 = ORIENTED_EDGE('',*,*,#5337,.F.);
#6581 = ORIENTED_EDGE('',*,*,#5135,.F.);
#6582 = ORIENTED_EDGE('',*,*,#5448,.T.);
#6583 = FACE_BOUND('',#6584,.T.);
#6584 = EDGE_LOOP('',(#6585,#6586,#6587,#6588));
#6585 = ORIENTED_EDGE('',*,*,#5540,.T.);
#6586 = ORIENTED_EDGE('',*,*,#5849,.F.);
#6587 = ORIENTED_EDGE('',*,*,#5647,.F.);
#6588 = ORIENTED_EDGE('',*,*,#5960,.T.);
#6589 = FACE_BOUND('',#6590,.T.);
#6590 = EDGE_LOOP('',(#6591,#6592,#6593,#6594));
#6591 = ORIENTED_EDGE('',*,*,#6052,.T.);
#6592 = ORIENTED_EDGE('',*,*,#6361,.F.);
#6593 = ORIENTED_EDGE('',*,*,#6159,.F.);
#6594 = ORIENTED_EDGE('',*,*,#6472,.T.);
#6595 = FACE_BOUND('',#6596,.T.);
#6596 = EDGE_LOOP('',(#6597,#6607,#6615,#6623));
#6597 = ORIENTED_EDGE('',*,*,#6598,.T.);
#6598 = EDGE_CURVE('',#6599,#6601,#6603,.T.);
#6599 = VERTEX_POINT('',#6600);
#6600 = CARTESIAN_POINT('',(9.040605170125,0.97,-1.32));
#6601 = VERTEX_POINT('',#6602);
#6602 = CARTESIAN_POINT('',(9.040605170125,5.E-02,-1.32));
#6603 = LINE('',#6604,#6605);
#6604 = CARTESIAN_POINT('',(9.040605170125,0.97,-1.32));
#6605 = VECTOR('',#6606,1.);
#6606 = DIRECTION('',(0.,-1.,-6.468255882597E-14));
#6607 = ORIENTED_EDGE('',*,*,#6608,.T.);
#6608 = EDGE_CURVE('',#6601,#6609,#6611,.T.);
#6609 = VERTEX_POINT('',#6610);
#6610 = CARTESIAN_POINT('',(-9.040605170122,5.E-02,-1.32));
#6611 = LINE('',#6612,#6613);
#6612 = CARTESIAN_POINT('',(9.040605170125,5.E-02,-1.32));
#6613 = VECTOR('',#6614,1.);
#6614 = DIRECTION('',(-1.,-0.,0.));
#6615 = ORIENTED_EDGE('',*,*,#6616,.T.);
#6616 = EDGE_CURVE('',#6609,#6617,#6619,.T.);
#6617 = VERTEX_POINT('',#6618);
#6618 = CARTESIAN_POINT('',(-9.040605170122,0.97,-1.32));
#6619 = LINE('',#6620,#6621);
#6620 = CARTESIAN_POINT('',(-9.040605170122,5.E-02,-1.32));
#6621 = VECTOR('',#6622,1.);
#6622 = DIRECTION('',(-0.,1.,6.444120599453E-14));
#6623 = ORIENTED_EDGE('',*,*,#6624,.T.);
#6624 = EDGE_CURVE('',#6617,#6599,#6625,.T.);
#6625 = LINE('',#6626,#6627);
#6626 = CARTESIAN_POINT('',(-9.040605170122,0.97,-1.32));
#6627 = VECTOR('',#6628,1.);
#6628 = DIRECTION('',(1.,0.,0.));
#6629 = PLANE('',#6630);
#6630 = AXIS2_PLACEMENT_3D('',#6631,#6632,#6633);
#6631 = CARTESIAN_POINT('',(2.452260616792E-12,0.51,-1.32));
#6632 = DIRECTION('',(0.,-0.,-1.));
#6633 = DIRECTION('',(-1.,-0.,0.));
#6634 = ADVANCED_FACE('',(#6635),#6669,.T.);
#6635 = FACE_BOUND('',#6636,.T.);
#6636 = EDGE_LOOP('',(#6637,#6647,#6655,#6663));
#6637 = ORIENTED_EDGE('',*,*,#6638,.T.);
#6638 = EDGE_CURVE('',#6639,#6641,#6643,.T.);
#6639 = VERTEX_POINT('',#6640);
#6640 = CARTESIAN_POINT('',(-9.5,5.E-02,1.2));
#6641 = VERTEX_POINT('',#6642);
#6642 = CARTESIAN_POINT('',(-9.5,5.E-02,1.8));
#6643 = LINE('',#6644,#6645);
#6644 = CARTESIAN_POINT('',(-9.5,5.E-02,1.2));
#6645 = VECTOR('',#6646,1.);
#6646 = DIRECTION('',(0.,0.,1.));
#6647 = ORIENTED_EDGE('',*,*,#6648,.T.);
#6648 = EDGE_CURVE('',#6641,#6649,#6651,.T.);
#6649 = VERTEX_POINT('',#6650);
#6650 = CARTESIAN_POINT('',(-9.5,4.05,1.8));
#6651 = LINE('',#6652,#6653);
#6652 = CARTESIAN_POINT('',(-9.5,5.E-02,1.8));
#6653 = VECTOR('',#6654,1.);
#6654 = DIRECTION('',(2.13162820728E-14,1.,-0.));
#6655 = ORIENTED_EDGE('',*,*,#6656,.T.);
#6656 = EDGE_CURVE('',#6649,#6657,#6659,.T.);
#6657 = VERTEX_POINT('',#6658);
#6658 = CARTESIAN_POINT('',(-9.5,4.05,1.2));
#6659 = LINE('',#6660,#6661);
#6660 = CARTESIAN_POINT('',(-9.5,4.05,1.8));
#6661 = VECTOR('',#6662,1.);
#6662 = DIRECTION('',(0.,-0.,-1.));
#6663 = ORIENTED_EDGE('',*,*,#6664,.T.);
#6664 = EDGE_CURVE('',#6657,#6639,#6665,.T.);
#6665 = LINE('',#6666,#6667);
#6666 = CARTESIAN_POINT('',(-9.5,4.05,1.2));
#6667 = VECTOR('',#6668,1.);
#6668 = DIRECTION('',(-2.13162820728E-14,-1.,0.));
#6669 = PLANE('',#6670);
#6670 = AXIS2_PLACEMENT_3D('',#6671,#6672,#6673);
#6671 = CARTESIAN_POINT('',(-9.5,2.05,1.5));
#6672 = DIRECTION('',(-1.,-0.,0.));
#6673 = DIRECTION('',(0.,-0.,-1.));
#6674 = ADVANCED_FACE('',(#6675),#6700,.T.);
#6675 = FACE_BOUND('',#6676,.T.);
#6676 = EDGE_LOOP('',(#6677,#6678,#6686,#6694));
#6677 = ORIENTED_EDGE('',*,*,#6656,.F.);
#6678 = ORIENTED_EDGE('',*,*,#6679,.T.);
#6679 = EDGE_CURVE('',#6649,#6680,#6682,.T.);
#6680 = VERTEX_POINT('',#6681);
#6681 = CARTESIAN_POINT('',(-9.3,4.25,1.8));
#6682 = LINE('',#6683,#6684);
#6683 = CARTESIAN_POINT('',(-9.5,4.05,1.8));
#6684 = VECTOR('',#6685,1.);
#6685 = DIRECTION('',(0.707106781187,0.707106781187,-0.));
#6686 = ORIENTED_EDGE('',*,*,#6687,.T.);
#6687 = EDGE_CURVE('',#6680,#6688,#6690,.T.);
#6688 = VERTEX_POINT('',#6689);
#6689 = CARTESIAN_POINT('',(-9.3,4.25,1.2));
#6690 = LINE('',#6691,#6692);
#6691 = CARTESIAN_POINT('',(-9.3,4.25,1.8));
#6692 = VECTOR('',#6693,1.);
#6693 = DIRECTION('',(0.,-0.,-1.));
#6694 = ORIENTED_EDGE('',*,*,#6695,.T.);
#6695 = EDGE_CURVE('',#6688,#6657,#6696,.T.);
#6696 = LINE('',#6697,#6698);
#6697 = CARTESIAN_POINT('',(-9.3,4.25,1.2));
#6698 = VECTOR('',#6699,1.);
#6699 = DIRECTION('',(-0.707106781187,-0.707106781186,0.));
#6700 = PLANE('',#6701);
#6701 = AXIS2_PLACEMENT_3D('',#6702,#6703,#6704);
#6702 = CARTESIAN_POINT('',(-9.4,4.15,1.5));
#6703 = DIRECTION('',(-0.707106781187,0.707106781187,0.));
#6704 = DIRECTION('',(0.,0.,1.));
#6705 = ADVANCED_FACE('',(#6706),#6732,.T.);
#6706 = FACE_BOUND('',#6707,.T.);
#6707 = EDGE_LOOP('',(#6708,#6716,#6717,#6718,#6726));
#6708 = ORIENTED_EDGE('',*,*,#6709,.F.);
#6709 = EDGE_CURVE('',#6639,#6710,#6712,.T.);
#6710 = VERTEX_POINT('',#6711);
#6711 = CARTESIAN_POINT('',(-9.040605170122,5.E-02,1.2));
#6712 = LINE('',#6713,#6714);
#6713 = CARTESIAN_POINT('',(-9.5,5.E-02,1.2));
#6714 = VECTOR('',#6715,1.);
#6715 = DIRECTION('',(1.,0.,0.));
#6716 = ORIENTED_EDGE('',*,*,#6664,.F.);
#6717 = ORIENTED_EDGE('',*,*,#6695,.F.);
#6718 = ORIENTED_EDGE('',*,*,#6719,.F.);
#6719 = EDGE_CURVE('',#6720,#6688,#6722,.T.);
#6720 = VERTEX_POINT('',#6721);
#6721 = CARTESIAN_POINT('',(-9.040605170123,4.25,1.2));
#6722 = LINE('',#6723,#6724);
#6723 = CARTESIAN_POINT('',(-9.040605170123,4.25,1.2));
#6724 = VECTOR('',#6725,1.);
#6725 = DIRECTION('',(-1.,-3.287078941843E-13,0.));
#6726 = ORIENTED_EDGE('',*,*,#6727,.F.);
#6727 = EDGE_CURVE('',#6710,#6720,#6728,.T.);
#6728 = LINE('',#6729,#6730);
#6729 = CARTESIAN_POINT('',(-9.040605170122,5.E-02,1.2));
#6730 = VECTOR('',#6731,1.);
#6731 = DIRECTION('',(-2.22044604925E-13,1.,0.));
#6732 = PLANE('',#6733);
#6733 = AXIS2_PLACEMENT_3D('',#6734,#6735,#6736);
#6734 = CARTESIAN_POINT('',(-9.270302585062,2.15,1.2));
#6735 = DIRECTION('',(0.,-0.,-1.));
#6736 = DIRECTION('',(-1.,-0.,0.));
#6737 = ADVANCED_FACE('',(#6738),#6772,.T.);
#6738 = FACE_BOUND('',#6739,.T.);
#6739 = EDGE_LOOP('',(#6740,#6750,#6758,#6766));
#6740 = ORIENTED_EDGE('',*,*,#6741,.F.);
#6741 = EDGE_CURVE('',#6742,#6744,#6746,.T.);
#6742 = VERTEX_POINT('',#6743);
#6743 = CARTESIAN_POINT('',(9.528090250519,4.26,0.7));
#6744 = VERTEX_POINT('',#6745);
#6745 = CARTESIAN_POINT('',(10.2,4.26,0.7));
#6746 = LINE('',#6747,#6748);
#6747 = CARTESIAN_POINT('',(9.528090250519,4.26,0.7));
#6748 = VECTOR('',#6749,1.);
#6749 = DIRECTION('',(1.,-3.22536671888E-13,0.));
#6750 = ORIENTED_EDGE('',*,*,#6751,.F.);
#6751 = EDGE_CURVE('',#6752,#6742,#6754,.T.);
#6752 = VERTEX_POINT('',#6753);
#6753 = CARTESIAN_POINT('',(9.535143329741,4.3,0.7));
#6754 = LINE('',#6755,#6756);
#6755 = CARTESIAN_POINT('',(9.535143329741,4.3,0.7));
#6756 = VECTOR('',#6757,1.);
#6757 = DIRECTION('',(-0.173648177536,-0.984807753035,3.135199024659E-12
    ));
#6758 = ORIENTED_EDGE('',*,*,#6759,.F.);
#6759 = EDGE_CURVE('',#6760,#6752,#6762,.T.);
#6760 = VERTEX_POINT('',#6761);
#6761 = CARTESIAN_POINT('',(10.2,4.3,0.7));
#6762 = LINE('',#6763,#6764);
#6763 = CARTESIAN_POINT('',(10.2,4.3,0.7));
#6764 = VECTOR('',#6765,1.);
#6765 = DIRECTION('',(-1.,1.26242037444E-13,0.));
#6766 = ORIENTED_EDGE('',*,*,#6767,.F.);
#6767 = EDGE_CURVE('',#6744,#6760,#6768,.T.);
#6768 = LINE('',#6769,#6770);
#6769 = CARTESIAN_POINT('',(10.2,4.26,0.7));
#6770 = VECTOR('',#6771,1.);
#6771 = DIRECTION('',(6.661338147748E-13,1.,-3.183564523111E-12));
#6772 = PLANE('',#6773);
#6773 = AXIS2_PLACEMENT_3D('',#6774,#6775,#6776);
#6774 = CARTESIAN_POINT('',(9.86404512526,4.28,0.7));
#6775 = DIRECTION('',(0.,-0.,-1.));
#6776 = DIRECTION('',(-1.,-0.,0.));
#6777 = ADVANCED_FACE('',(#6778),#6804,.F.);
#6778 = FACE_BOUND('',#6779,.T.);
#6779 = EDGE_LOOP('',(#6780,#6790,#6798));
#6780 = ORIENTED_EDGE('',*,*,#6781,.T.);
#6781 = EDGE_CURVE('',#6782,#6784,#6786,.T.);
#6782 = VERTEX_POINT('',#6783);
#6783 = CARTESIAN_POINT('',(-7.5,5.2,-0.733974596216));
#6784 = VERTEX_POINT('',#6785);
#6785 = CARTESIAN_POINT('',(-7.,5.2,-1.6));
#6786 = LINE('',#6787,#6788);
#6787 = CARTESIAN_POINT('',(-7.5,5.2,-0.733974596216));
#6788 = VECTOR('',#6789,1.);
#6789 = DIRECTION('',(0.5,0.,-0.866025403784));
#6790 = ORIENTED_EDGE('',*,*,#6791,.T.);
#6791 = EDGE_CURVE('',#6784,#6792,#6794,.T.);
#6792 = VERTEX_POINT('',#6793);
#6793 = CARTESIAN_POINT('',(-8.,5.2,-1.6));
#6794 = LINE('',#6795,#6796);
#6795 = CARTESIAN_POINT('',(-7.,5.2,-1.6));
#6796 = VECTOR('',#6797,1.);
#6797 = DIRECTION('',(-1.,-0.,-5.240252676232E-14));
#6798 = ORIENTED_EDGE('',*,*,#6799,.T.);
#6799 = EDGE_CURVE('',#6792,#6782,#6800,.T.);
#6800 = LINE('',#6801,#6802);
#6801 = CARTESIAN_POINT('',(-8.,5.2,-1.6));
#6802 = VECTOR('',#6803,1.);
#6803 = DIRECTION('',(0.5,0.,0.866025403784));
#6804 = PLANE('',#6805);
#6805 = AXIS2_PLACEMENT_3D('',#6806,#6807,#6808);
#6806 = CARTESIAN_POINT('',(-7.5,5.2,-1.166987298108));
#6807 = DIRECTION('',(0.,-1.,0.));
#6808 = DIRECTION('',(-1.,0.,0.));
#6809 = ADVANCED_FACE('',(#6810),#6835,.T.);
#6810 = FACE_BOUND('',#6811,.T.);
#6811 = EDGE_LOOP('',(#6812,#6820,#6821,#6829));
#6812 = ORIENTED_EDGE('',*,*,#6813,.F.);
#6813 = EDGE_CURVE('',#6784,#6814,#6816,.T.);
#6814 = VERTEX_POINT('',#6815);
#6815 = CARTESIAN_POINT('',(-7.,5.3,-1.6));
#6816 = LINE('',#6817,#6818);
#6817 = CARTESIAN_POINT('',(-7.,5.2,-1.6));
#6818 = VECTOR('',#6819,1.);
#6819 = DIRECTION('',(0.,1.,0.));
#6820 = ORIENTED_EDGE('',*,*,#6781,.F.);
#6821 = ORIENTED_EDGE('',*,*,#6822,.F.);
#6822 = EDGE_CURVE('',#6823,#6782,#6825,.T.);
#6823 = VERTEX_POINT('',#6824);
#6824 = CARTESIAN_POINT('',(-7.5,5.3,-0.733974596216));
#6825 = LINE('',#6826,#6827);
#6826 = CARTESIAN_POINT('',(-7.5,5.3,-0.733974596216));
#6827 = VECTOR('',#6828,1.);
#6828 = DIRECTION('',(0.,-1.,0.));
#6829 = ORIENTED_EDGE('',*,*,#6830,.F.);
#6830 = EDGE_CURVE('',#6814,#6823,#6831,.T.);
#6831 = LINE('',#6832,#6833);
#6832 = CARTESIAN_POINT('',(-7.,5.3,-1.6));
#6833 = VECTOR('',#6834,1.);
#6834 = DIRECTION('',(-0.5,0.,0.866025403784));
#6835 = PLANE('',#6836);
#6836 = AXIS2_PLACEMENT_3D('',#6837,#6838,#6839);
#6837 = CARTESIAN_POINT('',(-7.25,5.25,-1.166987298107));
#6838 = DIRECTION('',(-0.866025403785,0.,-0.5));
#6839 = DIRECTION('',(0.,1.,0.));
#6840 = ADVANCED_FACE('',(#6841),#6859,.F.);
#6841 = FACE_BOUND('',#6842,.T.);
#6842 = EDGE_LOOP('',(#6843,#6851,#6852,#6853));
#6843 = ORIENTED_EDGE('',*,*,#6844,.F.);
#6844 = EDGE_CURVE('',#6792,#6845,#6847,.T.);
#6845 = VERTEX_POINT('',#6846);
#6846 = CARTESIAN_POINT('',(-8.,5.3,-1.6));
#6847 = LINE('',#6848,#6849);
#6848 = CARTESIAN_POINT('',(-8.,5.2,-1.6));
#6849 = VECTOR('',#6850,1.);
#6850 = DIRECTION('',(0.,1.,0.));
#6851 = ORIENTED_EDGE('',*,*,#6791,.F.);
#6852 = ORIENTED_EDGE('',*,*,#6813,.T.);
#6853 = ORIENTED_EDGE('',*,*,#6854,.F.);
#6854 = EDGE_CURVE('',#6845,#6814,#6855,.T.);
#6855 = LINE('',#6856,#6857);
#6856 = CARTESIAN_POINT('',(-8.,5.3,-1.6));
#6857 = VECTOR('',#6858,1.);
#6858 = DIRECTION('',(1.,0.,5.218048215739E-14));
#6859 = PLANE('',#6860);
#6860 = AXIS2_PLACEMENT_3D('',#6861,#6862,#6863);
#6861 = CARTESIAN_POINT('',(-7.5,5.25,-1.6));
#6862 = DIRECTION('',(0.,-0.,-1.));
#6863 = DIRECTION('',(-1.,-0.,0.));
#6864 = ADVANCED_FACE('',(#6865),#6876,.F.);
#6865 = FACE_BOUND('',#6866,.T.);
#6866 = EDGE_LOOP('',(#6867,#6868,#6869,#6870));
#6867 = ORIENTED_EDGE('',*,*,#6822,.T.);
#6868 = ORIENTED_EDGE('',*,*,#6799,.F.);
#6869 = ORIENTED_EDGE('',*,*,#6844,.T.);
#6870 = ORIENTED_EDGE('',*,*,#6871,.F.);
#6871 = EDGE_CURVE('',#6823,#6845,#6872,.T.);
#6872 = LINE('',#6873,#6874);
#6873 = CARTESIAN_POINT('',(-7.5,5.3,-0.733974596216));
#6874 = VECTOR('',#6875,1.);
#6875 = DIRECTION('',(-0.5,-0.,-0.866025403784));
#6876 = PLANE('',#6877);
#6877 = AXIS2_PLACEMENT_3D('',#6878,#6879,#6880);
#6878 = CARTESIAN_POINT('',(-7.75,5.25,-1.166987298108));
#6879 = DIRECTION('',(-0.866025403785,0.,0.5));
#6880 = DIRECTION('',(0.,1.,0.));
#6881 = ADVANCED_FACE('',(#6882),#6916,.T.);
#6882 = FACE_BOUND('',#6883,.T.);
#6883 = EDGE_LOOP('',(#6884,#6894,#6902,#6910));
#6884 = ORIENTED_EDGE('',*,*,#6885,.T.);
#6885 = EDGE_CURVE('',#6886,#6888,#6890,.T.);
#6886 = VERTEX_POINT('',#6887);
#6887 = CARTESIAN_POINT('',(-7.62,4.5,0.7));
#6888 = VERTEX_POINT('',#6889);
#6889 = CARTESIAN_POINT('',(-7.62,5.3,1.15));
#6890 = LINE('',#6891,#6892);
#6891 = CARTESIAN_POINT('',(-7.62,4.5,0.7));
#6892 = VECTOR('',#6893,1.);
#6893 = DIRECTION('',(-0.,0.871575537125,0.490261239632));
#6894 = ORIENTED_EDGE('',*,*,#6895,.F.);
#6895 = EDGE_CURVE('',#6896,#6888,#6898,.T.);
#6896 = VERTEX_POINT('',#6897);
#6897 = CARTESIAN_POINT('',(7.62,5.3,1.15));
#6898 = LINE('',#6899,#6900);
#6899 = CARTESIAN_POINT('',(7.62,5.3,1.15));
#6900 = VECTOR('',#6901,1.);
#6901 = DIRECTION('',(-1.,-0.,0.));
#6902 = ORIENTED_EDGE('',*,*,#6903,.T.);
#6903 = EDGE_CURVE('',#6896,#6904,#6906,.T.);
#6904 = VERTEX_POINT('',#6905);
#6905 = CARTESIAN_POINT('',(7.62,4.5,0.7));
#6906 = LINE('',#6907,#6908);
#6907 = CARTESIAN_POINT('',(7.62,5.3,1.15));
#6908 = VECTOR('',#6909,1.);
#6909 = DIRECTION('',(0.,-0.871575537125,-0.490261239632));
#6910 = ORIENTED_EDGE('',*,*,#6911,.F.);
#6911 = EDGE_CURVE('',#6886,#6904,#6912,.T.);
#6912 = LINE('',#6913,#6914);
#6913 = CARTESIAN_POINT('',(-7.62,4.5,0.7));
#6914 = VECTOR('',#6915,1.);
#6915 = DIRECTION('',(1.,0.,0.));
#6916 = PLANE('',#6917);
#6917 = AXIS2_PLACEMENT_3D('',#6918,#6919,#6920);
#6918 = CARTESIAN_POINT('',(0.,4.9,0.925));
#6919 = DIRECTION('',(0.,0.490261239632,-0.871575537125));
#6920 = DIRECTION('',(1.,0.,0.));
#6921 = ADVANCED_FACE('',(#6922),#6954,.T.);
#6922 = FACE_BOUND('',#6923,.T.);
#6923 = EDGE_LOOP('',(#6924,#6934,#6942,#6948));
#6924 = ORIENTED_EDGE('',*,*,#6925,.T.);
#6925 = EDGE_CURVE('',#6926,#6928,#6930,.T.);
#6926 = VERTEX_POINT('',#6927);
#6927 = CARTESIAN_POINT('',(-7.95,4.5,0.7));
#6928 = VERTEX_POINT('',#6929);
#6929 = CARTESIAN_POINT('',(-7.95,4.5,0.15));
#6930 = LINE('',#6931,#6932);
#6931 = CARTESIAN_POINT('',(-7.95,4.5,0.7));
#6932 = VECTOR('',#6933,1.);
#6933 = DIRECTION('',(0.,-7.670631806503E-14,-1.));
#6934 = ORIENTED_EDGE('',*,*,#6935,.F.);
#6935 = EDGE_CURVE('',#6936,#6928,#6938,.T.);
#6936 = VERTEX_POINT('',#6937);
#6937 = CARTESIAN_POINT('',(-7.62,4.5,0.15));
#6938 = LINE('',#6939,#6940);
#6939 = CARTESIAN_POINT('',(-7.62,4.5,0.15));
#6940 = VECTOR('',#6941,1.);
#6941 = DIRECTION('',(-1.,0.,1.547583610084E-14));
#6942 = ORIENTED_EDGE('',*,*,#6943,.T.);
#6943 = EDGE_CURVE('',#6936,#6886,#6944,.T.);
#6944 = LINE('',#6945,#6946);
#6945 = CARTESIAN_POINT('',(-7.62,4.5,0.15));
#6946 = VECTOR('',#6947,1.);
#6947 = DIRECTION('',(-0.,1.23537543831E-13,1.));
#6948 = ORIENTED_EDGE('',*,*,#6949,.F.);
#6949 = EDGE_CURVE('',#6926,#6886,#6950,.T.);
#6950 = LINE('',#6951,#6952);
#6951 = CARTESIAN_POINT('',(-7.95,4.5,0.7));
#6952 = VECTOR('',#6953,1.);
#6953 = DIRECTION('',(1.,7.670631806501E-14,2.153159805334E-13));
#6954 = PLANE('',#6955);
#6955 = AXIS2_PLACEMENT_3D('',#6956,#6957,#6958);
#6956 = CARTESIAN_POINT('',(-7.785,4.5,0.425));
#6957 = DIRECTION('',(0.,-1.,0.));
#6958 = DIRECTION('',(-1.,0.,0.));
#6959 = ADVANCED_FACE('',(#6960),#6978,.F.);
#6960 = FACE_BOUND('',#6961,.T.);
#6961 = EDGE_LOOP('',(#6962,#6970,#6971,#6972));
#6962 = ORIENTED_EDGE('',*,*,#6963,.F.);
#6963 = EDGE_CURVE('',#6888,#6964,#6966,.T.);
#6964 = VERTEX_POINT('',#6965);
#6965 = CARTESIAN_POINT('',(-7.62,5.3,0.1));
#6966 = LINE('',#6967,#6968);
#6967 = CARTESIAN_POINT('',(-7.62,5.3,1.15));
#6968 = VECTOR('',#6969,1.);
#6969 = DIRECTION('',(0.,9.939139458551E-14,-1.));
#6970 = ORIENTED_EDGE('',*,*,#6885,.F.);
#6971 = ORIENTED_EDGE('',*,*,#6943,.F.);
#6972 = ORIENTED_EDGE('',*,*,#6973,.F.);
#6973 = EDGE_CURVE('',#6964,#6936,#6974,.T.);
#6974 = LINE('',#6975,#6976);
#6975 = CARTESIAN_POINT('',(-7.62,5.3,0.1));
#6976 = VECTOR('',#6977,1.);
#6977 = DIRECTION('',(0.,-0.998052578483,6.237828615516E-02));
#6978 = PLANE('',#6979);
#6979 = AXIS2_PLACEMENT_3D('',#6980,#6981,#6982);
#6980 = CARTESIAN_POINT('',(-7.62,4.9,0.625));
#6981 = DIRECTION('',(-1.,-0.,0.));
#6982 = DIRECTION('',(0.,-0.,-1.));
#6983 = ADVANCED_FACE('',(#6984,#6989,#7007),#7041,.F.);
#6984 = FACE_BOUND('',#6985,.T.);
#6985 = EDGE_LOOP('',(#6986,#6987,#6988));
#6986 = ORIENTED_EDGE('',*,*,#6854,.T.);
#6987 = ORIENTED_EDGE('',*,*,#6830,.T.);
#6988 = ORIENTED_EDGE('',*,*,#6871,.T.);
#6989 = FACE_BOUND('',#6990,.T.);
#6990 = EDGE_LOOP('',(#6991,#6999,#7000,#7001));
#6991 = ORIENTED_EDGE('',*,*,#6992,.T.);
#6992 = EDGE_CURVE('',#6993,#6896,#6995,.T.);
#6993 = VERTEX_POINT('',#6994);
#6994 = CARTESIAN_POINT('',(7.62,5.3,0.1));
#6995 = LINE('',#6996,#6997);
#6996 = CARTESIAN_POINT('',(7.62,5.3,0.1));
#6997 = VECTOR('',#6998,1.);
#6998 = DIRECTION('',(0.,-9.981433669012E-14,1.));
#6999 = ORIENTED_EDGE('',*,*,#6895,.T.);
#7000 = ORIENTED_EDGE('',*,*,#6963,.T.);
#7001 = ORIENTED_EDGE('',*,*,#7002,.T.);
#7002 = EDGE_CURVE('',#6964,#6993,#7003,.T.);
#7003 = LINE('',#7004,#7005);
#7004 = CARTESIAN_POINT('',(-7.62,5.3,0.1));
#7005 = VECTOR('',#7006,1.);
#7006 = DIRECTION('',(1.,0.,0.));
#7007 = FACE_BOUND('',#7008,.T.);
#7008 = EDGE_LOOP('',(#7009,#7019,#7027,#7035));
#7009 = ORIENTED_EDGE('',*,*,#7010,.F.);
#7010 = EDGE_CURVE('',#7011,#7013,#7015,.T.);
#7011 = VERTEX_POINT('',#7012);
#7012 = CARTESIAN_POINT('',(10.2,5.3,-1.8));
#7013 = VERTEX_POINT('',#7014);
#7014 = CARTESIAN_POINT('',(10.2,5.3,1.8));
#7015 = LINE('',#7016,#7017);
#7016 = CARTESIAN_POINT('',(10.2,5.3,-1.8));
#7017 = VECTOR('',#7018,1.);
#7018 = DIRECTION('',(0.,0.,1.));
#7019 = ORIENTED_EDGE('',*,*,#7020,.F.);
#7020 = EDGE_CURVE('',#7021,#7011,#7023,.T.);
#7021 = VERTEX_POINT('',#7022);
#7022 = CARTESIAN_POINT('',(-10.2,5.3,-1.8));
#7023 = LINE('',#7024,#7025);
#7024 = CARTESIAN_POINT('',(-10.2,5.3,-1.8));
#7025 = VECTOR('',#7026,1.);
#7026 = DIRECTION('',(1.,0.,0.));
#7027 = ORIENTED_EDGE('',*,*,#7028,.F.);
#7028 = EDGE_CURVE('',#7029,#7021,#7031,.T.);
#7029 = VERTEX_POINT('',#7030);
#7030 = CARTESIAN_POINT('',(-10.2,5.3,1.8));
#7031 = LINE('',#7032,#7033);
#7032 = CARTESIAN_POINT('',(-10.2,5.3,1.8));
#7033 = VECTOR('',#7034,1.);
#7034 = DIRECTION('',(0.,-0.,-1.));
#7035 = ORIENTED_EDGE('',*,*,#7036,.F.);
#7036 = EDGE_CURVE('',#7013,#7029,#7037,.T.);
#7037 = LINE('',#7038,#7039);
#7038 = CARTESIAN_POINT('',(10.2,5.3,1.8));
#7039 = VECTOR('',#7040,1.);
#7040 = DIRECTION('',(-1.,-0.,0.));
#7041 = PLANE('',#7042);
#7042 = AXIS2_PLACEMENT_3D('',#7043,#7044,#7045);
#7043 = CARTESIAN_POINT('',(0.,5.3,0.));
#7044 = DIRECTION('',(0.,-1.,0.));
#7045 = DIRECTION('',(-1.,0.,0.));
#7046 = ADVANCED_FACE('',(#7047),#7065,.T.);
#7047 = FACE_BOUND('',#7048,.T.);
#7048 = EDGE_LOOP('',(#7049,#7057,#7058,#7059));
#7049 = ORIENTED_EDGE('',*,*,#7050,.F.);
#7050 = EDGE_CURVE('',#6904,#7051,#7053,.T.);
#7051 = VERTEX_POINT('',#7052);
#7052 = CARTESIAN_POINT('',(7.62,4.5,0.15));
#7053 = LINE('',#7054,#7055);
#7054 = CARTESIAN_POINT('',(7.62,4.5,0.7));
#7055 = VECTOR('',#7056,1.);
#7056 = DIRECTION('',(0.,-1.23537543831E-13,-1.));
#7057 = ORIENTED_EDGE('',*,*,#6903,.F.);
#7058 = ORIENTED_EDGE('',*,*,#6992,.F.);
#7059 = ORIENTED_EDGE('',*,*,#7060,.F.);
#7060 = EDGE_CURVE('',#7051,#6993,#7061,.T.);
#7061 = LINE('',#7062,#7063);
#7062 = CARTESIAN_POINT('',(7.62,4.5,0.15));
#7063 = VECTOR('',#7064,1.);
#7064 = DIRECTION('',(0.,0.998052578483,-6.237828615517E-02));
#7065 = PLANE('',#7066);
#7066 = AXIS2_PLACEMENT_3D('',#7067,#7068,#7069);
#7067 = CARTESIAN_POINT('',(7.62,4.9,0.625));
#7068 = DIRECTION('',(-1.,-0.,0.));
#7069 = DIRECTION('',(0.,-0.,-1.));
#7070 = ADVANCED_FACE('',(#7071),#7096,.T.);
#7071 = FACE_BOUND('',#7072,.T.);
#7072 = EDGE_LOOP('',(#7073,#7074,#7082,#7090));
#7073 = ORIENTED_EDGE('',*,*,#7050,.T.);
#7074 = ORIENTED_EDGE('',*,*,#7075,.F.);
#7075 = EDGE_CURVE('',#7076,#7051,#7078,.T.);
#7076 = VERTEX_POINT('',#7077);
#7077 = CARTESIAN_POINT('',(7.95,4.5,0.15));
#7078 = LINE('',#7079,#7080);
#7079 = CARTESIAN_POINT('',(7.95,4.5,0.15));
#7080 = VECTOR('',#7081,1.);
#7081 = DIRECTION('',(-1.,-0.,0.));
#7082 = ORIENTED_EDGE('',*,*,#7083,.F.);
#7083 = EDGE_CURVE('',#7084,#7076,#7086,.T.);
#7084 = VERTEX_POINT('',#7085);
#7085 = CARTESIAN_POINT('',(7.95,4.5,0.7));
#7086 = LINE('',#7087,#7088);
#7087 = CARTESIAN_POINT('',(7.95,4.5,0.7));
#7088 = VECTOR('',#7089,1.);
#7089 = DIRECTION('',(0.,-7.670631806503E-14,-1.));
#7090 = ORIENTED_EDGE('',*,*,#7091,.F.);
#7091 = EDGE_CURVE('',#6904,#7084,#7092,.T.);
#7092 = LINE('',#7093,#7094);
#7093 = CARTESIAN_POINT('',(7.62,4.5,0.7));
#7094 = VECTOR('',#7095,1.);
#7095 = DIRECTION('',(1.,-7.670631806501E-14,-3.014423727467E-13));
#7096 = PLANE('',#7097);
#7097 = AXIS2_PLACEMENT_3D('',#7098,#7099,#7100);
#7098 = CARTESIAN_POINT('',(7.785,4.5,0.425));
#7099 = DIRECTION('',(0.,-1.,0.));
#7100 = DIRECTION('',(-1.,0.,0.));
#7101 = ADVANCED_FACE('',(#7102),#7136,.F.);
#7102 = FACE_BOUND('',#7103,.T.);
#7103 = EDGE_LOOP('',(#7104,#7114,#7122,#7130));
#7104 = ORIENTED_EDGE('',*,*,#7105,.T.);
#7105 = EDGE_CURVE('',#7106,#7108,#7110,.T.);
#7106 = VERTEX_POINT('',#7107);
#7107 = CARTESIAN_POINT('',(-7.86,3.8,0.15));
#7108 = VERTEX_POINT('',#7109);
#7109 = CARTESIAN_POINT('',(-7.99,4.25,0.15));
#7110 = LINE('',#7111,#7112);
#7111 = CARTESIAN_POINT('',(-7.86,3.8,0.15));
#7112 = VECTOR('',#7113,1.);
#7113 = DIRECTION('',(-0.277539652821,0.960714182841,0.));
#7114 = ORIENTED_EDGE('',*,*,#7115,.T.);
#7115 = EDGE_CURVE('',#7108,#7116,#7118,.T.);
#7116 = VERTEX_POINT('',#7117);
#7117 = CARTESIAN_POINT('',(-7.99,4.25,1.8));
#7118 = LINE('',#7119,#7120);
#7119 = CARTESIAN_POINT('',(-7.99,4.25,0.15));
#7120 = VECTOR('',#7121,1.);
#7121 = DIRECTION('',(0.,0.,1.));
#7122 = ORIENTED_EDGE('',*,*,#7123,.T.);
#7123 = EDGE_CURVE('',#7116,#7124,#7126,.T.);
#7124 = VERTEX_POINT('',#7125);
#7125 = CARTESIAN_POINT('',(-7.86,3.8,1.8));
#7126 = LINE('',#7127,#7128);
#7127 = CARTESIAN_POINT('',(-7.99,4.25,1.8));
#7128 = VECTOR('',#7129,1.);
#7129 = DIRECTION('',(0.277539652821,-0.960714182841,0.));
#7130 = ORIENTED_EDGE('',*,*,#7131,.T.);
#7131 = EDGE_CURVE('',#7124,#7106,#7132,.T.);
#7132 = LINE('',#7133,#7134);
#7133 = CARTESIAN_POINT('',(-7.86,3.8,1.8));
#7134 = VECTOR('',#7135,1.);
#7135 = DIRECTION('',(0.,-0.,-1.));
#7136 = PLANE('',#7137);
#7137 = AXIS2_PLACEMENT_3D('',#7138,#7139,#7140);
#7138 = CARTESIAN_POINT('',(-7.925,4.025,0.975));
#7139 = DIRECTION('',(-0.960714182841,-0.277539652821,0.));
#7140 = DIRECTION('',(0.,0.,1.));
#7141 = ADVANCED_FACE('',(#7142),#7176,.T.);
#7142 = FACE_BOUND('',#7143,.T.);
#7143 = EDGE_LOOP('',(#7144,#7154,#7162,#7170));
#7144 = ORIENTED_EDGE('',*,*,#7145,.T.);
#7145 = EDGE_CURVE('',#7146,#7148,#7150,.T.);
#7146 = VERTEX_POINT('',#7147);
#7147 = CARTESIAN_POINT('',(7.99,4.25,1.8));
#7148 = VERTEX_POINT('',#7149);
#7149 = CARTESIAN_POINT('',(7.99,4.25,0.15));
#7150 = LINE('',#7151,#7152);
#7151 = CARTESIAN_POINT('',(7.99,4.25,1.8));
#7152 = VECTOR('',#7153,1.);
#7153 = DIRECTION('',(0.,-0.,-1.));
#7154 = ORIENTED_EDGE('',*,*,#7155,.T.);
#7155 = EDGE_CURVE('',#7148,#7156,#7158,.T.);
#7156 = VERTEX_POINT('',#7157);
#7157 = CARTESIAN_POINT('',(7.86,3.8,0.15));
#7158 = LINE('',#7159,#7160);
#7159 = CARTESIAN_POINT('',(7.99,4.25,0.15));
#7160 = VECTOR('',#7161,1.);
#7161 = DIRECTION('',(-0.277539652821,-0.960714182841,0.));
#7162 = ORIENTED_EDGE('',*,*,#7163,.T.);
#7163 = EDGE_CURVE('',#7156,#7164,#7166,.T.);
#7164 = VERTEX_POINT('',#7165);
#7165 = CARTESIAN_POINT('',(7.86,3.8,1.8));
#7166 = LINE('',#7167,#7168);
#7167 = CARTESIAN_POINT('',(7.86,3.8,0.15));
#7168 = VECTOR('',#7169,1.);
#7169 = DIRECTION('',(0.,0.,1.));
#7170 = ORIENTED_EDGE('',*,*,#7171,.T.);
#7171 = EDGE_CURVE('',#7164,#7146,#7172,.T.);
#7172 = LINE('',#7173,#7174);
#7173 = CARTESIAN_POINT('',(7.86,3.8,1.8));
#7174 = VECTOR('',#7175,1.);
#7175 = DIRECTION('',(0.277539652821,0.960714182841,-0.));
#7176 = PLANE('',#7177);
#7177 = AXIS2_PLACEMENT_3D('',#7178,#7179,#7180);
#7178 = CARTESIAN_POINT('',(7.925,4.025,0.975));
#7179 = DIRECTION('',(-0.960714182841,0.277539652821,0.));
#7180 = DIRECTION('',(0.,0.,1.));
#7181 = ADVANCED_FACE('',(#7182),#7216,.T.);
#7182 = FACE_BOUND('',#7183,.T.);
#7183 = EDGE_LOOP('',(#7184,#7194,#7202,#7210));
#7184 = ORIENTED_EDGE('',*,*,#7185,.T.);
#7185 = EDGE_CURVE('',#7186,#7188,#7190,.T.);
#7186 = VERTEX_POINT('',#7187);
#7187 = CARTESIAN_POINT('',(1.750000000001,3.9,1.8));
#7188 = VERTEX_POINT('',#7189);
#7189 = CARTESIAN_POINT('',(1.750000000001,3.9,1.15));
#7190 = LINE('',#7191,#7192);
#7191 = CARTESIAN_POINT('',(1.750000000001,3.9,1.8));
#7192 = VECTOR('',#7193,1.);
#7193 = DIRECTION('',(7.853546872653E-13,0.,-1.));
#7194 = ORIENTED_EDGE('',*,*,#7195,.F.);
#7195 = EDGE_CURVE('',#7196,#7188,#7198,.T.);
#7196 = VERTEX_POINT('',#7197);
#7197 = CARTESIAN_POINT('',(7.826794919243,3.9,1.15));
#7198 = LINE('',#7199,#7200);
#7199 = CARTESIAN_POINT('',(7.826794919243,3.9,1.15));
#7200 = VECTOR('',#7201,1.);
#7201 = DIRECTION('',(-1.,-1.048691003405E-14,-1.026767149676E-14));
#7202 = ORIENTED_EDGE('',*,*,#7203,.F.);
#7203 = EDGE_CURVE('',#7204,#7196,#7206,.T.);
#7204 = VERTEX_POINT('',#7205);
#7205 = CARTESIAN_POINT('',(7.826794919242,3.9,1.8));
#7206 = LINE('',#7207,#7208);
#7207 = CARTESIAN_POINT('',(7.826794919242,3.9,1.8));
#7208 = VECTOR('',#7209,1.);
#7209 = DIRECTION('',(1.661576859008E-12,0.,-1.));
#7210 = ORIENTED_EDGE('',*,*,#7211,.F.);
#7211 = EDGE_CURVE('',#7186,#7204,#7212,.T.);
#7212 = LINE('',#7213,#7214);
#7213 = CARTESIAN_POINT('',(1.750000000001,3.9,1.8));
#7214 = VECTOR('',#7215,1.);
#7215 = DIRECTION('',(1.,1.041383052162E-14,-0.));
#7216 = PLANE('',#7217);
#7217 = AXIS2_PLACEMENT_3D('',#7218,#7219,#7220);
#7218 = CARTESIAN_POINT('',(4.788397459623,3.9,1.475));
#7219 = DIRECTION('',(0.,-1.,0.));
#7220 = DIRECTION('',(-1.,0.,0.));
#7221 = ADVANCED_FACE('',(#7222),#7247,.T.);
#7222 = FACE_BOUND('',#7223,.T.);
#7223 = EDGE_LOOP('',(#7224,#7232,#7233,#7241));
#7224 = ORIENTED_EDGE('',*,*,#7225,.F.);
#7225 = EDGE_CURVE('',#7188,#7226,#7228,.T.);
#7226 = VERTEX_POINT('',#7227);
#7227 = CARTESIAN_POINT('',(1.750000000001,4.26,1.15));
#7228 = LINE('',#7229,#7230);
#7229 = CARTESIAN_POINT('',(1.750000000001,3.9,1.15));
#7230 = VECTOR('',#7231,1.);
#7231 = DIRECTION('',(-1.623392778229E-12,1.,3.503370433261E-13));
#7232 = ORIENTED_EDGE('',*,*,#7185,.F.);
#7233 = ORIENTED_EDGE('',*,*,#7234,.F.);
#7234 = EDGE_CURVE('',#7235,#7186,#7237,.T.);
#7235 = VERTEX_POINT('',#7236);
#7236 = CARTESIAN_POINT('',(1.75,4.26,1.8));
#7237 = LINE('',#7238,#7239);
#7238 = CARTESIAN_POINT('',(1.75,4.26,1.8));
#7239 = VECTOR('',#7240,1.);
#7240 = DIRECTION('',(1.623392778229E-12,-1.,-1.295260195396E-14));
#7241 = ORIENTED_EDGE('',*,*,#7242,.F.);
#7242 = EDGE_CURVE('',#7226,#7235,#7243,.T.);
#7243 = LINE('',#7244,#7245);
#7244 = CARTESIAN_POINT('',(1.750000000001,4.26,1.15));
#7245 = VECTOR('',#7246,1.);
#7246 = DIRECTION('',(-7.853546872655E-13,0.,1.));
#7247 = PLANE('',#7248);
#7248 = AXIS2_PLACEMENT_3D('',#7249,#7250,#7251);
#7249 = CARTESIAN_POINT('',(1.75,4.08,1.475));
#7250 = DIRECTION('',(-1.,-0.,0.));
#7251 = DIRECTION('',(0.,-0.,-1.));
#7252 = ADVANCED_FACE('',(#7253),#7303,.F.);
#7253 = FACE_BOUND('',#7254,.T.);
#7254 = EDGE_LOOP('',(#7255,#7263,#7264,#7265,#7273,#7281,#7289,#7297));
#7255 = ORIENTED_EDGE('',*,*,#7256,.F.);
#7256 = EDGE_CURVE('',#7196,#7257,#7259,.T.);
#7257 = VERTEX_POINT('',#7258);
#7258 = CARTESIAN_POINT('',(7.8,3.8,1.15));
#7259 = LINE('',#7260,#7261);
#7260 = CARTESIAN_POINT('',(7.826794919243,3.9,1.15));
#7261 = VECTOR('',#7262,1.);
#7262 = DIRECTION('',(-0.258819045105,-0.965925826288,5.962505593885E-13
    ));
#7263 = ORIENTED_EDGE('',*,*,#7195,.T.);
#7264 = ORIENTED_EDGE('',*,*,#7225,.T.);
#7265 = ORIENTED_EDGE('',*,*,#7266,.F.);
#7266 = EDGE_CURVE('',#7267,#7226,#7269,.T.);
#7267 = VERTEX_POINT('',#7268);
#7268 = CARTESIAN_POINT('',(-1.749999999999,4.26,1.15));
#7269 = LINE('',#7270,#7271);
#7270 = CARTESIAN_POINT('',(-1.749999999999,4.26,1.15));
#7271 = VECTOR('',#7272,1.);
#7272 = DIRECTION('',(1.,0.,0.));
#7273 = ORIENTED_EDGE('',*,*,#7274,.T.);
#7274 = EDGE_CURVE('',#7267,#7275,#7277,.T.);
#7275 = VERTEX_POINT('',#7276);
#7276 = CARTESIAN_POINT('',(-1.749999999998,3.9,1.15));
#7277 = LINE('',#7278,#7279);
#7278 = CARTESIAN_POINT('',(-1.749999999999,4.26,1.15));
#7279 = VECTOR('',#7280,1.);
#7280 = DIRECTION('',(2.363541461312E-12,-1.,-3.503370433261E-13));
#7281 = ORIENTED_EDGE('',*,*,#7282,.T.);
#7282 = EDGE_CURVE('',#7275,#7283,#7285,.T.);
#7283 = VERTEX_POINT('',#7284);
#7284 = CARTESIAN_POINT('',(-7.826794919241,3.9,1.15));
#7285 = LINE('',#7286,#7287);
#7286 = CARTESIAN_POINT('',(-1.749999999998,3.9,1.15));
#7287 = VECTOR('',#7288,1.);
#7288 = DIRECTION('',(-1.,1.147348345189E-14,1.023113174054E-14));
#7289 = ORIENTED_EDGE('',*,*,#7290,.F.);
#7290 = EDGE_CURVE('',#7291,#7283,#7293,.T.);
#7291 = VERTEX_POINT('',#7292);
#7292 = CARTESIAN_POINT('',(-7.8,3.8,1.15));
#7293 = LINE('',#7294,#7295);
#7294 = CARTESIAN_POINT('',(-7.8,3.8,1.15));
#7295 = VECTOR('',#7296,1.);
#7296 = DIRECTION('',(-0.258819045084,0.965925826294,-5.96250559392E-13)
  );
#7297 = ORIENTED_EDGE('',*,*,#7298,.T.);
#7298 = EDGE_CURVE('',#7291,#7257,#7299,.T.);
#7299 = LINE('',#7300,#7301);
#7300 = CARTESIAN_POINT('',(-7.8,3.8,1.15));
#7301 = VECTOR('',#7302,1.);
#7302 = DIRECTION('',(1.,0.,0.));
#7303 = PLANE('',#7304);
#7304 = AXIS2_PLACEMENT_3D('',#7305,#7306,#7307);
#7305 = CARTESIAN_POINT('',(3.399946990612E-12,2.855,1.15));
#7306 = DIRECTION('',(0.,-0.,-1.));
#7307 = DIRECTION('',(-1.,-0.,0.));
#7308 = ADVANCED_FACE('',(#7309),#7327,.T.);
#7309 = FACE_BOUND('',#7310,.T.);
#7310 = EDGE_LOOP('',(#7311,#7312,#7320,#7326));
#7311 = ORIENTED_EDGE('',*,*,#7242,.T.);
#7312 = ORIENTED_EDGE('',*,*,#7313,.T.);
#7313 = EDGE_CURVE('',#7235,#7314,#7316,.T.);
#7314 = VERTEX_POINT('',#7315);
#7315 = CARTESIAN_POINT('',(-1.75,4.26,1.8));
#7316 = LINE('',#7317,#7318);
#7317 = CARTESIAN_POINT('',(1.75,4.26,1.8));
#7318 = VECTOR('',#7319,1.);
#7319 = DIRECTION('',(-1.,-0.,0.));
#7320 = ORIENTED_EDGE('',*,*,#7321,.T.);
#7321 = EDGE_CURVE('',#7314,#7267,#7322,.T.);
#7322 = LINE('',#7323,#7324);
#7323 = CARTESIAN_POINT('',(-1.75,4.26,1.8));
#7324 = VECTOR('',#7325,1.);
#7325 = DIRECTION('',(1.16829622899E-12,0.,-1.));
#7326 = ORIENTED_EDGE('',*,*,#7266,.T.);
#7327 = PLANE('',#7328);
#7328 = AXIS2_PLACEMENT_3D('',#7329,#7330,#7331);
#7329 = CARTESIAN_POINT('',(0.,4.26,1.475));
#7330 = DIRECTION('',(0.,-1.,0.));
#7331 = DIRECTION('',(-1.,0.,0.));
#7332 = ADVANCED_FACE('',(#7333),#7351,.F.);
#7333 = FACE_BOUND('',#7334,.T.);
#7334 = EDGE_LOOP('',(#7335,#7343,#7349,#7350));
#7335 = ORIENTED_EDGE('',*,*,#7336,.F.);
#7336 = EDGE_CURVE('',#7337,#7314,#7339,.T.);
#7337 = VERTEX_POINT('',#7338);
#7338 = CARTESIAN_POINT('',(-1.749999999999,3.9,1.8));
#7339 = LINE('',#7340,#7341);
#7340 = CARTESIAN_POINT('',(-1.749999999999,3.9,1.8));
#7341 = VECTOR('',#7342,1.);
#7342 = DIRECTION('',(-2.364158251882E-12,1.,1.356939252319E-14));
#7343 = ORIENTED_EDGE('',*,*,#7344,.F.);
#7344 = EDGE_CURVE('',#7275,#7337,#7345,.T.);
#7345 = LINE('',#7346,#7347);
#7346 = CARTESIAN_POINT('',(-1.749999999998,3.9,1.15));
#7347 = VECTOR('',#7348,1.);
#7348 = DIRECTION('',(-1.167613014821E-12,0.,1.));
#7349 = ORIENTED_EDGE('',*,*,#7274,.F.);
#7350 = ORIENTED_EDGE('',*,*,#7321,.F.);
#7351 = PLANE('',#7352);
#7352 = AXIS2_PLACEMENT_3D('',#7353,#7354,#7355);
#7353 = CARTESIAN_POINT('',(-1.75,4.08,1.475));
#7354 = DIRECTION('',(-1.,-0.,0.));
#7355 = DIRECTION('',(0.,-0.,-1.));
#7356 = ADVANCED_FACE('',(#7357),#7375,.T.);
#7357 = FACE_BOUND('',#7358,.T.);
#7358 = EDGE_LOOP('',(#7359,#7367,#7368,#7369));
#7359 = ORIENTED_EDGE('',*,*,#7360,.F.);
#7360 = EDGE_CURVE('',#7283,#7361,#7363,.T.);
#7361 = VERTEX_POINT('',#7362);
#7362 = CARTESIAN_POINT('',(-7.826794919243,3.9,1.8));
#7363 = LINE('',#7364,#7365);
#7364 = CARTESIAN_POINT('',(-7.826794919241,3.9,1.15));
#7365 = VECTOR('',#7366,1.);
#7366 = DIRECTION('',(-3.36141371148E-12,0.,1.));
#7367 = ORIENTED_EDGE('',*,*,#7282,.F.);
#7368 = ORIENTED_EDGE('',*,*,#7344,.T.);
#7369 = ORIENTED_EDGE('',*,*,#7370,.F.);
#7370 = EDGE_CURVE('',#7361,#7337,#7371,.T.);
#7371 = LINE('',#7372,#7373);
#7372 = CARTESIAN_POINT('',(-7.826794919243,3.9,1.8));
#7373 = VECTOR('',#7374,1.);
#7374 = DIRECTION('',(1.,-1.147348345189E-14,0.));
#7375 = PLANE('',#7376);
#7376 = AXIS2_PLACEMENT_3D('',#7377,#7378,#7379);
#7377 = CARTESIAN_POINT('',(-4.78839745962,3.9,1.475));
#7378 = DIRECTION('',(0.,-1.,0.));
#7379 = DIRECTION('',(-1.,0.,0.));
#7380 = ADVANCED_FACE('',(#7381),#7431,.T.);
#7381 = FACE_BOUND('',#7382,.T.);
#7382 = EDGE_LOOP('',(#7383,#7384,#7385,#7393,#7401,#7409,#7417,#7425));
#7383 = ORIENTED_EDGE('',*,*,#7290,.T.);
#7384 = ORIENTED_EDGE('',*,*,#7360,.T.);
#7385 = ORIENTED_EDGE('',*,*,#7386,.F.);
#7386 = EDGE_CURVE('',#7387,#7361,#7389,.T.);
#7387 = VERTEX_POINT('',#7388);
#7388 = CARTESIAN_POINT('',(-7.923256628518,4.26,1.8));
#7389 = LINE('',#7390,#7391);
#7390 = CARTESIAN_POINT('',(-7.923256628518,4.26,1.8));
#7391 = VECTOR('',#7392,1.);
#7392 = DIRECTION('',(0.258819045102,-0.965925826289,-1.191547880474E-14
    ));
#7393 = ORIENTED_EDGE('',*,*,#7394,.F.);
#7394 = EDGE_CURVE('',#7395,#7387,#7397,.T.);
#7395 = VERTEX_POINT('',#7396);
#7396 = CARTESIAN_POINT('',(-7.923256628518,4.26,0.7));
#7397 = LINE('',#7398,#7399);
#7398 = CARTESIAN_POINT('',(-7.923256628518,4.26,0.7));
#7399 = VECTOR('',#7400,1.);
#7400 = DIRECTION('',(9.689219124001E-14,4.117918127701E-14,1.));
#7401 = ORIENTED_EDGE('',*,*,#7402,.F.);
#7402 = EDGE_CURVE('',#7403,#7395,#7405,.T.);
#7403 = VERTEX_POINT('',#7404);
#7404 = CARTESIAN_POINT('',(-7.920577136594,4.25,0.7));
#7405 = LINE('',#7406,#7407);
#7406 = CARTESIAN_POINT('',(-7.920577136594,4.25,0.7));
#7407 = VECTOR('',#7408,1.);
#7408 = DIRECTION('',(-0.258819045087,0.965925826293,6.745352551389E-12)
  );
#7409 = ORIENTED_EDGE('',*,*,#7410,.T.);
#7410 = EDGE_CURVE('',#7403,#7411,#7413,.T.);
#7411 = VERTEX_POINT('',#7412);
#7412 = CARTESIAN_POINT('',(-7.920577136594,4.25,0.65));
#7413 = LINE('',#7414,#7415);
#7414 = CARTESIAN_POINT('',(-7.920577136594,4.25,0.7));
#7415 = VECTOR('',#7416,1.);
#7416 = DIRECTION('',(-1.563194018672E-12,9.858780458673E-13,-1.));
#7417 = ORIENTED_EDGE('',*,*,#7418,.T.);
#7418 = EDGE_CURVE('',#7411,#7419,#7421,.T.);
#7419 = VERTEX_POINT('',#7420);
#7420 = CARTESIAN_POINT('',(-7.8,3.8,0.65));
#7421 = LINE('',#7422,#7423);
#7422 = CARTESIAN_POINT('',(-7.920577136594,4.25,0.65));
#7423 = VECTOR('',#7424,1.);
#7424 = DIRECTION('',(0.258819045103,-0.965925826289,0.));
#7425 = ORIENTED_EDGE('',*,*,#7426,.F.);
#7426 = EDGE_CURVE('',#7291,#7419,#7427,.T.);
#7427 = LINE('',#7428,#7429);
#7428 = CARTESIAN_POINT('',(-7.8,3.8,1.15));
#7429 = VECTOR('',#7430,1.);
#7430 = DIRECTION('',(0.,-0.,-1.));
#7431 = PLANE('',#7432);
#7432 = AXIS2_PLACEMENT_3D('',#7433,#7434,#7435);
#7433 = CARTESIAN_POINT('',(-7.861628314259,4.03,1.225));
#7434 = DIRECTION('',(-0.965925826289,-0.258819045103,0.));
#7435 = DIRECTION('',(0.,0.,1.));
#7436 = ADVANCED_FACE('',(#7437),#7462,.F.);
#7437 = FACE_BOUND('',#7438,.T.);
#7438 = EDGE_LOOP('',(#7439,#7447,#7448,#7456));
#7439 = ORIENTED_EDGE('',*,*,#7440,.T.);
#7440 = EDGE_CURVE('',#7441,#7411,#7443,.T.);
#7441 = VERTEX_POINT('',#7442);
#7442 = CARTESIAN_POINT('',(7.92057713659,4.25,0.65));
#7443 = LINE('',#7444,#7445);
#7444 = CARTESIAN_POINT('',(7.92057713659,4.25,0.65));
#7445 = VECTOR('',#7446,1.);
#7446 = DIRECTION('',(-1.,-0.,0.));
#7447 = ORIENTED_EDGE('',*,*,#7410,.F.);
#7448 = ORIENTED_EDGE('',*,*,#7449,.F.);
#7449 = EDGE_CURVE('',#7450,#7403,#7452,.T.);
#7450 = VERTEX_POINT('',#7451);
#7451 = CARTESIAN_POINT('',(7.920577136591,4.25,0.7));
#7452 = LINE('',#7453,#7454);
#7453 = CARTESIAN_POINT('',(7.920577136591,4.25,0.7));
#7454 = VECTOR('',#7455,1.);
#7455 = DIRECTION('',(-1.,-0.,0.));
#7456 = ORIENTED_EDGE('',*,*,#7457,.F.);
#7457 = EDGE_CURVE('',#7441,#7450,#7458,.T.);
#7458 = LINE('',#7459,#7460);
#7459 = CARTESIAN_POINT('',(7.92057713659,4.25,0.65));
#7460 = VECTOR('',#7461,1.);
#7461 = DIRECTION('',(1.309174990638E-11,-9.858780458673E-13,1.));
#7462 = PLANE('',#7463);
#7463 = AXIS2_PLACEMENT_3D('',#7464,#7465,#7466);
#7464 = CARTESIAN_POINT('',(-3.099742684753E-12,4.25,0.675));
#7465 = DIRECTION('',(0.,-1.,0.));
#7466 = DIRECTION('',(-1.,0.,0.));
#7467 = ADVANCED_FACE('',(#7468),#7502,.T.);
#7468 = FACE_BOUND('',#7469,.T.);
#7469 = EDGE_LOOP('',(#7470,#7480,#7488,#7496));
#7470 = ORIENTED_EDGE('',*,*,#7471,.F.);
#7471 = EDGE_CURVE('',#7472,#7474,#7476,.T.);
#7472 = VERTEX_POINT('',#7473);
#7473 = CARTESIAN_POINT('',(-7.4,1.45,0.65));
#7474 = VERTEX_POINT('',#7475);
#7475 = CARTESIAN_POINT('',(-7.4,1.45,0.97360679775));
#7476 = LINE('',#7477,#7478);
#7477 = CARTESIAN_POINT('',(-7.4,1.45,0.65));
#7478 = VECTOR('',#7479,1.);
#7479 = DIRECTION('',(2.964192037824E-13,0.,1.));
#7480 = ORIENTED_EDGE('',*,*,#7481,.F.);
#7481 = EDGE_CURVE('',#7482,#7472,#7484,.T.);
#7482 = VERTEX_POINT('',#7483);
#7483 = CARTESIAN_POINT('',(7.399999999999,1.45,0.65));
#7484 = LINE('',#7485,#7486);
#7485 = CARTESIAN_POINT('',(7.399999999999,1.45,0.65));
#7486 = VECTOR('',#7487,1.);
#7487 = DIRECTION('',(-1.,-0.,0.));
#7488 = ORIENTED_EDGE('',*,*,#7489,.F.);
#7489 = EDGE_CURVE('',#7490,#7482,#7492,.T.);
#7490 = VERTEX_POINT('',#7491);
#7491 = CARTESIAN_POINT('',(7.4,1.45,0.97360679775));
#7492 = LINE('',#7493,#7494);
#7493 = CARTESIAN_POINT('',(7.4,1.45,0.97360679775));
#7494 = VECTOR('',#7495,1.);
#7495 = DIRECTION('',(-1.965149536187E-12,-0.,-1.));
#7496 = ORIENTED_EDGE('',*,*,#7497,.T.);
#7497 = EDGE_CURVE('',#7490,#7474,#7498,.T.);
#7498 = LINE('',#7499,#7500);
#7499 = CARTESIAN_POINT('',(7.4,1.45,0.97360679775));
#7500 = VECTOR('',#7501,1.);
#7501 = DIRECTION('',(-1.,-0.,0.));
#7502 = PLANE('',#7503);
#7503 = AXIS2_PLACEMENT_3D('',#7504,#7505,#7506);
#7504 = CARTESIAN_POINT('',(0.,1.45,0.9));
#7505 = DIRECTION('',(0.,-1.,0.));
#7506 = DIRECTION('',(-1.,0.,0.));
#7507 = ADVANCED_FACE('',(#7508),#7567,.F.);
#7508 = FACE_BOUND('',#7509,.T.);
#7509 = EDGE_LOOP('',(#7510,#7520,#7529,#7537,#7544,#7545,#7553,#7561));
#7510 = ORIENTED_EDGE('',*,*,#7511,.T.);
#7511 = EDGE_CURVE('',#7512,#7514,#7516,.T.);
#7512 = VERTEX_POINT('',#7513);
#7513 = CARTESIAN_POINT('',(7.4,2.450000000001,1.15));
#7514 = VERTEX_POINT('',#7515);
#7515 = CARTESIAN_POINT('',(7.4,2.203961466751,1.084074173709));
#7516 = LINE('',#7517,#7518);
#7517 = CARTESIAN_POINT('',(7.4,2.450000000001,1.15));
#7518 = VECTOR('',#7519,1.);
#7519 = DIRECTION('',(0.,-0.96592582629,-0.258819045101));
#7520 = ORIENTED_EDGE('',*,*,#7521,.F.);
#7521 = EDGE_CURVE('',#7522,#7514,#7524,.T.);
#7522 = VERTEX_POINT('',#7523);
#7523 = CARTESIAN_POINT('',(7.4,1.945142421656,1.05));
#7524 = CIRCLE('',#7525,1.);
#7525 = AXIS2_PLACEMENT_3D('',#7526,#7527,#7528);
#7526 = CARTESIAN_POINT('',(7.4,1.945142421656,2.05));
#7527 = DIRECTION('',(1.,0.,0.));
#7528 = DIRECTION('',(0.,0.,-1.));
#7529 = ORIENTED_EDGE('',*,*,#7530,.T.);
#7530 = EDGE_CURVE('',#7522,#7531,#7533,.T.);
#7531 = VERTEX_POINT('',#7532);
#7532 = CARTESIAN_POINT('',(7.4,1.65,1.05));
#7533 = LINE('',#7534,#7535);
#7534 = CARTESIAN_POINT('',(7.4,1.945142421656,1.05));
#7535 = VECTOR('',#7536,1.);
#7536 = DIRECTION('',(0.,-1.,0.));
#7537 = ORIENTED_EDGE('',*,*,#7538,.F.);
#7538 = EDGE_CURVE('',#7490,#7531,#7539,.T.);
#7539 = CIRCLE('',#7540,0.3);
#7540 = AXIS2_PLACEMENT_3D('',#7541,#7542,#7543);
#7541 = CARTESIAN_POINT('',(7.4,1.65,0.75));
#7542 = DIRECTION('',(-1.,0.,0.));
#7543 = DIRECTION('',(0.,-0.666666666667,0.7453559925));
#7544 = ORIENTED_EDGE('',*,*,#7489,.T.);
#7545 = ORIENTED_EDGE('',*,*,#7546,.T.);
#7546 = EDGE_CURVE('',#7482,#7547,#7549,.T.);
#7547 = VERTEX_POINT('',#7548);
#7548 = CARTESIAN_POINT('',(7.399999999999,3.8,0.65));
#7549 = LINE('',#7550,#7551);
#7550 = CARTESIAN_POINT('',(7.399999999999,1.45,0.65));
#7551 = VECTOR('',#7552,1.);
#7552 = DIRECTION('',(0.,1.,0.));
#7553 = ORIENTED_EDGE('',*,*,#7554,.T.);
#7554 = EDGE_CURVE('',#7547,#7555,#7557,.T.);
#7555 = VERTEX_POINT('',#7556);
#7556 = CARTESIAN_POINT('',(7.4,3.8,1.15));
#7557 = LINE('',#7558,#7559);
#7558 = CARTESIAN_POINT('',(7.399999999999,3.8,0.65));
#7559 = VECTOR('',#7560,1.);
#7560 = DIRECTION('',(1.270095140171E-12,0.,1.));
#7561 = ORIENTED_EDGE('',*,*,#7562,.T.);
#7562 = EDGE_CURVE('',#7555,#7512,#7563,.T.);
#7563 = LINE('',#7564,#7565);
#7564 = CARTESIAN_POINT('',(7.4,3.8,1.15));
#7565 = VECTOR('',#7566,1.);
#7566 = DIRECTION('',(0.,-1.,0.));
#7567 = PLANE('',#7568);
#7568 = AXIS2_PLACEMENT_3D('',#7569,#7570,#7571);
#7569 = CARTESIAN_POINT('',(7.4,2.625,0.9));
#7570 = DIRECTION('',(-1.,-0.,0.));
#7571 = DIRECTION('',(0.,-0.,-1.));
#7572 = ADVANCED_FACE('',(#7573),#7598,.T.);
#7573 = FACE_BOUND('',#7574,.T.);
#7574 = EDGE_LOOP('',(#7575,#7583,#7591,#7597));
#7575 = ORIENTED_EDGE('',*,*,#7576,.T.);
#7576 = EDGE_CURVE('',#7522,#7577,#7579,.T.);
#7577 = VERTEX_POINT('',#7578);
#7578 = CARTESIAN_POINT('',(7.57,1.945142421656,1.05));
#7579 = LINE('',#7580,#7581);
#7580 = CARTESIAN_POINT('',(7.4,1.945142421656,1.05));
#7581 = VECTOR('',#7582,1.);
#7582 = DIRECTION('',(1.,5.884182030519E-13,7.849929856475E-13));
#7583 = ORIENTED_EDGE('',*,*,#7584,.F.);
#7584 = EDGE_CURVE('',#7585,#7577,#7587,.T.);
#7585 = VERTEX_POINT('',#7586);
#7586 = CARTESIAN_POINT('',(7.57,1.65,1.05));
#7587 = LINE('',#7588,#7589);
#7588 = CARTESIAN_POINT('',(7.57,1.65,1.05));
#7589 = VECTOR('',#7590,1.);
#7590 = DIRECTION('',(-5.29640574846E-13,1.,0.));
#7591 = ORIENTED_EDGE('',*,*,#7592,.F.);
#7592 = EDGE_CURVE('',#7531,#7585,#7593,.T.);
#7593 = LINE('',#7594,#7595);
#7594 = CARTESIAN_POINT('',(7.4,1.65,1.05));
#7595 = VECTOR('',#7596,1.);
#7596 = DIRECTION('',(1.,-6.073573017067E-14,7.862991303816E-13));
#7597 = ORIENTED_EDGE('',*,*,#7530,.F.);
#7598 = PLANE('',#7599);
#7599 = AXIS2_PLACEMENT_3D('',#7600,#7601,#7602);
#7600 = CARTESIAN_POINT('',(0.,1.797571210828,1.05));
#7601 = DIRECTION('',(0.,-0.,-1.));
#7602 = DIRECTION('',(-1.,-0.,0.));
#7603 = ADVANCED_FACE('',(#7604),#7638,.T.);
#7604 = FACE_BOUND('',#7605,.T.);
#7605 = EDGE_LOOP('',(#7606,#7616,#7624,#7632));
#7606 = ORIENTED_EDGE('',*,*,#7607,.F.);
#7607 = EDGE_CURVE('',#7608,#7610,#7612,.T.);
#7608 = VERTEX_POINT('',#7609);
#7609 = CARTESIAN_POINT('',(-7.57,1.65,1.05));
#7610 = VERTEX_POINT('',#7611);
#7611 = CARTESIAN_POINT('',(-7.4,1.65,1.05));
#7612 = LINE('',#7613,#7614);
#7613 = CARTESIAN_POINT('',(-7.57,1.65,1.05));
#7614 = VECTOR('',#7615,1.);
#7615 = DIRECTION('',(1.,6.073573017073E-14,-7.849929856475E-13));
#7616 = ORIENTED_EDGE('',*,*,#7617,.F.);
#7617 = EDGE_CURVE('',#7618,#7608,#7620,.T.);
#7618 = VERTEX_POINT('',#7619);
#7619 = CARTESIAN_POINT('',(-7.57,1.945142421656,1.05));
#7620 = LINE('',#7621,#7622);
#7621 = CARTESIAN_POINT('',(-7.57,1.945142421656,1.05));
#7622 = VECTOR('',#7623,1.);
#7623 = DIRECTION('',(5.29640574846E-13,-1.,0.));
#7624 = ORIENTED_EDGE('',*,*,#7625,.T.);
#7625 = EDGE_CURVE('',#7618,#7626,#7628,.T.);
#7626 = VERTEX_POINT('',#7627);
#7627 = CARTESIAN_POINT('',(-7.4,1.945142421656,1.05));
#7628 = LINE('',#7629,#7630);
#7629 = CARTESIAN_POINT('',(-7.57,1.945142421656,1.05));
#7630 = VECTOR('',#7631,1.);
#7631 = DIRECTION('',(1.,-5.879283987758E-13,-7.862991303816E-13));
#7632 = ORIENTED_EDGE('',*,*,#7633,.T.);
#7633 = EDGE_CURVE('',#7626,#7610,#7634,.T.);
#7634 = LINE('',#7635,#7636);
#7635 = CARTESIAN_POINT('',(-7.4,1.945142421656,1.05));
#7636 = VECTOR('',#7637,1.);
#7637 = DIRECTION('',(0.,-1.,0.));
#7638 = PLANE('',#7639);
#7639 = AXIS2_PLACEMENT_3D('',#7640,#7641,#7642);
#7640 = CARTESIAN_POINT('',(0.,1.797571210828,1.05));
#7641 = DIRECTION('',(0.,-0.,-1.));
#7642 = DIRECTION('',(-1.,-0.,0.));
#7643 = ADVANCED_FACE('',(#7644),#7681,.F.);
#7644 = FACE_BOUND('',#7645,.F.);
#7645 = EDGE_LOOP('',(#7646,#7653,#7654,#7663,#7671,#7678,#7679,#7680));
#7646 = ORIENTED_EDGE('',*,*,#7647,.T.);
#7647 = EDGE_CURVE('',#7474,#7610,#7648,.T.);
#7648 = CIRCLE('',#7649,0.3);
#7649 = AXIS2_PLACEMENT_3D('',#7650,#7651,#7652);
#7650 = CARTESIAN_POINT('',(-7.4,1.65,0.75));
#7651 = DIRECTION('',(-1.,0.,0.));
#7652 = DIRECTION('',(0.,-0.666666666667,0.7453559925));
#7653 = ORIENTED_EDGE('',*,*,#7607,.F.);
#7654 = ORIENTED_EDGE('',*,*,#7655,.F.);
#7655 = EDGE_CURVE('',#7656,#7608,#7658,.T.);
#7656 = VERTEX_POINT('',#7657);
#7657 = CARTESIAN_POINT('',(-7.57,1.35,0.75));
#7658 = CIRCLE('',#7659,0.3);
#7659 = AXIS2_PLACEMENT_3D('',#7660,#7661,#7662);
#7660 = CARTESIAN_POINT('',(-7.57,1.65,0.75));
#7661 = DIRECTION('',(-1.,0.,0.));
#7662 = DIRECTION('',(0.,-1.,1.332845870709E-12));
#7663 = ORIENTED_EDGE('',*,*,#7664,.F.);
#7664 = EDGE_CURVE('',#7665,#7656,#7667,.T.);
#7665 = VERTEX_POINT('',#7666);
#7666 = CARTESIAN_POINT('',(7.57,1.35,0.75));
#7667 = LINE('',#7668,#7669);
#7668 = CARTESIAN_POINT('',(7.57,1.35,0.75));
#7669 = VECTOR('',#7670,1.);
#7670 = DIRECTION('',(-1.,-0.,0.));
#7671 = ORIENTED_EDGE('',*,*,#7672,.F.);
#7672 = EDGE_CURVE('',#7585,#7665,#7673,.T.);
#7673 = CIRCLE('',#7674,0.3);
#7674 = AXIS2_PLACEMENT_3D('',#7675,#7676,#7677);
#7675 = CARTESIAN_POINT('',(7.57,1.65,0.75));
#7676 = DIRECTION('',(1.,0.,-0.));
#7677 = DIRECTION('',(0.,0.,1.));
#7678 = ORIENTED_EDGE('',*,*,#7592,.F.);
#7679 = ORIENTED_EDGE('',*,*,#7538,.F.);
#7680 = ORIENTED_EDGE('',*,*,#7497,.T.);
#7681 = CYLINDRICAL_SURFACE('',#7682,0.3);
#7682 = AXIS2_PLACEMENT_3D('',#7683,#7684,#7685);
#7683 = CARTESIAN_POINT('',(7.8728,1.65,0.75));
#7684 = DIRECTION('',(-1.,-0.,0.));
#7685 = DIRECTION('',(0.,-1.,0.));
#7686 = ADVANCED_FACE('',(#7687),#7712,.F.);
#7687 = FACE_BOUND('',#7688,.T.);
#7688 = EDGE_LOOP('',(#7689,#7697,#7698,#7706));
#7689 = ORIENTED_EDGE('',*,*,#7690,.F.);
#7690 = EDGE_CURVE('',#7656,#7691,#7693,.T.);
#7691 = VERTEX_POINT('',#7692);
#7692 = CARTESIAN_POINT('',(-7.57,1.35,0.15));
#7693 = LINE('',#7694,#7695);
#7694 = CARTESIAN_POINT('',(-7.57,1.35,0.75));
#7695 = VECTOR('',#7696,1.);
#7696 = DIRECTION('',(-2.694141206424E-13,-0.,-1.));
#7697 = ORIENTED_EDGE('',*,*,#7664,.F.);
#7698 = ORIENTED_EDGE('',*,*,#7699,.F.);
#7699 = EDGE_CURVE('',#7700,#7665,#7702,.T.);
#7700 = VERTEX_POINT('',#7701);
#7701 = CARTESIAN_POINT('',(7.57,1.35,0.15));
#7702 = LINE('',#7703,#7704);
#7703 = CARTESIAN_POINT('',(7.57,1.35,0.15));
#7704 = VECTOR('',#7705,1.);
#7705 = DIRECTION('',(0.,0.,1.));
#7706 = ORIENTED_EDGE('',*,*,#7707,.F.);
#7707 = EDGE_CURVE('',#7691,#7700,#7708,.T.);
#7708 = LINE('',#7709,#7710);
#7709 = CARTESIAN_POINT('',(-7.57,1.35,0.15));
#7710 = VECTOR('',#7711,1.);
#7711 = DIRECTION('',(1.,0.,0.));
#7712 = PLANE('',#7713);
#7713 = AXIS2_PLACEMENT_3D('',#7714,#7715,#7716);
#7714 = CARTESIAN_POINT('',(0.,1.35,0.45));
#7715 = DIRECTION('',(0.,-1.,0.));
#7716 = DIRECTION('',(-1.,0.,0.));
#7717 = ADVANCED_FACE('',(#7718),#7770,.F.);
#7718 = FACE_BOUND('',#7719,.T.);
#7719 = EDGE_LOOP('',(#7720,#7730,#7738,#7745,#7746,#7747,#7748,#7756,
    #7764));
#7720 = ORIENTED_EDGE('',*,*,#7721,.F.);
#7721 = EDGE_CURVE('',#7722,#7724,#7726,.T.);
#7722 = VERTEX_POINT('',#7723);
#7723 = CARTESIAN_POINT('',(-7.57,2.45,1.15));
#7724 = VERTEX_POINT('',#7725);
#7725 = CARTESIAN_POINT('',(-7.57,3.8,1.15));
#7726 = LINE('',#7727,#7728);
#7727 = CARTESIAN_POINT('',(-7.57,2.45,1.15));
#7728 = VECTOR('',#7729,1.);
#7729 = DIRECTION('',(0.,1.,-3.602056924339E-14));
#7730 = ORIENTED_EDGE('',*,*,#7731,.F.);
#7731 = EDGE_CURVE('',#7732,#7722,#7734,.T.);
#7732 = VERTEX_POINT('',#7733);
#7733 = CARTESIAN_POINT('',(-7.57,2.203961466758,1.084074173711));
#7734 = LINE('',#7735,#7736);
#7735 = CARTESIAN_POINT('',(-7.57,2.203961466758,1.084074173711));
#7736 = VECTOR('',#7737,1.);
#7737 = DIRECTION('',(-1.394764409683E-14,0.965925826289,0.258819045102)
  );
#7738 = ORIENTED_EDGE('',*,*,#7739,.F.);
#7739 = EDGE_CURVE('',#7618,#7732,#7740,.T.);
#7740 = CIRCLE('',#7741,1.);
#7741 = AXIS2_PLACEMENT_3D('',#7742,#7743,#7744);
#7742 = CARTESIAN_POINT('',(-7.57,1.945142421656,2.05));
#7743 = DIRECTION('',(1.,0.,0.));
#7744 = DIRECTION('',(0.,2.998903209095E-13,-1.));
#7745 = ORIENTED_EDGE('',*,*,#7617,.T.);
#7746 = ORIENTED_EDGE('',*,*,#7655,.F.);
#7747 = ORIENTED_EDGE('',*,*,#7690,.T.);
#7748 = ORIENTED_EDGE('',*,*,#7749,.F.);
#7749 = EDGE_CURVE('',#7750,#7691,#7752,.T.);
#7750 = VERTEX_POINT('',#7751);
#7751 = CARTESIAN_POINT('',(-7.57,3.8,0.15));
#7752 = LINE('',#7753,#7754);
#7753 = CARTESIAN_POINT('',(-7.57,3.8,0.15));
#7754 = VECTOR('',#7755,1.);
#7755 = DIRECTION('',(0.,-1.,0.));
#7756 = ORIENTED_EDGE('',*,*,#7757,.F.);
#7757 = EDGE_CURVE('',#7758,#7750,#7760,.T.);
#7758 = VERTEX_POINT('',#7759);
#7759 = CARTESIAN_POINT('',(-7.57,3.8,0.65));
#7760 = LINE('',#7761,#7762);
#7761 = CARTESIAN_POINT('',(-7.57,3.8,0.65));
#7762 = VECTOR('',#7763,1.);
#7763 = DIRECTION('',(0.,-0.,-1.));
#7764 = ORIENTED_EDGE('',*,*,#7765,.F.);
#7765 = EDGE_CURVE('',#7724,#7758,#7766,.T.);
#7766 = LINE('',#7767,#7768);
#7767 = CARTESIAN_POINT('',(-7.57,3.8,1.15));
#7768 = VECTOR('',#7769,1.);
#7769 = DIRECTION('',(0.,-0.,-1.));
#7770 = PLANE('',#7771);
#7771 = AXIS2_PLACEMENT_3D('',#7772,#7773,#7774);
#7772 = CARTESIAN_POINT('',(-7.57,2.575,0.65));
#7773 = DIRECTION('',(-1.,-0.,0.));
#7774 = DIRECTION('',(0.,-0.,-1.));
#7775 = ADVANCED_FACE('',(#7776),#7795,.T.);
#7776 = FACE_BOUND('',#7777,.T.);
#7777 = EDGE_LOOP('',(#7778,#7786,#7793,#7794));
#7778 = ORIENTED_EDGE('',*,*,#7779,.F.);
#7779 = EDGE_CURVE('',#7780,#7514,#7782,.T.);
#7780 = VERTEX_POINT('',#7781);
#7781 = CARTESIAN_POINT('',(7.57,2.203961466758,1.084074173711));
#7782 = LINE('',#7783,#7784);
#7783 = CARTESIAN_POINT('',(7.57,2.203961466758,1.084074173711));
#7784 = VECTOR('',#7785,1.);
#7785 = DIRECTION('',(-1.,-1.308046808124E-11,-3.7212063496E-12));
#7786 = ORIENTED_EDGE('',*,*,#7787,.T.);
#7787 = EDGE_CURVE('',#7780,#7577,#7788,.T.);
#7788 = CIRCLE('',#7789,1.);
#7789 = AXIS2_PLACEMENT_3D('',#7790,#7791,#7792);
#7790 = CARTESIAN_POINT('',(7.57,1.945142421656,2.05));
#7791 = DIRECTION('',(-1.,-0.,0.));
#7792 = DIRECTION('',(-0.,0.258819045102,-0.965925826289));
#7793 = ORIENTED_EDGE('',*,*,#7576,.F.);
#7794 = ORIENTED_EDGE('',*,*,#7521,.T.);
#7795 = CYLINDRICAL_SURFACE('',#7796,1.);
#7796 = AXIS2_PLACEMENT_3D('',#7797,#7798,#7799);
#7797 = CARTESIAN_POINT('',(-7.8728,1.945142421656,2.05));
#7798 = DIRECTION('',(1.,0.,0.));
#7799 = DIRECTION('',(0.,0.,-1.));
#7800 = ADVANCED_FACE('',(#7801),#7820,.T.);
#7801 = FACE_BOUND('',#7802,.T.);
#7802 = EDGE_LOOP('',(#7803,#7804,#7805,#7813));
#7803 = ORIENTED_EDGE('',*,*,#7625,.F.);
#7804 = ORIENTED_EDGE('',*,*,#7739,.T.);
#7805 = ORIENTED_EDGE('',*,*,#7806,.F.);
#7806 = EDGE_CURVE('',#7807,#7732,#7809,.T.);
#7807 = VERTEX_POINT('',#7808);
#7808 = CARTESIAN_POINT('',(-7.4,2.203961466751,1.084074173709));
#7809 = LINE('',#7810,#7811);
#7810 = CARTESIAN_POINT('',(-7.4,2.203961466756,1.084074173711));
#7811 = VECTOR('',#7812,1.);
#7812 = DIRECTION('',(-1.,1.308063134932E-11,3.722512494331E-12));
#7813 = ORIENTED_EDGE('',*,*,#7814,.F.);
#7814 = EDGE_CURVE('',#7626,#7807,#7815,.T.);
#7815 = CIRCLE('',#7816,1.);
#7816 = AXIS2_PLACEMENT_3D('',#7817,#7818,#7819);
#7817 = CARTESIAN_POINT('',(-7.4,1.945142421656,2.05));
#7818 = DIRECTION('',(1.,0.,0.));
#7819 = DIRECTION('',(0.,0.,-1.));
#7820 = CYLINDRICAL_SURFACE('',#7821,1.);
#7821 = AXIS2_PLACEMENT_3D('',#7822,#7823,#7824);
#7822 = CARTESIAN_POINT('',(-7.8728,1.945142421656,2.05));
#7823 = DIRECTION('',(1.,0.,0.));
#7824 = DIRECTION('',(0.,0.,-1.));
#7825 = ADVANCED_FACE('',(#7826),#7862,.T.);
#7826 = FACE_BOUND('',#7827,.T.);
#7827 = EDGE_LOOP('',(#7828,#7838,#7844,#7845,#7846,#7847,#7848,#7856));
#7828 = ORIENTED_EDGE('',*,*,#7829,.T.);
#7829 = EDGE_CURVE('',#7830,#7832,#7834,.T.);
#7830 = VERTEX_POINT('',#7831);
#7831 = CARTESIAN_POINT('',(-7.4,3.8,1.15));
#7832 = VERTEX_POINT('',#7833);
#7833 = CARTESIAN_POINT('',(-7.4,3.8,0.65));
#7834 = LINE('',#7835,#7836);
#7835 = CARTESIAN_POINT('',(-7.4,3.8,1.15));
#7836 = VECTOR('',#7837,1.);
#7837 = DIRECTION('',(-1.936228954946E-13,-0.,-1.));
#7838 = ORIENTED_EDGE('',*,*,#7839,.F.);
#7839 = EDGE_CURVE('',#7472,#7832,#7840,.T.);
#7840 = LINE('',#7841,#7842);
#7841 = CARTESIAN_POINT('',(-7.4,1.45,0.65));
#7842 = VECTOR('',#7843,1.);
#7843 = DIRECTION('',(0.,1.,0.));
#7844 = ORIENTED_EDGE('',*,*,#7471,.T.);
#7845 = ORIENTED_EDGE('',*,*,#7647,.T.);
#7846 = ORIENTED_EDGE('',*,*,#7633,.F.);
#7847 = ORIENTED_EDGE('',*,*,#7814,.T.);
#7848 = ORIENTED_EDGE('',*,*,#7849,.F.);
#7849 = EDGE_CURVE('',#7850,#7807,#7852,.T.);
#7850 = VERTEX_POINT('',#7851);
#7851 = CARTESIAN_POINT('',(-7.4,2.450000000001,1.15));
#7852 = LINE('',#7853,#7854);
#7853 = CARTESIAN_POINT('',(-7.4,2.450000000001,1.15));
#7854 = VECTOR('',#7855,1.);
#7855 = DIRECTION('',(0.,-0.96592582629,-0.258819045101));
#7856 = ORIENTED_EDGE('',*,*,#7857,.F.);
#7857 = EDGE_CURVE('',#7830,#7850,#7858,.T.);
#7858 = LINE('',#7859,#7860);
#7859 = CARTESIAN_POINT('',(-7.4,3.8,1.15));
#7860 = VECTOR('',#7861,1.);
#7861 = DIRECTION('',(0.,-1.,0.));
#7862 = PLANE('',#7863);
#7863 = AXIS2_PLACEMENT_3D('',#7864,#7865,#7866);
#7864 = CARTESIAN_POINT('',(-7.4,2.625,0.9));
#7865 = DIRECTION('',(-1.,-0.,0.));
#7866 = DIRECTION('',(0.,-0.,-1.));
#7867 = ADVANCED_FACE('',(#7868),#7886,.T.);
#7868 = FACE_BOUND('',#7869,.T.);
#7869 = EDGE_LOOP('',(#7870,#7878,#7884,#7885));
#7870 = ORIENTED_EDGE('',*,*,#7871,.F.);
#7871 = EDGE_CURVE('',#7872,#7512,#7874,.T.);
#7872 = VERTEX_POINT('',#7873);
#7873 = CARTESIAN_POINT('',(7.57,2.45,1.15));
#7874 = LINE('',#7875,#7876);
#7875 = CARTESIAN_POINT('',(7.57,2.45,1.15));
#7876 = VECTOR('',#7877,1.);
#7877 = DIRECTION('',(-1.,5.52858412645E-12,-2.860456969328E-13));
#7878 = ORIENTED_EDGE('',*,*,#7879,.T.);
#7879 = EDGE_CURVE('',#7872,#7780,#7880,.T.);
#7880 = LINE('',#7881,#7882);
#7881 = CARTESIAN_POINT('',(7.57,2.45,1.15));
#7882 = VECTOR('',#7883,1.);
#7883 = DIRECTION('',(-6.34617806406E-13,-0.965925826289,-0.258819045102
    ));
#7884 = ORIENTED_EDGE('',*,*,#7779,.T.);
#7885 = ORIENTED_EDGE('',*,*,#7511,.F.);
#7886 = PLANE('',#7887);
#7887 = AXIS2_PLACEMENT_3D('',#7888,#7889,#7890);
#7888 = CARTESIAN_POINT('',(0.,2.326980733379,1.117037086856));
#7889 = DIRECTION('',(0.,0.2588190451,-0.96592582629));
#7890 = DIRECTION('',(1.,0.,0.));
#7891 = ADVANCED_FACE('',(#7892),#7903,.T.);
#7892 = FACE_BOUND('',#7893,.T.);
#7893 = EDGE_LOOP('',(#7894,#7895,#7896,#7902));
#7894 = ORIENTED_EDGE('',*,*,#7806,.T.);
#7895 = ORIENTED_EDGE('',*,*,#7731,.T.);
#7896 = ORIENTED_EDGE('',*,*,#7897,.F.);
#7897 = EDGE_CURVE('',#7850,#7722,#7898,.T.);
#7898 = LINE('',#7899,#7900);
#7899 = CARTESIAN_POINT('',(-7.4,2.450000000001,1.15));
#7900 = VECTOR('',#7901,1.);
#7901 = DIRECTION('',(-1.,-5.528910662633E-12,2.860456969328E-13));
#7902 = ORIENTED_EDGE('',*,*,#7849,.T.);
#7903 = PLANE('',#7904);
#7904 = AXIS2_PLACEMENT_3D('',#7905,#7906,#7907);
#7905 = CARTESIAN_POINT('',(0.,2.326980733379,1.117037086856));
#7906 = DIRECTION('',(0.,0.2588190451,-0.96592582629));
#7907 = DIRECTION('',(1.,0.,0.));
#7908 = ADVANCED_FACE('',(#7909),#7946,.T.);
#7909 = FACE_BOUND('',#7910,.T.);
#7910 = EDGE_LOOP('',(#7911,#7921,#7927,#7928,#7929,#7930,#7931,#7932,
    #7940));
#7911 = ORIENTED_EDGE('',*,*,#7912,.F.);
#7912 = EDGE_CURVE('',#7913,#7915,#7917,.T.);
#7913 = VERTEX_POINT('',#7914);
#7914 = CARTESIAN_POINT('',(7.57,3.8,0.15));
#7915 = VERTEX_POINT('',#7916);
#7916 = CARTESIAN_POINT('',(7.57,3.8,0.65));
#7917 = LINE('',#7918,#7919);
#7918 = CARTESIAN_POINT('',(7.57,3.8,0.15));
#7919 = VECTOR('',#7920,1.);
#7920 = DIRECTION('',(0.,0.,1.));
#7921 = ORIENTED_EDGE('',*,*,#7922,.F.);
#7922 = EDGE_CURVE('',#7700,#7913,#7923,.T.);
#7923 = LINE('',#7924,#7925);
#7924 = CARTESIAN_POINT('',(7.57,1.35,0.15));
#7925 = VECTOR('',#7926,1.);
#7926 = DIRECTION('',(0.,1.,0.));
#7927 = ORIENTED_EDGE('',*,*,#7699,.T.);
#7928 = ORIENTED_EDGE('',*,*,#7672,.F.);
#7929 = ORIENTED_EDGE('',*,*,#7584,.T.);
#7930 = ORIENTED_EDGE('',*,*,#7787,.F.);
#7931 = ORIENTED_EDGE('',*,*,#7879,.F.);
#7932 = ORIENTED_EDGE('',*,*,#7933,.T.);
#7933 = EDGE_CURVE('',#7872,#7934,#7936,.T.);
#7934 = VERTEX_POINT('',#7935);
#7935 = CARTESIAN_POINT('',(7.57,3.8,1.15));
#7936 = LINE('',#7937,#7938);
#7937 = CARTESIAN_POINT('',(7.57,2.45,1.15));
#7938 = VECTOR('',#7939,1.);
#7939 = DIRECTION('',(0.,1.,-3.602056924339E-14));
#7940 = ORIENTED_EDGE('',*,*,#7941,.T.);
#7941 = EDGE_CURVE('',#7934,#7915,#7942,.T.);
#7942 = LINE('',#7943,#7944);
#7943 = CARTESIAN_POINT('',(7.57,3.8,1.15));
#7944 = VECTOR('',#7945,1.);
#7945 = DIRECTION('',(0.,-0.,-1.));
#7946 = PLANE('',#7947);
#7947 = AXIS2_PLACEMENT_3D('',#7948,#7949,#7950);
#7948 = CARTESIAN_POINT('',(7.57,2.575,0.65));
#7949 = DIRECTION('',(-1.,-0.,0.));
#7950 = DIRECTION('',(0.,-0.,-1.));
#7951 = ADVANCED_FACE('',(#7952),#7968,.T.);
#7952 = FACE_BOUND('',#7953,.T.);
#7953 = EDGE_LOOP('',(#7954,#7960,#7961,#7967));
#7954 = ORIENTED_EDGE('',*,*,#7955,.T.);
#7955 = EDGE_CURVE('',#7934,#7555,#7956,.T.);
#7956 = LINE('',#7957,#7958);
#7957 = CARTESIAN_POINT('',(7.57,3.8,1.15));
#7958 = VECTOR('',#7959,1.);
#7959 = DIRECTION('',(-1.,-0.,0.));
#7960 = ORIENTED_EDGE('',*,*,#7554,.F.);
#7961 = ORIENTED_EDGE('',*,*,#7962,.F.);
#7962 = EDGE_CURVE('',#7915,#7547,#7963,.T.);
#7963 = LINE('',#7964,#7965);
#7964 = CARTESIAN_POINT('',(7.57,3.8,0.65));
#7965 = VECTOR('',#7966,1.);
#7966 = DIRECTION('',(-1.,0.,3.265361837121E-14));
#7967 = ORIENTED_EDGE('',*,*,#7941,.F.);
#7968 = PLANE('',#7969);
#7969 = AXIS2_PLACEMENT_3D('',#7970,#7971,#7972);
#7970 = CARTESIAN_POINT('',(7.6,3.8,0.9));
#7971 = DIRECTION('',(0.,-1.,0.));
#7972 = DIRECTION('',(-1.,0.,0.));
#7973 = ADVANCED_FACE('',(#7974),#7985,.T.);
#7974 = FACE_BOUND('',#7975,.T.);
#7975 = EDGE_LOOP('',(#7976,#7977,#7978,#7984));
#7976 = ORIENTED_EDGE('',*,*,#7897,.T.);
#7977 = ORIENTED_EDGE('',*,*,#7721,.T.);
#7978 = ORIENTED_EDGE('',*,*,#7979,.T.);
#7979 = EDGE_CURVE('',#7724,#7830,#7980,.T.);
#7980 = LINE('',#7981,#7982);
#7981 = CARTESIAN_POINT('',(-7.57,3.8,1.15));
#7982 = VECTOR('',#7983,1.);
#7983 = DIRECTION('',(1.,0.,0.));
#7984 = ORIENTED_EDGE('',*,*,#7857,.T.);
#7985 = PLANE('',#7986);
#7986 = AXIS2_PLACEMENT_3D('',#7987,#7988,#7989);
#7987 = CARTESIAN_POINT('',(0.,3.125,1.15));
#7988 = DIRECTION('',(0.,-0.,-1.));
#7989 = DIRECTION('',(-1.,-0.,0.));
#7990 = ADVANCED_FACE('',(#7991),#7997,.T.);
#7991 = FACE_BOUND('',#7992,.T.);
#7992 = EDGE_LOOP('',(#7993,#7994,#7995,#7996));
#7993 = ORIENTED_EDGE('',*,*,#7933,.F.);
#7994 = ORIENTED_EDGE('',*,*,#7871,.T.);
#7995 = ORIENTED_EDGE('',*,*,#7562,.F.);
#7996 = ORIENTED_EDGE('',*,*,#7955,.F.);
#7997 = PLANE('',#7998);
#7998 = AXIS2_PLACEMENT_3D('',#7999,#8000,#8001);
#7999 = CARTESIAN_POINT('',(0.,3.125,1.15));
#8000 = DIRECTION('',(0.,-0.,-1.));
#8001 = DIRECTION('',(-1.,-0.,0.));
#8002 = ADVANCED_FACE('',(#8003),#8014,.T.);
#8003 = FACE_BOUND('',#8004,.T.);
#8004 = EDGE_LOOP('',(#8005,#8006,#8012,#8013));
#8005 = ORIENTED_EDGE('',*,*,#7765,.T.);
#8006 = ORIENTED_EDGE('',*,*,#8007,.F.);
#8007 = EDGE_CURVE('',#7832,#7758,#8008,.T.);
#8008 = LINE('',#8009,#8010);
#8009 = CARTESIAN_POINT('',(-7.4,3.8,0.65));
#8010 = VECTOR('',#8011,1.);
#8011 = DIRECTION('',(-1.,-0.,-3.265361837135E-14));
#8012 = ORIENTED_EDGE('',*,*,#7829,.F.);
#8013 = ORIENTED_EDGE('',*,*,#7979,.F.);
#8014 = PLANE('',#8015);
#8015 = AXIS2_PLACEMENT_3D('',#8016,#8017,#8018);
#8016 = CARTESIAN_POINT('',(-7.6,3.8,0.9));
#8017 = DIRECTION('',(0.,-1.,0.));
#8018 = DIRECTION('',(-1.,0.,0.));
#8019 = ADVANCED_FACE('',(#8020),#8049,.T.);
#8020 = FACE_BOUND('',#8021,.T.);
#8021 = EDGE_LOOP('',(#8022,#8023,#8024,#8032,#8038,#8039,#8040,#8041,
    #8042,#8043));
#8022 = ORIENTED_EDGE('',*,*,#7418,.F.);
#8023 = ORIENTED_EDGE('',*,*,#7440,.F.);
#8024 = ORIENTED_EDGE('',*,*,#8025,.F.);
#8025 = EDGE_CURVE('',#8026,#7441,#8028,.T.);
#8026 = VERTEX_POINT('',#8027);
#8027 = CARTESIAN_POINT('',(7.8,3.8,0.65));
#8028 = LINE('',#8029,#8030);
#8029 = CARTESIAN_POINT('',(7.8,3.8,0.65));
#8030 = VECTOR('',#8031,1.);
#8031 = DIRECTION('',(0.258819045095,0.965925826291,-0.));
#8032 = ORIENTED_EDGE('',*,*,#8033,.F.);
#8033 = EDGE_CURVE('',#7915,#8026,#8034,.T.);
#8034 = LINE('',#8035,#8036);
#8035 = CARTESIAN_POINT('',(7.57,3.8,0.65));
#8036 = VECTOR('',#8037,1.);
#8037 = DIRECTION('',(1.,0.,0.));
#8038 = ORIENTED_EDGE('',*,*,#7962,.T.);
#8039 = ORIENTED_EDGE('',*,*,#7546,.F.);
#8040 = ORIENTED_EDGE('',*,*,#7481,.T.);
#8041 = ORIENTED_EDGE('',*,*,#7839,.T.);
#8042 = ORIENTED_EDGE('',*,*,#8007,.T.);
#8043 = ORIENTED_EDGE('',*,*,#8044,.F.);
#8044 = EDGE_CURVE('',#7419,#7758,#8045,.T.);
#8045 = LINE('',#8046,#8047);
#8046 = CARTESIAN_POINT('',(-7.8,3.8,0.65));
#8047 = VECTOR('',#8048,1.);
#8048 = DIRECTION('',(1.,0.,0.));
#8049 = PLANE('',#8050);
#8050 = AXIS2_PLACEMENT_3D('',#8051,#8052,#8053);
#8051 = CARTESIAN_POINT('',(-3.099742684753E-12,2.85,0.65));
#8052 = DIRECTION('',(0.,-0.,-1.));
#8053 = DIRECTION('',(-1.,-0.,0.));
#8054 = ADVANCED_FACE('',(#8055),#8089,.F.);
#8055 = FACE_BOUND('',#8056,.T.);
#8056 = EDGE_LOOP('',(#8057,#8058,#8059,#8060,#8061,#8067,#8068,#8074,
    #8075,#8081,#8082,#8083));
#8057 = ORIENTED_EDGE('',*,*,#7298,.F.);
#8058 = ORIENTED_EDGE('',*,*,#7426,.T.);
#8059 = ORIENTED_EDGE('',*,*,#8044,.T.);
#8060 = ORIENTED_EDGE('',*,*,#7757,.T.);
#8061 = ORIENTED_EDGE('',*,*,#8062,.T.);
#8062 = EDGE_CURVE('',#7750,#7106,#8063,.T.);
#8063 = LINE('',#8064,#8065);
#8064 = CARTESIAN_POINT('',(-7.57,3.8,0.15));
#8065 = VECTOR('',#8066,1.);
#8066 = DIRECTION('',(-1.,3.116281179465E-13,-4.598811752865E-13));
#8067 = ORIENTED_EDGE('',*,*,#7131,.F.);
#8068 = ORIENTED_EDGE('',*,*,#8069,.F.);
#8069 = EDGE_CURVE('',#7164,#7124,#8070,.T.);
#8070 = LINE('',#8071,#8072);
#8071 = CARTESIAN_POINT('',(7.86,3.8,1.8));
#8072 = VECTOR('',#8073,1.);
#8073 = DIRECTION('',(-1.,-0.,0.));
#8074 = ORIENTED_EDGE('',*,*,#7163,.F.);
#8075 = ORIENTED_EDGE('',*,*,#8076,.T.);
#8076 = EDGE_CURVE('',#7156,#7913,#8077,.T.);
#8077 = LINE('',#8078,#8079);
#8078 = CARTESIAN_POINT('',(7.86,3.8,0.15));
#8079 = VECTOR('',#8080,1.);
#8080 = DIRECTION('',(-1.,-3.116281179465E-13,4.597854664051E-13));
#8081 = ORIENTED_EDGE('',*,*,#7912,.T.);
#8082 = ORIENTED_EDGE('',*,*,#8033,.T.);
#8083 = ORIENTED_EDGE('',*,*,#8084,.F.);
#8084 = EDGE_CURVE('',#7257,#8026,#8085,.T.);
#8085 = LINE('',#8086,#8087);
#8086 = CARTESIAN_POINT('',(7.8,3.8,1.15));
#8087 = VECTOR('',#8088,1.);
#8088 = DIRECTION('',(0.,-0.,-1.));
#8089 = PLANE('',#8090);
#8090 = AXIS2_PLACEMENT_3D('',#8091,#8092,#8093);
#8091 = CARTESIAN_POINT('',(0.,3.8,0.975));
#8092 = DIRECTION('',(0.,-1.,0.));
#8093 = DIRECTION('',(-1.,0.,0.));
#8094 = ADVANCED_FACE('',(#8095),#8124,.F.);
#8095 = FACE_BOUND('',#8096,.T.);
#8096 = EDGE_LOOP('',(#8097,#8098,#8099,#8107,#8115,#8121,#8122,#8123));
#8097 = ORIENTED_EDGE('',*,*,#8025,.T.);
#8098 = ORIENTED_EDGE('',*,*,#7457,.T.);
#8099 = ORIENTED_EDGE('',*,*,#8100,.T.);
#8100 = EDGE_CURVE('',#7450,#8101,#8103,.T.);
#8101 = VERTEX_POINT('',#8102);
#8102 = CARTESIAN_POINT('',(7.923256628519,4.26,0.7));
#8103 = LINE('',#8104,#8105);
#8104 = CARTESIAN_POINT('',(7.920577136591,4.25,0.7));
#8105 = VECTOR('',#8106,1.);
#8106 = DIRECTION('',(0.258819045503,0.965925826182,6.734628619686E-12)
  );
#8107 = ORIENTED_EDGE('',*,*,#8108,.T.);
#8108 = EDGE_CURVE('',#8101,#8109,#8111,.T.);
#8109 = VERTEX_POINT('',#8110);
#8110 = CARTESIAN_POINT('',(7.923256628519,4.26,1.8));
#8111 = LINE('',#8112,#8113);
#8112 = CARTESIAN_POINT('',(7.923256628519,4.26,0.7));
#8113 = VECTOR('',#8114,1.);
#8114 = DIRECTION('',(-0.,4.117918127701E-14,1.));
#8115 = ORIENTED_EDGE('',*,*,#8116,.F.);
#8116 = EDGE_CURVE('',#7204,#8109,#8117,.T.);
#8117 = LINE('',#8118,#8119);
#8118 = CARTESIAN_POINT('',(7.826794919242,3.9,1.8));
#8119 = VECTOR('',#8120,1.);
#8120 = DIRECTION('',(0.258819045108,0.965925826288,1.370280062543E-14)
  );
#8121 = ORIENTED_EDGE('',*,*,#7203,.T.);
#8122 = ORIENTED_EDGE('',*,*,#7256,.T.);
#8123 = ORIENTED_EDGE('',*,*,#8084,.T.);
#8124 = PLANE('',#8125);
#8125 = AXIS2_PLACEMENT_3D('',#8126,#8127,#8128);
#8126 = CARTESIAN_POINT('',(7.861628314259,4.03,1.225));
#8127 = DIRECTION('',(-0.965925826289,0.258819045103,0.));
#8128 = DIRECTION('',(0.,0.,1.));
#8129 = ADVANCED_FACE('',(#8130),#8198,.T.);
#8130 = FACE_BOUND('',#8131,.T.);
#8131 = EDGE_LOOP('',(#8132,#8133,#8134,#8142,#8150,#8158,#8164,#8165,
    #8166,#8167,#8175,#8183,#8191,#8197));
#8132 = ORIENTED_EDGE('',*,*,#7449,.T.);
#8133 = ORIENTED_EDGE('',*,*,#7402,.T.);
#8134 = ORIENTED_EDGE('',*,*,#8135,.F.);
#8135 = EDGE_CURVE('',#8136,#7395,#8138,.T.);
#8136 = VERTEX_POINT('',#8137);
#8137 = CARTESIAN_POINT('',(-8.5,4.26,0.7));
#8138 = LINE('',#8139,#8140);
#8139 = CARTESIAN_POINT('',(-8.5,4.26,0.7));
#8140 = VECTOR('',#8141,1.);
#8141 = DIRECTION('',(1.,-9.547931496798E-14,0.));
#8142 = ORIENTED_EDGE('',*,*,#8143,.T.);
#8143 = EDGE_CURVE('',#8136,#8144,#8146,.T.);
#8144 = VERTEX_POINT('',#8145);
#8145 = CARTESIAN_POINT('',(-8.5,4.3,0.7));
#8146 = LINE('',#8147,#8148);
#8147 = CARTESIAN_POINT('',(-8.5,4.26,0.7));
#8148 = VECTOR('',#8149,1.);
#8149 = DIRECTION('',(-6.661338147748E-12,1.,-3.183564523111E-12));
#8150 = ORIENTED_EDGE('',*,*,#8151,.F.);
#8151 = EDGE_CURVE('',#8152,#8144,#8154,.T.);
#8152 = VERTEX_POINT('',#8153);
#8153 = CARTESIAN_POINT('',(-7.95,4.3,0.7));
#8154 = LINE('',#8155,#8156);
#8155 = CARTESIAN_POINT('',(-7.95,4.3,0.7));
#8156 = VECTOR('',#8157,1.);
#8157 = DIRECTION('',(-1.,0.,1.108204437308E-13));
#8158 = ORIENTED_EDGE('',*,*,#8159,.T.);
#8159 = EDGE_CURVE('',#8152,#6926,#8160,.T.);
#8160 = LINE('',#8161,#8162);
#8161 = CARTESIAN_POINT('',(-7.95,4.3,0.7));
#8162 = VECTOR('',#8163,1.);
#8163 = DIRECTION('',(1.56763491077E-12,1.,2.725597525454E-13));
#8164 = ORIENTED_EDGE('',*,*,#6949,.T.);
#8165 = ORIENTED_EDGE('',*,*,#6911,.T.);
#8166 = ORIENTED_EDGE('',*,*,#7091,.T.);
#8167 = ORIENTED_EDGE('',*,*,#8168,.T.);
#8168 = EDGE_CURVE('',#7084,#8169,#8171,.T.);
#8169 = VERTEX_POINT('',#8170);
#8170 = CARTESIAN_POINT('',(7.95,4.3,0.7));
#8171 = LINE('',#8172,#8173);
#8172 = CARTESIAN_POINT('',(7.95,4.5,0.7));
#8173 = VECTOR('',#8174,1.);
#8174 = DIRECTION('',(8.304468224193E-13,-1.,-2.731148640577E-13));
#8175 = ORIENTED_EDGE('',*,*,#8176,.F.);
#8176 = EDGE_CURVE('',#8177,#8169,#8179,.T.);
#8177 = VERTEX_POINT('',#8178);
#8178 = CARTESIAN_POINT('',(8.5,4.3,0.7));
#8179 = LINE('',#8180,#8181);
#8180 = CARTESIAN_POINT('',(8.5,4.3,0.7));
#8181 = VECTOR('',#8182,1.);
#8182 = DIRECTION('',(-1.,-0.,-1.108204437308E-13));
#8183 = ORIENTED_EDGE('',*,*,#8184,.F.);
#8184 = EDGE_CURVE('',#8185,#8177,#8187,.T.);
#8185 = VERTEX_POINT('',#8186);
#8186 = CARTESIAN_POINT('',(8.5,4.26,0.7));
#8187 = LINE('',#8188,#8189);
#8188 = CARTESIAN_POINT('',(8.5,4.26,0.7));
#8189 = VECTOR('',#8190,1.);
#8190 = DIRECTION('',(3.286260152889E-12,1.,-3.186340080673E-12));
#8191 = ORIENTED_EDGE('',*,*,#8192,.F.);
#8192 = EDGE_CURVE('',#8101,#8185,#8193,.T.);
#8193 = LINE('',#8194,#8195);
#8194 = CARTESIAN_POINT('',(7.923256628519,4.26,0.7));
#8195 = VECTOR('',#8196,1.);
#8196 = DIRECTION('',(1.,9.547931496818E-14,-0.));
#8197 = ORIENTED_EDGE('',*,*,#8100,.F.);
#8198 = PLANE('',#8199);
#8199 = AXIS2_PLACEMENT_3D('',#8200,#8201,#8202);
#8200 = CARTESIAN_POINT('',(0.,4.375,0.7));
#8201 = DIRECTION('',(0.,-0.,-1.));
#8202 = DIRECTION('',(-1.,-0.,0.));
#8203 = ADVANCED_FACE('',(#8204),#8245,.T.);
#8204 = FACE_BOUND('',#8205,.T.);
#8205 = EDGE_LOOP('',(#8206,#8214,#8215,#8223,#8229,#8230,#8231,#8239));
#8206 = ORIENTED_EDGE('',*,*,#8207,.T.);
#8207 = EDGE_CURVE('',#8208,#6742,#8210,.T.);
#8208 = VERTEX_POINT('',#8209);
#8209 = CARTESIAN_POINT('',(9.528090250517,4.26,1.15));
#8210 = LINE('',#8211,#8212);
#8211 = CARTESIAN_POINT('',(9.528090250517,4.26,1.15));
#8212 = VECTOR('',#8213,1.);
#8213 = DIRECTION('',(3.422447510578E-12,-1.006602208993E-13,-1.));
#8214 = ORIENTED_EDGE('',*,*,#6741,.T.);
#8215 = ORIENTED_EDGE('',*,*,#8216,.T.);
#8216 = EDGE_CURVE('',#6744,#8217,#8219,.T.);
#8217 = VERTEX_POINT('',#8218);
#8218 = CARTESIAN_POINT('',(10.2,4.26,1.8));
#8219 = LINE('',#8220,#8221);
#8220 = CARTESIAN_POINT('',(10.2,4.26,0.7));
#8221 = VECTOR('',#8222,1.);
#8222 = DIRECTION('',(-0.,4.117918127701E-14,1.));
#8223 = ORIENTED_EDGE('',*,*,#8224,.T.);
#8224 = EDGE_CURVE('',#8217,#8109,#8225,.T.);
#8225 = LINE('',#8226,#8227);
#8226 = CARTESIAN_POINT('',(10.2,4.26,1.8));
#8227 = VECTOR('',#8228,1.);
#8228 = DIRECTION('',(-1.,-2.438182182788E-14,0.));
#8229 = ORIENTED_EDGE('',*,*,#8108,.F.);
#8230 = ORIENTED_EDGE('',*,*,#8192,.T.);
#8231 = ORIENTED_EDGE('',*,*,#8232,.F.);
#8232 = EDGE_CURVE('',#8233,#8185,#8235,.T.);
#8233 = VERTEX_POINT('',#8234);
#8234 = CARTESIAN_POINT('',(8.5,4.26,1.15));
#8235 = LINE('',#8236,#8237);
#8236 = CARTESIAN_POINT('',(8.5,4.26,1.15));
#8237 = VECTOR('',#8238,1.);
#8238 = DIRECTION('',(-7.105427357601E-14,-1.006602208993E-13,-1.));
#8239 = ORIENTED_EDGE('',*,*,#8240,.T.);
#8240 = EDGE_CURVE('',#8233,#8208,#8241,.T.);
#8241 = LINE('',#8242,#8243);
#8242 = CARTESIAN_POINT('',(8.5,4.26,1.15));
#8243 = VECTOR('',#8244,1.);
#8244 = DIRECTION('',(1.,2.103623150674E-13,-0.));
#8245 = PLANE('',#8246);
#8246 = AXIS2_PLACEMENT_3D('',#8247,#8248,#8249);
#8247 = CARTESIAN_POINT('',(9.06162831426,4.26,1.25));
#8248 = DIRECTION('',(0.,-1.,0.));
#8249 = DIRECTION('',(-1.,0.,0.));
#8250 = ADVANCED_FACE('',(#8251),#8282,.F.);
#8251 = FACE_BOUND('',#8252,.T.);
#8252 = EDGE_LOOP('',(#8253,#8254,#8262,#8268,#8269,#8270,#8271,#8272,
    #8273,#8274,#8275,#8276));
#8253 = ORIENTED_EDGE('',*,*,#7036,.T.);
#8254 = ORIENTED_EDGE('',*,*,#8255,.F.);
#8255 = EDGE_CURVE('',#8256,#7029,#8258,.T.);
#8256 = VERTEX_POINT('',#8257);
#8257 = CARTESIAN_POINT('',(-10.2,4.26,1.8));
#8258 = LINE('',#8259,#8260);
#8259 = CARTESIAN_POINT('',(-10.2,4.26,1.8));
#8260 = VECTOR('',#8261,1.);
#8261 = DIRECTION('',(0.,1.,-5.78596999372E-14));
#8262 = ORIENTED_EDGE('',*,*,#8263,.F.);
#8263 = EDGE_CURVE('',#7387,#8256,#8264,.T.);
#8264 = LINE('',#8265,#8266);
#8265 = CARTESIAN_POINT('',(-7.923256628518,4.26,1.8));
#8266 = VECTOR('',#8267,1.);
#8267 = DIRECTION('',(-1.,2.438182182787E-14,0.));
#8268 = ORIENTED_EDGE('',*,*,#7386,.T.);
#8269 = ORIENTED_EDGE('',*,*,#7370,.T.);
#8270 = ORIENTED_EDGE('',*,*,#7336,.T.);
#8271 = ORIENTED_EDGE('',*,*,#7313,.F.);
#8272 = ORIENTED_EDGE('',*,*,#7234,.T.);
#8273 = ORIENTED_EDGE('',*,*,#7211,.T.);
#8274 = ORIENTED_EDGE('',*,*,#8116,.T.);
#8275 = ORIENTED_EDGE('',*,*,#8224,.F.);
#8276 = ORIENTED_EDGE('',*,*,#8277,.F.);
#8277 = EDGE_CURVE('',#7013,#8217,#8278,.T.);
#8278 = LINE('',#8279,#8280);
#8279 = CARTESIAN_POINT('',(10.2,5.3,1.8));
#8280 = VECTOR('',#8281,1.);
#8281 = DIRECTION('',(0.,-1.,5.743269108157E-14));
#8282 = PLANE('',#8283);
#8283 = AXIS2_PLACEMENT_3D('',#8284,#8285,#8286);
#8284 = CARTESIAN_POINT('',(0.,4.6,1.8));
#8285 = DIRECTION('',(0.,-0.,-1.));
#8286 = DIRECTION('',(-1.,-0.,0.));
#8287 = ADVANCED_FACE('',(#8288),#8322,.T.);
#8288 = FACE_BOUND('',#8289,.T.);
#8289 = EDGE_LOOP('',(#8290,#8300,#8308,#8316));
#8290 = ORIENTED_EDGE('',*,*,#8291,.F.);
#8291 = EDGE_CURVE('',#8292,#8294,#8296,.T.);
#8292 = VERTEX_POINT('',#8293);
#8293 = CARTESIAN_POINT('',(-9.535143329744,4.3,0.7));
#8294 = VERTEX_POINT('',#8295);
#8295 = CARTESIAN_POINT('',(-10.2,4.3,0.7));
#8296 = LINE('',#8297,#8298);
#8297 = CARTESIAN_POINT('',(-9.535143329744,4.3,0.7));
#8298 = VECTOR('',#8299,1.);
#8299 = DIRECTION('',(-1.,-1.262420374445E-13,0.));
#8300 = ORIENTED_EDGE('',*,*,#8301,.F.);
#8301 = EDGE_CURVE('',#8302,#8292,#8304,.T.);
#8302 = VERTEX_POINT('',#8303);
#8303 = CARTESIAN_POINT('',(-9.528090250516,4.26,0.7));
#8304 = LINE('',#8305,#8306);
#8305 = CARTESIAN_POINT('',(-9.528090250516,4.26,0.7));
#8306 = VECTOR('',#8307,1.);
#8307 = DIRECTION('',(-0.173648177667,0.984807753012,-3.135199024585E-12
    ));
#8308 = ORIENTED_EDGE('',*,*,#8309,.F.);
#8309 = EDGE_CURVE('',#8310,#8302,#8312,.T.);
#8310 = VERTEX_POINT('',#8311);
#8311 = CARTESIAN_POINT('',(-10.2,4.26,0.7));
#8312 = LINE('',#8313,#8314);
#8313 = CARTESIAN_POINT('',(-10.2,4.26,0.7));
#8314 = VECTOR('',#8315,1.);
#8315 = DIRECTION('',(1.,3.225366718867E-13,-0.));
#8316 = ORIENTED_EDGE('',*,*,#8317,.F.);
#8317 = EDGE_CURVE('',#8294,#8310,#8318,.T.);
#8318 = LINE('',#8319,#8320);
#8319 = CARTESIAN_POINT('',(-10.2,4.3,0.7));
#8320 = VECTOR('',#8321,1.);
#8321 = DIRECTION('',(6.661338147748E-13,-1.,3.183564523111E-12));
#8322 = PLANE('',#8323);
#8323 = AXIS2_PLACEMENT_3D('',#8324,#8325,#8326);
#8324 = CARTESIAN_POINT('',(-9.864045125258,4.28,0.7));
#8325 = DIRECTION('',(0.,-0.,-1.));
#8326 = DIRECTION('',(-1.,-0.,0.));
#8327 = ADVANCED_FACE('',(#8328),#8362,.T.);
#8328 = FACE_BOUND('',#8329,.T.);
#8329 = EDGE_LOOP('',(#8330,#8338,#8339,#8340,#8341,#8347,#8348,#8356));
#8330 = ORIENTED_EDGE('',*,*,#8331,.T.);
#8331 = EDGE_CURVE('',#8332,#8136,#8334,.T.);
#8332 = VERTEX_POINT('',#8333);
#8333 = CARTESIAN_POINT('',(-8.499999999999,4.26,1.15));
#8334 = LINE('',#8335,#8336);
#8335 = CARTESIAN_POINT('',(-8.499999999999,4.26,1.15));
#8336 = VECTOR('',#8337,1.);
#8337 = DIRECTION('',(-2.743484451963E-12,-1.006602208993E-13,-1.));
#8338 = ORIENTED_EDGE('',*,*,#8135,.T.);
#8339 = ORIENTED_EDGE('',*,*,#7394,.T.);
#8340 = ORIENTED_EDGE('',*,*,#8263,.T.);
#8341 = ORIENTED_EDGE('',*,*,#8342,.T.);
#8342 = EDGE_CURVE('',#8256,#8310,#8343,.T.);
#8343 = LINE('',#8344,#8345);
#8344 = CARTESIAN_POINT('',(-10.2,4.26,1.8));
#8345 = VECTOR('',#8346,1.);
#8346 = DIRECTION('',(0.,-4.158289874051E-14,-1.));
#8347 = ORIENTED_EDGE('',*,*,#8309,.T.);
#8348 = ORIENTED_EDGE('',*,*,#8349,.T.);
#8349 = EDGE_CURVE('',#8302,#8350,#8352,.T.);
#8350 = VERTEX_POINT('',#8351);
#8351 = CARTESIAN_POINT('',(-9.528090250516,4.26,1.15));
#8352 = LINE('',#8353,#8354);
#8353 = CARTESIAN_POINT('',(-9.528090250516,4.26,0.7));
#8354 = VECTOR('',#8355,1.);
#8355 = DIRECTION('',(-6.315935428979E-14,1.006602208993E-13,1.));
#8356 = ORIENTED_EDGE('',*,*,#8357,.T.);
#8357 = EDGE_CURVE('',#8350,#8332,#8358,.T.);
#8358 = LINE('',#8359,#8360);
#8359 = CARTESIAN_POINT('',(-9.528090250516,4.26,1.15));
#8360 = VECTOR('',#8361,1.);
#8361 = DIRECTION('',(1.,-2.107942705398E-13,0.));
#8362 = PLANE('',#8363);
#8363 = AXIS2_PLACEMENT_3D('',#8364,#8365,#8366);
#8364 = CARTESIAN_POINT('',(-9.061628314259,4.26,1.25));
#8365 = DIRECTION('',(0.,-1.,0.));
#8366 = DIRECTION('',(-1.,0.,0.));
#8367 = ADVANCED_FACE('',(#8368),#8402,.T.);
#8368 = FACE_BOUND('',#8369,.T.);
#8369 = EDGE_LOOP('',(#8370,#8380,#8388,#8396));
#8370 = ORIENTED_EDGE('',*,*,#8371,.T.);
#8371 = EDGE_CURVE('',#8372,#8374,#8376,.T.);
#8372 = VERTEX_POINT('',#8373);
#8373 = CARTESIAN_POINT('',(-9.349999999999,0.35,1.15));
#8374 = VERTEX_POINT('',#8375);
#8375 = CARTESIAN_POINT('',(-9.349999999999,3.25,1.15));
#8376 = LINE('',#8377,#8378);
#8377 = CARTESIAN_POINT('',(-9.349999999999,0.35,1.15));
#8378 = VECTOR('',#8379,1.);
#8379 = DIRECTION('',(2.45014736469E-14,1.,-0.));
#8380 = ORIENTED_EDGE('',*,*,#8381,.F.);
#8381 = EDGE_CURVE('',#8382,#8374,#8384,.T.);
#8382 = VERTEX_POINT('',#8383);
#8383 = CARTESIAN_POINT('',(-9.349999999999,3.25,-1.1));
#8384 = LINE('',#8385,#8386);
#8385 = CARTESIAN_POINT('',(-9.349999999999,3.25,-1.1));
#8386 = VECTOR('',#8387,1.);
#8387 = DIRECTION('',(0.,0.,1.));
#8388 = ORIENTED_EDGE('',*,*,#8389,.F.);
#8389 = EDGE_CURVE('',#8390,#8382,#8392,.T.);
#8390 = VERTEX_POINT('',#8391);
#8391 = CARTESIAN_POINT('',(-9.349999999999,0.35,-1.1));
#8392 = LINE('',#8393,#8394);
#8393 = CARTESIAN_POINT('',(-9.349999999999,0.35,-1.1));
#8394 = VECTOR('',#8395,1.);
#8395 = DIRECTION('',(2.388893680573E-14,1.,-0.));
#8396 = ORIENTED_EDGE('',*,*,#8397,.F.);
#8397 = EDGE_CURVE('',#8372,#8390,#8398,.T.);
#8398 = LINE('',#8399,#8400);
#8399 = CARTESIAN_POINT('',(-9.349999999999,0.35,1.15));
#8400 = VECTOR('',#8401,1.);
#8401 = DIRECTION('',(0.,-0.,-1.));
#8402 = PLANE('',#8403);
#8403 = AXIS2_PLACEMENT_3D('',#8404,#8405,#8406);
#8404 = CARTESIAN_POINT('',(-9.35,1.8,2.5E-02));
#8405 = DIRECTION('',(-1.,-0.,0.));
#8406 = DIRECTION('',(0.,-0.,-1.));
#8407 = ADVANCED_FACE('',(#8408),#8433,.T.);
#8408 = FACE_BOUND('',#8409,.T.);
#8409 = EDGE_LOOP('',(#8410,#8418,#8419,#8427));
#8410 = ORIENTED_EDGE('',*,*,#8411,.T.);
#8411 = EDGE_CURVE('',#8412,#8372,#8414,.T.);
#8412 = VERTEX_POINT('',#8413);
#8413 = CARTESIAN_POINT('',(-9.040605170123,0.35,1.15));
#8414 = LINE('',#8415,#8416);
#8415 = CARTESIAN_POINT('',(-9.040605170123,0.35,1.15));
#8416 = VECTOR('',#8417,1.);
#8417 = DIRECTION('',(-1.,-0.,0.));
#8418 = ORIENTED_EDGE('',*,*,#8397,.T.);
#8419 = ORIENTED_EDGE('',*,*,#8420,.F.);
#8420 = EDGE_CURVE('',#8421,#8390,#8423,.T.);
#8421 = VERTEX_POINT('',#8422);
#8422 = CARTESIAN_POINT('',(-9.040605170123,0.35,-1.1));
#8423 = LINE('',#8424,#8425);
#8424 = CARTESIAN_POINT('',(-9.040605170123,0.35,-1.1));
#8425 = VECTOR('',#8426,1.);
#8426 = DIRECTION('',(-1.,-0.,0.));
#8427 = ORIENTED_EDGE('',*,*,#8428,.F.);
#8428 = EDGE_CURVE('',#8412,#8421,#8429,.T.);
#8429 = LINE('',#8430,#8431);
#8430 = CARTESIAN_POINT('',(-9.040605170123,0.35,1.15));
#8431 = VECTOR('',#8432,1.);
#8432 = DIRECTION('',(0.,-0.,-1.));
#8433 = PLANE('',#8434);
#8434 = AXIS2_PLACEMENT_3D('',#8435,#8436,#8437);
#8435 = CARTESIAN_POINT('',(-8.925,0.35,2.5E-02));
#8436 = DIRECTION('',(0.,-1.,0.));
#8437 = DIRECTION('',(-1.,0.,0.));
#8438 = ADVANCED_FACE('',(#8439),#8472,.F.);
#8439 = FACE_BOUND('',#8440,.T.);
#8440 = EDGE_LOOP('',(#8441,#8449,#8450,#8456,#8457,#8458,#8466));
#8441 = ORIENTED_EDGE('',*,*,#8442,.T.);
#8442 = EDGE_CURVE('',#8443,#8332,#8445,.T.);
#8443 = VERTEX_POINT('',#8444);
#8444 = CARTESIAN_POINT('',(-8.5,4.25,1.15));
#8445 = LINE('',#8446,#8447);
#8446 = CARTESIAN_POINT('',(-8.5,4.25,1.15));
#8447 = VECTOR('',#8448,1.);
#8448 = DIRECTION('',(1.234568003383E-10,1.,6.394884621841E-12));
#8449 = ORIENTED_EDGE('',*,*,#8357,.F.);
#8450 = ORIENTED_EDGE('',*,*,#8451,.F.);
#8451 = EDGE_CURVE('',#8374,#8350,#8452,.T.);
#8452 = LINE('',#8453,#8454);
#8453 = CARTESIAN_POINT('',(-9.349999999999,3.25,1.15));
#8454 = VECTOR('',#8455,1.);
#8455 = DIRECTION('',(-0.173648177668,0.984807753012,6.235378173469E-14)
  );
#8456 = ORIENTED_EDGE('',*,*,#8371,.F.);
#8457 = ORIENTED_EDGE('',*,*,#8411,.F.);
#8458 = ORIENTED_EDGE('',*,*,#8459,.F.);
#8459 = EDGE_CURVE('',#8460,#8412,#8462,.T.);
#8460 = VERTEX_POINT('',#8461);
#8461 = CARTESIAN_POINT('',(-9.040605170123,4.25,1.15));
#8462 = LINE('',#8463,#8464);
#8463 = CARTESIAN_POINT('',(-9.040605170123,4.25,1.15));
#8464 = VECTOR('',#8465,1.);
#8465 = DIRECTION('',(0.,-1.,0.));
#8466 = ORIENTED_EDGE('',*,*,#8467,.T.);
#8467 = EDGE_CURVE('',#8460,#8443,#8468,.T.);
#8468 = LINE('',#8469,#8470);
#8469 = CARTESIAN_POINT('',(-9.040605170123,4.25,1.15));
#8470 = VECTOR('',#8471,1.);
#8471 = DIRECTION('',(1.,0.,0.));
#8472 = PLANE('',#8473);
#8473 = AXIS2_PLACEMENT_3D('',#8474,#8475,#8476);
#8474 = CARTESIAN_POINT('',(-9.014045125256,2.305,1.15));
#8475 = DIRECTION('',(0.,-0.,-1.));
#8476 = DIRECTION('',(-1.,-0.,0.));
#8477 = ADVANCED_FACE('',(#8478),#8516,.T.);
#8478 = FACE_BOUND('',#8479,.T.);
#8479 = EDGE_LOOP('',(#8480,#8481,#8489,#8495,#8501,#8502,#8508,#8509,
    #8515));
#8480 = ORIENTED_EDGE('',*,*,#8428,.T.);
#8481 = ORIENTED_EDGE('',*,*,#8482,.F.);
#8482 = EDGE_CURVE('',#8483,#8421,#8485,.T.);
#8483 = VERTEX_POINT('',#8484);
#8484 = CARTESIAN_POINT('',(-9.040605170123,0.97,-1.1));
#8485 = LINE('',#8486,#8487);
#8486 = CARTESIAN_POINT('',(-9.040605170123,0.97,-1.1));
#8487 = VECTOR('',#8488,1.);
#8488 = DIRECTION('',(0.,-1.,0.));
#8489 = ORIENTED_EDGE('',*,*,#8490,.T.);
#8490 = EDGE_CURVE('',#8483,#3555,#8491,.T.);
#8491 = LINE('',#8492,#8493);
#8492 = CARTESIAN_POINT('',(-9.040605170123,0.97,-1.1));
#8493 = VECTOR('',#8494,1.);
#8494 = DIRECTION('',(1.46016532199E-11,0.,-1.));
#8495 = ORIENTED_EDGE('',*,*,#8496,.T.);
#8496 = EDGE_CURVE('',#3555,#6617,#8497,.T.);
#8497 = LINE('',#8498,#8499);
#8498 = CARTESIAN_POINT('',(-9.040605170122,0.97,-1.15));
#8499 = VECTOR('',#8500,1.);
#8500 = DIRECTION('',(1.431534629399E-12,7.45808643601E-13,-1.));
#8501 = ORIENTED_EDGE('',*,*,#6616,.F.);
#8502 = ORIENTED_EDGE('',*,*,#8503,.T.);
#8503 = EDGE_CURVE('',#6609,#6710,#8504,.T.);
#8504 = LINE('',#8505,#8506);
#8505 = CARTESIAN_POINT('',(-9.040605170122,5.E-02,-1.32));
#8506 = VECTOR('',#8507,1.);
#8507 = DIRECTION('',(1.057355261548E-14,5.057682667737E-14,1.));
#8508 = ORIENTED_EDGE('',*,*,#6727,.T.);
#8509 = ORIENTED_EDGE('',*,*,#8510,.T.);
#8510 = EDGE_CURVE('',#6720,#8460,#8511,.T.);
#8511 = LINE('',#8512,#8513);
#8512 = CARTESIAN_POINT('',(-9.040605170123,4.25,1.2));
#8513 = VECTOR('',#8514,1.);
#8514 = DIRECTION('',(-1.350031197944E-12,-0.,-1.));
#8515 = ORIENTED_EDGE('',*,*,#8459,.T.);
#8516 = PLANE('',#8517);
#8517 = AXIS2_PLACEMENT_3D('',#8518,#8519,#8520);
#8518 = CARTESIAN_POINT('',(-9.040605170123,2.15,-6.E-02));
#8519 = DIRECTION('',(-1.,-0.,0.));
#8520 = DIRECTION('',(0.,-0.,-1.));
#8521 = ADVANCED_FACE('',(#8522),#8549,.T.);
#8522 = FACE_BOUND('',#8523,.T.);
#8523 = EDGE_LOOP('',(#8524,#8525,#8526,#8532,#8533,#8541,#8547,#8548));
#8524 = ORIENTED_EDGE('',*,*,#3554,.T.);
#8525 = ORIENTED_EDGE('',*,*,#3585,.F.);
#8526 = ORIENTED_EDGE('',*,*,#8527,.F.);
#8527 = EDGE_CURVE('',#3603,#3578,#8528,.T.);
#8528 = LINE('',#8529,#8530);
#8529 = CARTESIAN_POINT('',(9.5,0.97,-1.8));
#8530 = VECTOR('',#8531,1.);
#8531 = DIRECTION('',(-1.,-0.,0.));
#8532 = ORIENTED_EDGE('',*,*,#3600,.F.);
#8533 = ORIENTED_EDGE('',*,*,#8534,.F.);
#8534 = EDGE_CURVE('',#8535,#3601,#8537,.T.);
#8535 = VERTEX_POINT('',#8536);
#8536 = CARTESIAN_POINT('',(9.040605170124,0.97,-1.15));
#8537 = LINE('',#8538,#8539);
#8538 = CARTESIAN_POINT('',(9.040605170124,0.97,-1.15));
#8539 = VECTOR('',#8540,1.);
#8540 = DIRECTION('',(1.,0.,6.718447417644E-14));
#8541 = ORIENTED_EDGE('',*,*,#8542,.F.);
#8542 = EDGE_CURVE('',#6599,#8535,#8543,.T.);
#8543 = LINE('',#8544,#8545);
#8544 = CARTESIAN_POINT('',(9.040605170125,0.97,-1.32));
#8545 = VECTOR('',#8546,1.);
#8546 = DIRECTION('',(-2.330162206978E-12,-7.45808643601E-13,1.));
#8547 = ORIENTED_EDGE('',*,*,#6624,.F.);
#8548 = ORIENTED_EDGE('',*,*,#8496,.F.);
#8549 = PLANE('',#8550);
#8550 = AXIS2_PLACEMENT_3D('',#8551,#8552,#8553);
#8551 = CARTESIAN_POINT('',(0.,0.97,-1.475));
#8552 = DIRECTION('',(0.,-1.,0.));
#8553 = DIRECTION('',(-1.,0.,0.));
#8554 = ADVANCED_FACE('',(#8555),#8575,.T.);
#8555 = FACE_BOUND('',#8556,.T.);
#8556 = EDGE_LOOP('',(#8557,#8558,#8559,#8567,#8573,#8574));
#8557 = ORIENTED_EDGE('',*,*,#3577,.F.);
#8558 = ORIENTED_EDGE('',*,*,#3508,.T.);
#8559 = ORIENTED_EDGE('',*,*,#8560,.T.);
#8560 = EDGE_CURVE('',#3501,#8561,#8563,.T.);
#8561 = VERTEX_POINT('',#8562);
#8562 = CARTESIAN_POINT('',(9.3,4.25,-1.8));
#8563 = LINE('',#8564,#8565);
#8564 = CARTESIAN_POINT('',(-9.3,4.25,-1.8));
#8565 = VECTOR('',#8566,1.);
#8566 = DIRECTION('',(1.,0.,0.));
#8567 = ORIENTED_EDGE('',*,*,#8568,.T.);
#8568 = EDGE_CURVE('',#8561,#3611,#8569,.T.);
#8569 = LINE('',#8570,#8571);
#8570 = CARTESIAN_POINT('',(9.3,4.25,-1.8));
#8571 = VECTOR('',#8572,1.);
#8572 = DIRECTION('',(0.707106781187,-0.707106781186,0.));
#8573 = ORIENTED_EDGE('',*,*,#3610,.T.);
#8574 = ORIENTED_EDGE('',*,*,#8527,.T.);
#8575 = PLANE('',#8576);
#8576 = AXIS2_PLACEMENT_3D('',#8577,#8578,#8579);
#8577 = CARTESIAN_POINT('',(0.,2.61,-1.8));
#8578 = DIRECTION('',(0.,-0.,-1.));
#8579 = DIRECTION('',(-1.,-0.,0.));
#8580 = ADVANCED_FACE('',(#8581),#8599,.F.);
#8581 = FACE_BOUND('',#8582,.T.);
#8582 = EDGE_LOOP('',(#8583,#8584,#8585,#8593));
#8583 = ORIENTED_EDGE('',*,*,#3618,.F.);
#8584 = ORIENTED_EDGE('',*,*,#8568,.F.);
#8585 = ORIENTED_EDGE('',*,*,#8586,.T.);
#8586 = EDGE_CURVE('',#8561,#8587,#8589,.T.);
#8587 = VERTEX_POINT('',#8588);
#8588 = CARTESIAN_POINT('',(9.3,4.25,-1.15));
#8589 = LINE('',#8590,#8591);
#8590 = CARTESIAN_POINT('',(9.3,4.25,-1.8));
#8591 = VECTOR('',#8592,1.);
#8592 = DIRECTION('',(0.,0.,1.));
#8593 = ORIENTED_EDGE('',*,*,#8594,.F.);
#8594 = EDGE_CURVE('',#3619,#8587,#8595,.T.);
#8595 = LINE('',#8596,#8597);
#8596 = CARTESIAN_POINT('',(9.5,4.05,-1.15));
#8597 = VECTOR('',#8598,1.);
#8598 = DIRECTION('',(-0.707106781187,0.707106781186,0.));
#8599 = PLANE('',#8600);
#8600 = AXIS2_PLACEMENT_3D('',#8601,#8602,#8603);
#8601 = CARTESIAN_POINT('',(9.4,4.15,-1.475));
#8602 = DIRECTION('',(-0.707106781187,-0.707106781187,0.));
#8603 = DIRECTION('',(0.,0.,1.));
#8604 = ADVANCED_FACE('',(#8605),#8632,.F.);
#8605 = FACE_BOUND('',#8606,.T.);
#8606 = EDGE_LOOP('',(#8607,#8608,#8609,#8610,#8618,#8626));
#8607 = ORIENTED_EDGE('',*,*,#8534,.T.);
#8608 = ORIENTED_EDGE('',*,*,#3626,.F.);
#8609 = ORIENTED_EDGE('',*,*,#8594,.T.);
#8610 = ORIENTED_EDGE('',*,*,#8611,.T.);
#8611 = EDGE_CURVE('',#8587,#8612,#8614,.T.);
#8612 = VERTEX_POINT('',#8613);
#8613 = CARTESIAN_POINT('',(8.47,4.25,-1.15));
#8614 = LINE('',#8615,#8616);
#8615 = CARTESIAN_POINT('',(9.3,4.25,-1.15));
#8616 = VECTOR('',#8617,1.);
#8617 = DIRECTION('',(-1.,1.037991647119E-13,0.));
#8618 = ORIENTED_EDGE('',*,*,#8619,.T.);
#8619 = EDGE_CURVE('',#8612,#8620,#8622,.T.);
#8620 = VERTEX_POINT('',#8621);
#8621 = CARTESIAN_POINT('',(8.469999999999,0.97,-1.15));
#8622 = LINE('',#8623,#8624);
#8623 = CARTESIAN_POINT('',(8.47,4.25,-1.15));
#8624 = VECTOR('',#8625,1.);
#8625 = DIRECTION('',(-2.085052997467E-13,-1.,0.));
#8626 = ORIENTED_EDGE('',*,*,#8627,.T.);
#8627 = EDGE_CURVE('',#8620,#8535,#8628,.T.);
#8628 = LINE('',#8629,#8630);
#8629 = CARTESIAN_POINT('',(8.469999999999,0.97,-1.15));
#8630 = VECTOR('',#8631,1.);
#8631 = DIRECTION('',(1.,0.,1.630491526097E-13));
#8632 = PLANE('',#8633);
#8633 = AXIS2_PLACEMENT_3D('',#8634,#8635,#8636);
#8634 = CARTESIAN_POINT('',(8.985,2.61,-1.15));
#8635 = DIRECTION('',(0.,-0.,-1.));
#8636 = DIRECTION('',(-1.,-0.,0.));
#8637 = ADVANCED_FACE('',(#8638),#8679,.F.);
#8638 = FACE_BOUND('',#8639,.T.);
#8639 = EDGE_LOOP('',(#8640,#8650,#8656,#8657,#8665,#8673));
#8640 = ORIENTED_EDGE('',*,*,#8641,.F.);
#8641 = EDGE_CURVE('',#8642,#8644,#8646,.T.);
#8642 = VERTEX_POINT('',#8643);
#8643 = CARTESIAN_POINT('',(9.040605170123,0.97,-1.1));
#8644 = VERTEX_POINT('',#8645);
#8645 = CARTESIAN_POINT('',(8.5,0.97,-1.1));
#8646 = LINE('',#8647,#8648);
#8647 = CARTESIAN_POINT('',(9.040605170123,0.97,-1.1));
#8648 = VECTOR('',#8649,1.);
#8649 = DIRECTION('',(-1.,-0.,0.));
#8650 = ORIENTED_EDGE('',*,*,#8651,.T.);
#8651 = EDGE_CURVE('',#8642,#8535,#8652,.T.);
#8652 = LINE('',#8653,#8654);
#8653 = CARTESIAN_POINT('',(9.040605170123,0.97,-1.1));
#8654 = VECTOR('',#8655,1.);
#8655 = DIRECTION('',(2.387423592158E-11,0.,-1.));
#8656 = ORIENTED_EDGE('',*,*,#8627,.F.);
#8657 = ORIENTED_EDGE('',*,*,#8658,.T.);
#8658 = EDGE_CURVE('',#8620,#8659,#8661,.T.);
#8659 = VERTEX_POINT('',#8660);
#8660 = CARTESIAN_POINT('',(8.469999999999,0.97,-0.6));
#8661 = LINE('',#8662,#8663);
#8662 = CARTESIAN_POINT('',(8.469999999999,0.97,-1.15));
#8663 = VECTOR('',#8664,1.);
#8664 = DIRECTION('',(0.,0.,1.));
#8665 = ORIENTED_EDGE('',*,*,#8666,.T.);
#8666 = EDGE_CURVE('',#8659,#8667,#8669,.T.);
#8667 = VERTEX_POINT('',#8668);
#8668 = CARTESIAN_POINT('',(8.5,0.97,-0.6));
#8669 = LINE('',#8670,#8671);
#8670 = CARTESIAN_POINT('',(8.469999999999,0.97,-0.6));
#8671 = VECTOR('',#8672,1.);
#8672 = DIRECTION('',(1.,0.,0.));
#8673 = ORIENTED_EDGE('',*,*,#8674,.T.);
#8674 = EDGE_CURVE('',#8667,#8644,#8675,.T.);
#8675 = LINE('',#8676,#8677);
#8676 = CARTESIAN_POINT('',(8.5,0.97,-0.6));
#8677 = VECTOR('',#8678,1.);
#8678 = DIRECTION('',(0.,-0.,-1.));
#8679 = PLANE('',#8680);
#8680 = AXIS2_PLACEMENT_3D('',#8681,#8682,#8683);
#8681 = CARTESIAN_POINT('',(8.755302585063,0.97,-0.875));
#8682 = DIRECTION('',(0.,-1.,0.));
#8683 = DIRECTION('',(-1.,0.,0.));
#8684 = ADVANCED_FACE('',(#8685),#8703,.F.);
#8685 = FACE_BOUND('',#8686,.T.);
#8686 = EDGE_LOOP('',(#8687,#8688,#8696,#8702));
#8687 = ORIENTED_EDGE('',*,*,#8619,.F.);
#8688 = ORIENTED_EDGE('',*,*,#8689,.F.);
#8689 = EDGE_CURVE('',#8690,#8612,#8692,.T.);
#8690 = VERTEX_POINT('',#8691);
#8691 = CARTESIAN_POINT('',(8.47,4.25,-0.6));
#8692 = LINE('',#8693,#8694);
#8693 = CARTESIAN_POINT('',(8.47,4.25,-0.6));
#8694 = VECTOR('',#8695,1.);
#8695 = DIRECTION('',(0.,-0.,-1.));
#8696 = ORIENTED_EDGE('',*,*,#8697,.F.);
#8697 = EDGE_CURVE('',#8659,#8690,#8698,.T.);
#8698 = LINE('',#8699,#8700);
#8699 = CARTESIAN_POINT('',(8.469999999999,0.97,-0.6));
#8700 = VECTOR('',#8701,1.);
#8701 = DIRECTION('',(2.085052997467E-13,1.,-0.));
#8702 = ORIENTED_EDGE('',*,*,#8658,.F.);
#8703 = PLANE('',#8704);
#8704 = AXIS2_PLACEMENT_3D('',#8705,#8706,#8707);
#8705 = CARTESIAN_POINT('',(8.47,2.61,-0.875));
#8706 = DIRECTION('',(-1.,-0.,0.));
#8707 = DIRECTION('',(0.,-0.,-1.));
#8708 = ADVANCED_FACE('',(#8709),#8727,.T.);
#8709 = FACE_BOUND('',#8710,.T.);
#8710 = EDGE_LOOP('',(#8711,#8712,#8713,#8721));
#8711 = ORIENTED_EDGE('',*,*,#8666,.F.);
#8712 = ORIENTED_EDGE('',*,*,#8697,.T.);
#8713 = ORIENTED_EDGE('',*,*,#8714,.F.);
#8714 = EDGE_CURVE('',#8715,#8690,#8717,.T.);
#8715 = VERTEX_POINT('',#8716);
#8716 = CARTESIAN_POINT('',(8.5,4.25,-0.6));
#8717 = LINE('',#8718,#8719);
#8718 = CARTESIAN_POINT('',(8.5,4.25,-0.6));
#8719 = VECTOR('',#8720,1.);
#8720 = DIRECTION('',(-1.,-0.,0.));
#8721 = ORIENTED_EDGE('',*,*,#8722,.T.);
#8722 = EDGE_CURVE('',#8715,#8667,#8723,.T.);
#8723 = LINE('',#8724,#8725);
#8724 = CARTESIAN_POINT('',(8.5,4.25,-0.6));
#8725 = VECTOR('',#8726,1.);
#8726 = DIRECTION('',(0.,-1.,0.));
#8727 = PLANE('',#8728);
#8728 = AXIS2_PLACEMENT_3D('',#8729,#8730,#8731);
#8729 = CARTESIAN_POINT('',(8.755302585062,2.61,-0.6));
#8730 = DIRECTION('',(0.,-0.,-1.));
#8731 = DIRECTION('',(-1.,-0.,0.));
#8732 = ADVANCED_FACE('',(#8733),#8783,.T.);
#8733 = FACE_BOUND('',#8734,.T.);
#8734 = EDGE_LOOP('',(#8735,#8743,#8749,#8750,#8751,#8759,#8767,#8775,
    #8781,#8782));
#8735 = ORIENTED_EDGE('',*,*,#8736,.T.);
#8736 = EDGE_CURVE('',#8715,#8737,#8739,.T.);
#8737 = VERTEX_POINT('',#8738);
#8738 = CARTESIAN_POINT('',(8.5,4.25,1.15));
#8739 = LINE('',#8740,#8741);
#8740 = CARTESIAN_POINT('',(8.5,4.25,-0.6));
#8741 = VECTOR('',#8742,1.);
#8742 = DIRECTION('',(0.,0.,1.));
#8743 = ORIENTED_EDGE('',*,*,#8744,.T.);
#8744 = EDGE_CURVE('',#8737,#8233,#8745,.T.);
#8745 = LINE('',#8746,#8747);
#8746 = CARTESIAN_POINT('',(8.5,4.25,1.15));
#8747 = VECTOR('',#8748,1.);
#8748 = DIRECTION('',(3.19744231092E-12,1.,6.394884621841E-12));
#8749 = ORIENTED_EDGE('',*,*,#8232,.T.);
#8750 = ORIENTED_EDGE('',*,*,#8184,.T.);
#8751 = ORIENTED_EDGE('',*,*,#8752,.T.);
#8752 = EDGE_CURVE('',#8177,#8753,#8755,.T.);
#8753 = VERTEX_POINT('',#8754);
#8754 = CARTESIAN_POINT('',(8.5,4.3,0.165625));
#8755 = LINE('',#8756,#8757);
#8756 = CARTESIAN_POINT('',(8.5,4.3,0.7));
#8757 = VECTOR('',#8758,1.);
#8758 = DIRECTION('',(0.,5.152473639431E-14,-1.));
#8759 = ORIENTED_EDGE('',*,*,#8760,.T.);
#8760 = EDGE_CURVE('',#8753,#8761,#8763,.T.);
#8761 = VERTEX_POINT('',#8762);
#8762 = CARTESIAN_POINT('',(8.5,4.26,0.165625));
#8763 = LINE('',#8764,#8765);
#8764 = CARTESIAN_POINT('',(8.5,4.3,0.165625));
#8765 = VECTOR('',#8766,1.);
#8766 = DIRECTION('',(-3.28626015289E-12,-1.,-1.521699433127E-12));
#8767 = ORIENTED_EDGE('',*,*,#8768,.T.);
#8768 = EDGE_CURVE('',#8761,#8769,#8771,.T.);
#8769 = VERTEX_POINT('',#8770);
#8770 = CARTESIAN_POINT('',(8.5,4.26,-1.1));
#8771 = LINE('',#8772,#8773);
#8772 = CARTESIAN_POINT('',(8.5,4.26,0.165625));
#8773 = VECTOR('',#8774,1.);
#8774 = DIRECTION('',(2.526374171591E-14,0.,-1.));
#8775 = ORIENTED_EDGE('',*,*,#8776,.T.);
#8776 = EDGE_CURVE('',#8769,#8644,#8777,.T.);
#8777 = LINE('',#8778,#8779);
#8778 = CARTESIAN_POINT('',(8.5,4.26,-1.1));
#8779 = VECTOR('',#8780,1.);
#8780 = DIRECTION('',(0.,-1.,0.));
#8781 = ORIENTED_EDGE('',*,*,#8674,.F.);
#8782 = ORIENTED_EDGE('',*,*,#8722,.F.);
#8783 = PLANE('',#8784);
#8784 = AXIS2_PLACEMENT_3D('',#8785,#8786,#8787);
#8785 = CARTESIAN_POINT('',(8.5,2.325,2.5E-02));
#8786 = DIRECTION('',(-1.,-0.,0.));
#8787 = DIRECTION('',(0.,-0.,-1.));
#8788 = ADVANCED_FACE('',(#8789),#8815,.F.);
#8789 = FACE_BOUND('',#8790,.T.);
#8790 = EDGE_LOOP('',(#8791,#8792,#8793,#8799,#8800,#8801,#8809));
#8791 = ORIENTED_EDGE('',*,*,#3374,.F.);
#8792 = ORIENTED_EDGE('',*,*,#3412,.F.);
#8793 = ORIENTED_EDGE('',*,*,#8794,.F.);
#8794 = EDGE_CURVE('',#8208,#3405,#8795,.T.);
#8795 = LINE('',#8796,#8797);
#8796 = CARTESIAN_POINT('',(9.528090250517,4.26,1.15));
#8797 = VECTOR('',#8798,1.);
#8798 = DIRECTION('',(-0.173648177668,-0.984807753012,
    -6.235378173469E-14));
#8799 = ORIENTED_EDGE('',*,*,#8240,.F.);
#8800 = ORIENTED_EDGE('',*,*,#8744,.F.);
#8801 = ORIENTED_EDGE('',*,*,#8802,.F.);
#8802 = EDGE_CURVE('',#8803,#8737,#8805,.T.);
#8803 = VERTEX_POINT('',#8804);
#8804 = CARTESIAN_POINT('',(9.040605170123,4.25,1.15));
#8805 = LINE('',#8806,#8807);
#8806 = CARTESIAN_POINT('',(9.040605170123,4.25,1.15));
#8807 = VECTOR('',#8808,1.);
#8808 = DIRECTION('',(-1.,-0.,0.));
#8809 = ORIENTED_EDGE('',*,*,#8810,.T.);
#8810 = EDGE_CURVE('',#8803,#3375,#8811,.T.);
#8811 = LINE('',#8812,#8813);
#8812 = CARTESIAN_POINT('',(9.040605170123,4.25,1.15));
#8813 = VECTOR('',#8814,1.);
#8814 = DIRECTION('',(0.,-1.,0.));
#8815 = PLANE('',#8816);
#8816 = AXIS2_PLACEMENT_3D('',#8817,#8818,#8819);
#8817 = CARTESIAN_POINT('',(9.014045125258,2.305,1.15));
#8818 = DIRECTION('',(0.,-0.,-1.));
#8819 = DIRECTION('',(-1.,-0.,0.));
#8820 = ADVANCED_FACE('',(#8821),#8847,.F.);
#8821 = FACE_BOUND('',#8822,.T.);
#8822 = EDGE_LOOP('',(#8823,#8829,#8830,#8836,#8837,#8838,#8839,#8845,
    #8846));
#8823 = ORIENTED_EDGE('',*,*,#8824,.F.);
#8824 = EDGE_CURVE('',#3325,#8803,#8825,.T.);
#8825 = LINE('',#8826,#8827);
#8826 = CARTESIAN_POINT('',(9.040605170122,4.25,1.2));
#8827 = VECTOR('',#8828,1.);
#8828 = DIRECTION('',(2.000177801165E-11,0.,-1.));
#8829 = ORIENTED_EDGE('',*,*,#3342,.F.);
#8830 = ORIENTED_EDGE('',*,*,#8831,.F.);
#8831 = EDGE_CURVE('',#6601,#3335,#8832,.T.);
#8832 = LINE('',#8833,#8834);
#8833 = CARTESIAN_POINT('',(9.040605170125,5.E-02,-1.32));
#8834 = VECTOR('',#8835,1.);
#8835 = DIRECTION('',(-6.583798761904E-13,5.057682667737E-14,1.));
#8836 = ORIENTED_EDGE('',*,*,#6598,.F.);
#8837 = ORIENTED_EDGE('',*,*,#8542,.T.);
#8838 = ORIENTED_EDGE('',*,*,#8651,.F.);
#8839 = ORIENTED_EDGE('',*,*,#8840,.T.);
#8840 = EDGE_CURVE('',#8642,#3359,#8841,.T.);
#8841 = LINE('',#8842,#8843);
#8842 = CARTESIAN_POINT('',(9.040605170123,0.97,-1.1));
#8843 = VECTOR('',#8844,1.);
#8844 = DIRECTION('',(0.,-1.,0.));
#8845 = ORIENTED_EDGE('',*,*,#3382,.F.);
#8846 = ORIENTED_EDGE('',*,*,#8810,.F.);
#8847 = PLANE('',#8848);
#8848 = AXIS2_PLACEMENT_3D('',#8849,#8850,#8851);
#8849 = CARTESIAN_POINT('',(9.040605170123,2.15,-6.E-02));
#8850 = DIRECTION('',(-1.,-0.,0.));
#8851 = DIRECTION('',(0.,-0.,-1.));
#8852 = ADVANCED_FACE('',(#8853),#8874,.T.);
#8853 = FACE_BOUND('',#8854,.T.);
#8854 = EDGE_LOOP('',(#8855,#8856,#8857,#8865,#8871,#8872,#8873));
#8855 = ORIENTED_EDGE('',*,*,#8641,.T.);
#8856 = ORIENTED_EDGE('',*,*,#8776,.F.);
#8857 = ORIENTED_EDGE('',*,*,#8858,.F.);
#8858 = EDGE_CURVE('',#8859,#8769,#8861,.T.);
#8859 = VERTEX_POINT('',#8860);
#8860 = CARTESIAN_POINT('',(9.528090250516,4.26,-1.1));
#8861 = LINE('',#8862,#8863);
#8862 = CARTESIAN_POINT('',(9.528090250516,4.26,-1.1));
#8863 = VECTOR('',#8864,1.);
#8864 = DIRECTION('',(-1.,-2.107942705401E-13,0.));
#8865 = ORIENTED_EDGE('',*,*,#8866,.F.);
#8866 = EDGE_CURVE('',#3397,#8859,#8867,.T.);
#8867 = LINE('',#8868,#8869);
#8868 = CARTESIAN_POINT('',(9.35,3.25,-1.1));
#8869 = VECTOR('',#8870,1.);
#8870 = DIRECTION('',(0.173648177667,0.984807753012,-0.));
#8871 = ORIENTED_EDGE('',*,*,#3396,.F.);
#8872 = ORIENTED_EDGE('',*,*,#3356,.T.);
#8873 = ORIENTED_EDGE('',*,*,#8840,.F.);
#8874 = PLANE('',#8875);
#8875 = AXIS2_PLACEMENT_3D('',#8876,#8877,#8878);
#8876 = CARTESIAN_POINT('',(9.014045125258,2.305,-1.1));
#8877 = DIRECTION('',(0.,-0.,-1.));
#8878 = DIRECTION('',(-1.,-0.,0.));
#8879 = ADVANCED_FACE('',(#8880),#8909,.F.);
#8880 = FACE_BOUND('',#8881,.T.);
#8881 = EDGE_LOOP('',(#8882,#8890,#8891,#8892,#8893,#8894,#8895,#8903));
#8882 = ORIENTED_EDGE('',*,*,#8883,.T.);
#8883 = EDGE_CURVE('',#8884,#6752,#8886,.T.);
#8884 = VERTEX_POINT('',#8885);
#8885 = CARTESIAN_POINT('',(9.535143329743,4.3,0.165625));
#8886 = LINE('',#8887,#8888);
#8887 = CARTESIAN_POINT('',(9.535143329743,4.3,0.165625));
#8888 = VECTOR('',#8889,1.);
#8889 = DIRECTION('',(-2.496456582718E-12,-5.23557805297E-14,1.));
#8890 = ORIENTED_EDGE('',*,*,#6751,.T.);
#8891 = ORIENTED_EDGE('',*,*,#8207,.F.);
#8892 = ORIENTED_EDGE('',*,*,#8794,.T.);
#8893 = ORIENTED_EDGE('',*,*,#3404,.F.);
#8894 = ORIENTED_EDGE('',*,*,#8866,.T.);
#8895 = ORIENTED_EDGE('',*,*,#8896,.T.);
#8896 = EDGE_CURVE('',#8859,#8897,#8899,.T.);
#8897 = VERTEX_POINT('',#8898);
#8898 = CARTESIAN_POINT('',(9.528090250516,4.26,0.165625));
#8899 = LINE('',#8900,#8901);
#8900 = CARTESIAN_POINT('',(9.528090250516,4.26,-1.1));
#8901 = VECTOR('',#8902,1.);
#8902 = DIRECTION('',(1.62810779947E-13,0.,1.));
#8903 = ORIENTED_EDGE('',*,*,#8904,.T.);
#8904 = EDGE_CURVE('',#8897,#8884,#8905,.T.);
#8905 = LINE('',#8906,#8907);
#8906 = CARTESIAN_POINT('',(9.528090250516,4.26,0.165625));
#8907 = VECTOR('',#8908,1.);
#8908 = DIRECTION('',(0.173648177635,0.984807753018,1.499264747162E-12)
  );
#8909 = PLANE('',#8910);
#8910 = AXIS2_PLACEMENT_3D('',#8911,#8912,#8913);
#8911 = CARTESIAN_POINT('',(9.442571664872,3.775,2.5E-02));
#8912 = DIRECTION('',(-0.984807753012,0.173648177667,0.));
#8913 = DIRECTION('',(0.,0.,1.));
#8914 = ADVANCED_FACE('',(#8915),#8933,.T.);
#8915 = FACE_BOUND('',#8916,.T.);
#8916 = EDGE_LOOP('',(#8917,#8925,#8926,#8927));
#8917 = ORIENTED_EDGE('',*,*,#8918,.F.);
#8918 = EDGE_CURVE('',#6760,#8919,#8921,.T.);
#8919 = VERTEX_POINT('',#8920);
#8920 = CARTESIAN_POINT('',(10.2,4.3,0.165625));
#8921 = LINE('',#8922,#8923);
#8922 = CARTESIAN_POINT('',(10.2,4.3,0.7));
#8923 = VECTOR('',#8924,1.);
#8924 = DIRECTION('',(0.,5.23557805297E-14,-1.));
#8925 = ORIENTED_EDGE('',*,*,#6759,.T.);
#8926 = ORIENTED_EDGE('',*,*,#8883,.F.);
#8927 = ORIENTED_EDGE('',*,*,#8928,.T.);
#8928 = EDGE_CURVE('',#8884,#8919,#8929,.T.);
#8929 = LINE('',#8930,#8931);
#8930 = CARTESIAN_POINT('',(9.535143329743,4.3,0.165625));
#8931 = VECTOR('',#8932,1.);
#8932 = DIRECTION('',(1.,-1.269099847323E-13,0.));
#8933 = PLANE('',#8934);
#8934 = AXIS2_PLACEMENT_3D('',#8935,#8936,#8937);
#8935 = CARTESIAN_POINT('',(9.86757166487,4.3,0.4328125));
#8936 = DIRECTION('',(0.,-1.,0.));
#8937 = DIRECTION('',(-1.,0.,0.));
#8938 = ADVANCED_FACE('',(#8939),#8957,.F.);
#8939 = FACE_BOUND('',#8940,.T.);
#8940 = EDGE_LOOP('',(#8941,#8942,#8950,#8956));
#8941 = ORIENTED_EDGE('',*,*,#8904,.F.);
#8942 = ORIENTED_EDGE('',*,*,#8943,.F.);
#8943 = EDGE_CURVE('',#8944,#8897,#8946,.T.);
#8944 = VERTEX_POINT('',#8945);
#8945 = CARTESIAN_POINT('',(10.2,4.26,0.165625));
#8946 = LINE('',#8947,#8948);
#8947 = CARTESIAN_POINT('',(10.2,4.26,0.165625));
#8948 = VECTOR('',#8949,1.);
#8949 = DIRECTION('',(-1.,3.225366718867E-13,0.));
#8950 = ORIENTED_EDGE('',*,*,#8951,.F.);
#8951 = EDGE_CURVE('',#8919,#8944,#8952,.T.);
#8952 = LINE('',#8953,#8954);
#8953 = CARTESIAN_POINT('',(10.2,4.3,0.165625));
#8954 = VECTOR('',#8955,1.);
#8955 = DIRECTION('',(-7.105427357601E-13,-1.,-1.521699433127E-12));
#8956 = ORIENTED_EDGE('',*,*,#8928,.F.);
#8957 = PLANE('',#8958);
#8958 = AXIS2_PLACEMENT_3D('',#8959,#8960,#8961);
#8959 = CARTESIAN_POINT('',(9.864045125258,4.28,0.165625));
#8960 = DIRECTION('',(0.,-0.,-1.));
#8961 = DIRECTION('',(-1.,-0.,0.));
#8962 = ADVANCED_FACE('',(#8963),#8985,.F.);
#8963 = FACE_BOUND('',#8964,.T.);
#8964 = EDGE_LOOP('',(#8965,#8966,#8967,#8968,#8969,#8970,#8971,#8979));
#8965 = ORIENTED_EDGE('',*,*,#7010,.T.);
#8966 = ORIENTED_EDGE('',*,*,#8277,.T.);
#8967 = ORIENTED_EDGE('',*,*,#8216,.F.);
#8968 = ORIENTED_EDGE('',*,*,#6767,.T.);
#8969 = ORIENTED_EDGE('',*,*,#8918,.T.);
#8970 = ORIENTED_EDGE('',*,*,#8951,.T.);
#8971 = ORIENTED_EDGE('',*,*,#8972,.F.);
#8972 = EDGE_CURVE('',#8973,#8944,#8975,.T.);
#8973 = VERTEX_POINT('',#8974);
#8974 = CARTESIAN_POINT('',(10.2,4.26,-1.8));
#8975 = LINE('',#8976,#8977);
#8976 = CARTESIAN_POINT('',(10.2,4.26,-1.8));
#8977 = VECTOR('',#8978,1.);
#8978 = DIRECTION('',(0.,0.,1.));
#8979 = ORIENTED_EDGE('',*,*,#8980,.F.);
#8980 = EDGE_CURVE('',#7011,#8973,#8981,.T.);
#8981 = LINE('',#8982,#8983);
#8982 = CARTESIAN_POINT('',(10.2,5.3,-1.8));
#8983 = VECTOR('',#8984,1.);
#8984 = DIRECTION('',(0.,-1.,0.));
#8985 = PLANE('',#8986);
#8986 = AXIS2_PLACEMENT_3D('',#8987,#8988,#8989);
#8987 = CARTESIAN_POINT('',(10.2,4.78,0.));
#8988 = DIRECTION('',(-1.,-0.,0.));
#8989 = DIRECTION('',(0.,-0.,-1.));
#8990 = ADVANCED_FACE('',(#8991),#9009,.T.);
#8991 = FACE_BOUND('',#8992,.T.);
#8992 = EDGE_LOOP('',(#8993,#8994,#8995,#9003));
#8993 = ORIENTED_EDGE('',*,*,#7020,.T.);
#8994 = ORIENTED_EDGE('',*,*,#8980,.T.);
#8995 = ORIENTED_EDGE('',*,*,#8996,.F.);
#8996 = EDGE_CURVE('',#8997,#8973,#8999,.T.);
#8997 = VERTEX_POINT('',#8998);
#8998 = CARTESIAN_POINT('',(-10.2,4.26,-1.8));
#8999 = LINE('',#9000,#9001);
#9000 = CARTESIAN_POINT('',(-10.2,4.26,-1.8));
#9001 = VECTOR('',#9002,1.);
#9002 = DIRECTION('',(1.,0.,0.));
#9003 = ORIENTED_EDGE('',*,*,#9004,.F.);
#9004 = EDGE_CURVE('',#7021,#8997,#9005,.T.);
#9005 = LINE('',#9006,#9007);
#9006 = CARTESIAN_POINT('',(-10.2,5.3,-1.8));
#9007 = VECTOR('',#9008,1.);
#9008 = DIRECTION('',(0.,-1.,0.));
#9009 = PLANE('',#9010);
#9010 = AXIS2_PLACEMENT_3D('',#9011,#9012,#9013);
#9011 = CARTESIAN_POINT('',(0.,4.78,-1.8));
#9012 = DIRECTION('',(0.,-0.,-1.));
#9013 = DIRECTION('',(-1.,-0.,0.));
#9014 = ADVANCED_FACE('',(#9015),#9044,.T.);
#9015 = FACE_BOUND('',#9016,.T.);
#9016 = EDGE_LOOP('',(#9017,#9018,#9019,#9020,#9021,#9022,#9030,#9038));
#9017 = ORIENTED_EDGE('',*,*,#8317,.T.);
#9018 = ORIENTED_EDGE('',*,*,#8342,.F.);
#9019 = ORIENTED_EDGE('',*,*,#8255,.T.);
#9020 = ORIENTED_EDGE('',*,*,#7028,.T.);
#9021 = ORIENTED_EDGE('',*,*,#9004,.T.);
#9022 = ORIENTED_EDGE('',*,*,#9023,.F.);
#9023 = EDGE_CURVE('',#9024,#8997,#9026,.T.);
#9024 = VERTEX_POINT('',#9025);
#9025 = CARTESIAN_POINT('',(-10.2,4.26,0.165625));
#9026 = LINE('',#9027,#9028);
#9027 = CARTESIAN_POINT('',(-10.2,4.26,0.165625));
#9028 = VECTOR('',#9029,1.);
#9029 = DIRECTION('',(0.,-0.,-1.));
#9030 = ORIENTED_EDGE('',*,*,#9031,.T.);
#9031 = EDGE_CURVE('',#9024,#9032,#9034,.T.);
#9032 = VERTEX_POINT('',#9033);
#9033 = CARTESIAN_POINT('',(-10.2,4.3,0.165625));
#9034 = LINE('',#9035,#9036);
#9035 = CARTESIAN_POINT('',(-10.2,4.26,0.165625));
#9036 = VECTOR('',#9037,1.);
#9037 = DIRECTION('',(-6.217248937901E-13,1.,1.521699433127E-12));
#9038 = ORIENTED_EDGE('',*,*,#9039,.T.);
#9039 = EDGE_CURVE('',#9032,#8294,#9040,.T.);
#9040 = LINE('',#9041,#9042);
#9041 = CARTESIAN_POINT('',(-10.2,4.3,0.165625));
#9042 = VECTOR('',#9043,1.);
#9043 = DIRECTION('',(0.,-5.23557805297E-14,1.));
#9044 = PLANE('',#9045);
#9045 = AXIS2_PLACEMENT_3D('',#9046,#9047,#9048);
#9046 = CARTESIAN_POINT('',(-10.2,4.78,0.));
#9047 = DIRECTION('',(-1.,-0.,0.));
#9048 = DIRECTION('',(0.,-0.,-1.));
#9049 = ADVANCED_FACE('',(#9050),#9068,.T.);
#9050 = FACE_BOUND('',#9051,.T.);
#9051 = EDGE_LOOP('',(#9052,#9060,#9061,#9062));
#9052 = ORIENTED_EDGE('',*,*,#9053,.T.);
#9053 = EDGE_CURVE('',#9054,#8292,#9056,.T.);
#9054 = VERTEX_POINT('',#9055);
#9055 = CARTESIAN_POINT('',(-9.535143329744,4.3,0.165625));
#9056 = LINE('',#9057,#9058);
#9057 = CARTESIAN_POINT('',(-9.535143329744,4.3,0.165625));
#9058 = VECTOR('',#9059,1.);
#9059 = DIRECTION('',(0.,-5.23557805297E-14,1.));
#9060 = ORIENTED_EDGE('',*,*,#8291,.T.);
#9061 = ORIENTED_EDGE('',*,*,#9039,.F.);
#9062 = ORIENTED_EDGE('',*,*,#9063,.T.);
#9063 = EDGE_CURVE('',#9032,#9054,#9064,.T.);
#9064 = LINE('',#9065,#9066);
#9065 = CARTESIAN_POINT('',(-10.2,4.3,0.165625));
#9066 = VECTOR('',#9067,1.);
#9067 = DIRECTION('',(1.,1.262420374445E-13,-0.));
#9068 = PLANE('',#9069);
#9069 = AXIS2_PLACEMENT_3D('',#9070,#9071,#9072);
#9070 = CARTESIAN_POINT('',(-9.867571664872,4.3,0.4328125));
#9071 = DIRECTION('',(0.,-1.,0.));
#9072 = DIRECTION('',(-1.,0.,0.));
#9073 = ADVANCED_FACE('',(#9074),#9092,.F.);
#9074 = FACE_BOUND('',#9075,.T.);
#9075 = EDGE_LOOP('',(#9076,#9077,#9085,#9091));
#9076 = ORIENTED_EDGE('',*,*,#9031,.F.);
#9077 = ORIENTED_EDGE('',*,*,#9078,.F.);
#9078 = EDGE_CURVE('',#9079,#9024,#9081,.T.);
#9079 = VERTEX_POINT('',#9080);
#9080 = CARTESIAN_POINT('',(-9.528090250517,4.26,0.165625));
#9081 = LINE('',#9082,#9083);
#9082 = CARTESIAN_POINT('',(-9.528090250517,4.26,0.165625));
#9083 = VECTOR('',#9084,1.);
#9084 = DIRECTION('',(-1.,-3.225366718874E-13,0.));
#9085 = ORIENTED_EDGE('',*,*,#9086,.F.);
#9086 = EDGE_CURVE('',#9054,#9079,#9087,.T.);
#9087 = LINE('',#9088,#9089);
#9088 = CARTESIAN_POINT('',(-9.535143329744,4.3,0.165625));
#9089 = VECTOR('',#9090,1.);
#9090 = DIRECTION('',(0.173648177631,-0.984807753018,-1.497214704209E-12
    ));
#9091 = ORIENTED_EDGE('',*,*,#9063,.F.);
#9092 = PLANE('',#9093);
#9093 = AXIS2_PLACEMENT_3D('',#9094,#9095,#9096);
#9094 = CARTESIAN_POINT('',(-9.864045125258,4.28,0.165625));
#9095 = DIRECTION('',(0.,-0.,-1.));
#9096 = DIRECTION('',(-1.,-0.,0.));
#9097 = ADVANCED_FACE('',(#9098),#9120,.T.);
#9098 = FACE_BOUND('',#9099,.T.);
#9099 = EDGE_LOOP('',(#9100,#9108,#9114,#9115,#9116,#9117,#9118,#9119));
#9100 = ORIENTED_EDGE('',*,*,#9101,.F.);
#9101 = EDGE_CURVE('',#9102,#9079,#9104,.T.);
#9102 = VERTEX_POINT('',#9103);
#9103 = CARTESIAN_POINT('',(-9.528090250517,4.26,-1.1));
#9104 = LINE('',#9105,#9106);
#9105 = CARTESIAN_POINT('',(-9.528090250517,4.26,-1.1));
#9106 = VECTOR('',#9107,1.);
#9107 = DIRECTION('',(2.526374171591E-14,0.,1.));
#9108 = ORIENTED_EDGE('',*,*,#9109,.T.);
#9109 = EDGE_CURVE('',#9102,#8382,#9110,.T.);
#9110 = LINE('',#9111,#9112);
#9111 = CARTESIAN_POINT('',(-9.528090250517,4.26,-1.1));
#9112 = VECTOR('',#9113,1.);
#9113 = DIRECTION('',(0.17364817767,-0.984807753012,0.));
#9114 = ORIENTED_EDGE('',*,*,#8381,.T.);
#9115 = ORIENTED_EDGE('',*,*,#8451,.T.);
#9116 = ORIENTED_EDGE('',*,*,#8349,.F.);
#9117 = ORIENTED_EDGE('',*,*,#8301,.T.);
#9118 = ORIENTED_EDGE('',*,*,#9053,.F.);
#9119 = ORIENTED_EDGE('',*,*,#9086,.T.);
#9120 = PLANE('',#9121);
#9121 = AXIS2_PLACEMENT_3D('',#9122,#9123,#9124);
#9122 = CARTESIAN_POINT('',(-9.442571664872,3.775,2.5E-02));
#9123 = DIRECTION('',(-0.984807753012,-0.173648177667,0.));
#9124 = DIRECTION('',(0.,0.,1.));
#9125 = ADVANCED_FACE('',(#9126),#9154,.T.);
#9126 = FACE_BOUND('',#9127,.T.);
#9127 = EDGE_LOOP('',(#9128,#9129,#9130,#9131,#9132,#9140,#9148));
#9128 = ORIENTED_EDGE('',*,*,#8482,.T.);
#9129 = ORIENTED_EDGE('',*,*,#8420,.T.);
#9130 = ORIENTED_EDGE('',*,*,#8389,.T.);
#9131 = ORIENTED_EDGE('',*,*,#9109,.F.);
#9132 = ORIENTED_EDGE('',*,*,#9133,.F.);
#9133 = EDGE_CURVE('',#9134,#9102,#9136,.T.);
#9134 = VERTEX_POINT('',#9135);
#9135 = CARTESIAN_POINT('',(-8.499999999999,4.26,-1.1));
#9136 = LINE('',#9137,#9138);
#9137 = CARTESIAN_POINT('',(-8.499999999999,4.26,-1.1));
#9138 = VECTOR('',#9139,1.);
#9139 = DIRECTION('',(-1.,2.107942705395E-13,0.));
#9140 = ORIENTED_EDGE('',*,*,#9141,.T.);
#9141 = EDGE_CURVE('',#9134,#9142,#9144,.T.);
#9142 = VERTEX_POINT('',#9143);
#9143 = CARTESIAN_POINT('',(-8.5,0.97,-1.1));
#9144 = LINE('',#9145,#9146);
#9145 = CARTESIAN_POINT('',(-8.499999999999,4.26,-1.1));
#9146 = VECTOR('',#9147,1.);
#9147 = DIRECTION('',(-3.752486332472E-13,-1.,0.));
#9148 = ORIENTED_EDGE('',*,*,#9149,.F.);
#9149 = EDGE_CURVE('',#8483,#9142,#9150,.T.);
#9150 = LINE('',#9151,#9152);
#9151 = CARTESIAN_POINT('',(-9.040605170123,0.97,-1.1));
#9152 = VECTOR('',#9153,1.);
#9153 = DIRECTION('',(1.,0.,0.));
#9154 = PLANE('',#9155);
#9155 = AXIS2_PLACEMENT_3D('',#9156,#9157,#9158);
#9156 = CARTESIAN_POINT('',(-9.014045125256,2.305,-1.1));
#9157 = DIRECTION('',(0.,-0.,-1.));
#9158 = DIRECTION('',(-1.,-0.,0.));
#9159 = ADVANCED_FACE('',(#9160),#9173,.F.);
#9160 = FACE_BOUND('',#9161,.T.);
#9161 = EDGE_LOOP('',(#9162,#9163,#9164,#9165,#9166,#9167));
#9162 = ORIENTED_EDGE('',*,*,#3445,.F.);
#9163 = ORIENTED_EDGE('',*,*,#3484,.F.);
#9164 = ORIENTED_EDGE('',*,*,#3562,.T.);
#9165 = ORIENTED_EDGE('',*,*,#8490,.F.);
#9166 = ORIENTED_EDGE('',*,*,#9149,.T.);
#9167 = ORIENTED_EDGE('',*,*,#9168,.F.);
#9168 = EDGE_CURVE('',#3446,#9142,#9169,.T.);
#9169 = LINE('',#9170,#9171);
#9170 = CARTESIAN_POINT('',(-8.5,0.97,-0.6));
#9171 = VECTOR('',#9172,1.);
#9172 = DIRECTION('',(0.,-0.,-1.));
#9173 = PLANE('',#9174);
#9174 = AXIS2_PLACEMENT_3D('',#9175,#9176,#9177);
#9175 = CARTESIAN_POINT('',(-8.755302585062,0.97,-0.875));
#9176 = DIRECTION('',(0.,-1.,0.));
#9177 = DIRECTION('',(-1.,0.,0.));
#9178 = ADVANCED_FACE('',(#9179),#9215,.F.);
#9179 = FACE_BOUND('',#9180,.T.);
#9180 = EDGE_LOOP('',(#9181,#9182,#9190,#9198,#9204,#9205,#9206,#9207,
    #9213,#9214));
#9181 = ORIENTED_EDGE('',*,*,#9141,.F.);
#9182 = ORIENTED_EDGE('',*,*,#9183,.F.);
#9183 = EDGE_CURVE('',#9184,#9134,#9186,.T.);
#9184 = VERTEX_POINT('',#9185);
#9185 = CARTESIAN_POINT('',(-8.5,4.26,0.165625));
#9186 = LINE('',#9187,#9188);
#9187 = CARTESIAN_POINT('',(-8.5,4.26,0.165625));
#9188 = VECTOR('',#9189,1.);
#9189 = DIRECTION('',(9.754611384756E-13,0.,-1.));
#9190 = ORIENTED_EDGE('',*,*,#9191,.F.);
#9191 = EDGE_CURVE('',#9192,#9184,#9194,.T.);
#9192 = VERTEX_POINT('',#9193);
#9193 = CARTESIAN_POINT('',(-8.5,4.3,0.165625));
#9194 = LINE('',#9195,#9196);
#9195 = CARTESIAN_POINT('',(-8.5,4.3,0.165625));
#9196 = VECTOR('',#9197,1.);
#9197 = DIRECTION('',(6.661338147751E-12,-1.,-1.522393322517E-12));
#9198 = ORIENTED_EDGE('',*,*,#9199,.F.);
#9199 = EDGE_CURVE('',#8144,#9192,#9200,.T.);
#9200 = LINE('',#9201,#9202);
#9201 = CARTESIAN_POINT('',(-8.5,4.3,0.7));
#9202 = VECTOR('',#9203,1.);
#9203 = DIRECTION('',(0.,5.23557805297E-14,-1.));
#9204 = ORIENTED_EDGE('',*,*,#8143,.F.);
#9205 = ORIENTED_EDGE('',*,*,#8331,.F.);
#9206 = ORIENTED_EDGE('',*,*,#8442,.F.);
#9207 = ORIENTED_EDGE('',*,*,#9208,.F.);
#9208 = EDGE_CURVE('',#3428,#8443,#9209,.T.);
#9209 = LINE('',#9210,#9211);
#9210 = CARTESIAN_POINT('',(-8.5,4.25,-0.6));
#9211 = VECTOR('',#9212,1.);
#9212 = DIRECTION('',(0.,0.,1.));
#9213 = ORIENTED_EDGE('',*,*,#3453,.F.);
#9214 = ORIENTED_EDGE('',*,*,#9168,.T.);
#9215 = PLANE('',#9216);
#9216 = AXIS2_PLACEMENT_3D('',#9217,#9218,#9219);
#9217 = CARTESIAN_POINT('',(-8.5,2.325,2.5E-02));
#9218 = DIRECTION('',(-1.,-0.,0.));
#9219 = DIRECTION('',(0.,-0.,-1.));
#9220 = ADVANCED_FACE('',(#9221),#9239,.T.);
#9221 = FACE_BOUND('',#9222,.T.);
#9222 = EDGE_LOOP('',(#9223,#9231,#9232,#9233));
#9223 = ORIENTED_EDGE('',*,*,#9224,.T.);
#9224 = EDGE_CURVE('',#9225,#8152,#9227,.T.);
#9225 = VERTEX_POINT('',#9226);
#9226 = CARTESIAN_POINT('',(-7.95,4.3,0.165625));
#9227 = LINE('',#9228,#9229);
#9228 = CARTESIAN_POINT('',(-7.95,4.3,0.165625));
#9229 = VECTOR('',#9230,1.);
#9230 = DIRECTION('',(-1.479258560998E-13,-5.235578052971E-14,1.));
#9231 = ORIENTED_EDGE('',*,*,#8151,.T.);
#9232 = ORIENTED_EDGE('',*,*,#9199,.T.);
#9233 = ORIENTED_EDGE('',*,*,#9234,.T.);
#9234 = EDGE_CURVE('',#9192,#9225,#9235,.T.);
#9235 = LINE('',#9236,#9237);
#9236 = CARTESIAN_POINT('',(-8.5,4.3,0.165625));
#9237 = VECTOR('',#9238,1.);
#9238 = DIRECTION('',(1.,0.,5.066654166925E-14));
#9239 = PLANE('',#9240);
#9240 = AXIS2_PLACEMENT_3D('',#9241,#9242,#9243);
#9241 = CARTESIAN_POINT('',(-8.225000000001,4.3,0.4328125));
#9242 = DIRECTION('',(0.,-1.,0.));
#9243 = DIRECTION('',(-1.,0.,0.));
#9244 = ADVANCED_FACE('',(#9245),#9264,.F.);
#9245 = FACE_BOUND('',#9246,.T.);
#9246 = EDGE_LOOP('',(#9247,#9255,#9256,#9257,#9258));
#9247 = ORIENTED_EDGE('',*,*,#9248,.F.);
#9248 = EDGE_CURVE('',#6928,#9249,#9251,.T.);
#9249 = VERTEX_POINT('',#9250);
#9250 = CARTESIAN_POINT('',(-7.95,4.3,0.1625));
#9251 = LINE('',#9252,#9253);
#9252 = CARTESIAN_POINT('',(-7.95,4.5,0.15));
#9253 = VECTOR('',#9254,1.);
#9254 = DIRECTION('',(0.,-0.998052578483,6.237828615516E-02));
#9255 = ORIENTED_EDGE('',*,*,#6925,.F.);
#9256 = ORIENTED_EDGE('',*,*,#8159,.F.);
#9257 = ORIENTED_EDGE('',*,*,#9224,.F.);
#9258 = ORIENTED_EDGE('',*,*,#9259,.F.);
#9259 = EDGE_CURVE('',#9249,#9225,#9260,.T.);
#9260 = LINE('',#9261,#9262);
#9261 = CARTESIAN_POINT('',(-7.95,4.3,0.1625));
#9262 = VECTOR('',#9263,1.);
#9263 = DIRECTION('',(-7.474909580124E-11,3.907985046643E-11,1.));
#9264 = PLANE('',#9265);
#9265 = AXIS2_PLACEMENT_3D('',#9266,#9267,#9268);
#9266 = CARTESIAN_POINT('',(-7.95,4.4,0.425));
#9267 = DIRECTION('',(-1.,-0.,0.));
#9268 = DIRECTION('',(0.,-0.,-1.));
#9269 = ADVANCED_FACE('',(#9270),#9292,.F.);
#9270 = FACE_BOUND('',#9271,.T.);
#9271 = EDGE_LOOP('',(#9272,#9280,#9281,#9282,#9283,#9284,#9285,#9286));
#9272 = ORIENTED_EDGE('',*,*,#9273,.T.);
#9273 = EDGE_CURVE('',#9274,#7076,#9276,.T.);
#9274 = VERTEX_POINT('',#9275);
#9275 = CARTESIAN_POINT('',(7.95,4.3,0.1625));
#9276 = LINE('',#9277,#9278);
#9277 = CARTESIAN_POINT('',(7.95,4.3,0.1625));
#9278 = VECTOR('',#9279,1.);
#9279 = DIRECTION('',(0.,0.998052578483,-6.237828615516E-02));
#9280 = ORIENTED_EDGE('',*,*,#7075,.T.);
#9281 = ORIENTED_EDGE('',*,*,#7060,.T.);
#9282 = ORIENTED_EDGE('',*,*,#7002,.F.);
#9283 = ORIENTED_EDGE('',*,*,#6973,.T.);
#9284 = ORIENTED_EDGE('',*,*,#6935,.T.);
#9285 = ORIENTED_EDGE('',*,*,#9248,.T.);
#9286 = ORIENTED_EDGE('',*,*,#9287,.F.);
#9287 = EDGE_CURVE('',#9274,#9249,#9288,.T.);
#9288 = LINE('',#9289,#9290);
#9289 = CARTESIAN_POINT('',(7.95,4.3,0.1625));
#9290 = VECTOR('',#9291,1.);
#9291 = DIRECTION('',(-1.,-0.,0.));
#9292 = PLANE('',#9293);
#9293 = AXIS2_PLACEMENT_3D('',#9294,#9295,#9296);
#9294 = CARTESIAN_POINT('',(0.,4.8,0.13125));
#9295 = DIRECTION('',(0.,-6.237828615514E-02,-0.998052578483));
#9296 = DIRECTION('',(-1.,-0.,0.));
#9297 = ADVANCED_FACE('',(#9298),#9316,.F.);
#9298 = FACE_BOUND('',#9299,.T.);
#9299 = EDGE_LOOP('',(#9300,#9301,#9309,#9315));
#9300 = ORIENTED_EDGE('',*,*,#9259,.T.);
#9301 = ORIENTED_EDGE('',*,*,#9302,.T.);
#9302 = EDGE_CURVE('',#9225,#9303,#9305,.T.);
#9303 = VERTEX_POINT('',#9304);
#9304 = CARTESIAN_POINT('',(7.95,4.3,0.165625));
#9305 = LINE('',#9306,#9307);
#9306 = CARTESIAN_POINT('',(-7.95,4.3,0.165625));
#9307 = VECTOR('',#9308,1.);
#9308 = DIRECTION('',(1.,0.,0.));
#9309 = ORIENTED_EDGE('',*,*,#9310,.T.);
#9310 = EDGE_CURVE('',#9303,#9274,#9311,.T.);
#9311 = LINE('',#9312,#9313);
#9312 = CARTESIAN_POINT('',(7.95,4.3,0.165625));
#9313 = VECTOR('',#9314,1.);
#9314 = DIRECTION('',(-4.064304448508E-11,-3.893774191927E-11,-1.));
#9315 = ORIENTED_EDGE('',*,*,#9287,.T.);
#9316 = PLANE('',#9317);
#9317 = AXIS2_PLACEMENT_3D('',#9318,#9319,#9320);
#9318 = CARTESIAN_POINT('',(0.,4.3,0.1640625));
#9319 = DIRECTION('',(0.,-1.,0.));
#9320 = DIRECTION('',(-1.,0.,0.));
#9321 = ADVANCED_FACE('',(#9322),#9334,.T.);
#9322 = FACE_BOUND('',#9323,.T.);
#9323 = EDGE_LOOP('',(#9324,#9330,#9331,#9332,#9333));
#9324 = ORIENTED_EDGE('',*,*,#9325,.F.);
#9325 = EDGE_CURVE('',#8169,#9303,#9326,.T.);
#9326 = LINE('',#9327,#9328);
#9327 = CARTESIAN_POINT('',(7.95,4.3,0.7));
#9328 = VECTOR('',#9329,1.);
#9329 = DIRECTION('',(-7.645606045609E-14,5.152473639432E-14,-1.));
#9330 = ORIENTED_EDGE('',*,*,#8168,.F.);
#9331 = ORIENTED_EDGE('',*,*,#7083,.T.);
#9332 = ORIENTED_EDGE('',*,*,#9273,.F.);
#9333 = ORIENTED_EDGE('',*,*,#9310,.F.);
#9334 = PLANE('',#9335);
#9335 = AXIS2_PLACEMENT_3D('',#9336,#9337,#9338);
#9336 = CARTESIAN_POINT('',(7.95,4.4,0.425));
#9337 = DIRECTION('',(-1.,-0.,0.));
#9338 = DIRECTION('',(0.,-0.,-1.));
#9339 = ADVANCED_FACE('',(#9340),#9351,.T.);
#9340 = FACE_BOUND('',#9341,.T.);
#9341 = EDGE_LOOP('',(#9342,#9343,#9344,#9345));
#9342 = ORIENTED_EDGE('',*,*,#8752,.F.);
#9343 = ORIENTED_EDGE('',*,*,#8176,.T.);
#9344 = ORIENTED_EDGE('',*,*,#9325,.T.);
#9345 = ORIENTED_EDGE('',*,*,#9346,.T.);
#9346 = EDGE_CURVE('',#9303,#8753,#9347,.T.);
#9347 = LINE('',#9348,#9349);
#9348 = CARTESIAN_POINT('',(7.95,4.3,0.165625));
#9349 = VECTOR('',#9350,1.);
#9350 = DIRECTION('',(1.,0.,-5.066654166926E-14));
#9351 = PLANE('',#9352);
#9352 = AXIS2_PLACEMENT_3D('',#9353,#9354,#9355);
#9353 = CARTESIAN_POINT('',(8.225,4.3,0.4328125));
#9354 = DIRECTION('',(0.,-1.,0.));
#9355 = DIRECTION('',(-1.,0.,0.));
#9356 = ADVANCED_FACE('',(#9357),#9387,.F.);
#9357 = FACE_BOUND('',#9358,.F.);
#9358 = EDGE_LOOP('',(#9359,#9360,#9361,#9368,#9377,#9384,#9385,#9386));
#9359 = ORIENTED_EDGE('',*,*,#9346,.T.);
#9360 = ORIENTED_EDGE('',*,*,#8760,.T.);
#9361 = ORIENTED_EDGE('',*,*,#9362,.T.);
#9362 = EDGE_CURVE('',#8761,#3215,#9363,.T.);
#9363 = B_SPLINE_CURVE_WITH_KNOTS('',3,(#9364,#9365,#9366,#9367),
  .UNSPECIFIED.,.F.,.F.,(4,4),(0.,1.),.PIECEWISE_BEZIER_KNOTS.);
#9364 = CARTESIAN_POINT('',(8.5,4.26,0.165625));
#9365 = CARTESIAN_POINT('',(8.307752209506,4.26,0.165520833333));
#9366 = CARTESIAN_POINT('',(8.115504419012,4.26,0.165416666667));
#9367 = CARTESIAN_POINT('',(7.923256628518,4.26,0.1653125));
#9368 = ORIENTED_EDGE('',*,*,#9369,.F.);
#9369 = EDGE_CURVE('',#9370,#3215,#9372,.T.);
#9370 = VERTEX_POINT('',#9371);
#9371 = CARTESIAN_POINT('',(-7.923256628519,4.26,0.1653125));
#9372 = B_SPLINE_CURVE_WITH_KNOTS('',3,(#9373,#9374,#9375,#9376),
  .UNSPECIFIED.,.F.,.F.,(4,4),(0.,1.),.PIECEWISE_BEZIER_KNOTS.);
#9373 = CARTESIAN_POINT('',(-7.923256628519,4.26,0.1653125));
#9374 = CARTESIAN_POINT('',(-2.64108554284,4.26,0.165625));
#9375 = CARTESIAN_POINT('',(2.641085542839,4.26,0.165625));
#9376 = CARTESIAN_POINT('',(7.923256628518,4.26,0.1653125));
#9377 = ORIENTED_EDGE('',*,*,#9378,.T.);
#9378 = EDGE_CURVE('',#9370,#9184,#9379,.T.);
#9379 = B_SPLINE_CURVE_WITH_KNOTS('',3,(#9380,#9381,#9382,#9383),
  .UNSPECIFIED.,.F.,.F.,(4,4),(0.,1.),.PIECEWISE_BEZIER_KNOTS.);
#9380 = CARTESIAN_POINT('',(-7.923256628519,4.26,0.1653125));
#9381 = CARTESIAN_POINT('',(-8.115504419013,4.26,0.165416666667));
#9382 = CARTESIAN_POINT('',(-8.307752209506,4.26,0.165520833333));
#9383 = CARTESIAN_POINT('',(-8.5,4.26,0.165625));
#9384 = ORIENTED_EDGE('',*,*,#9191,.F.);
#9385 = ORIENTED_EDGE('',*,*,#9234,.T.);
#9386 = ORIENTED_EDGE('',*,*,#9302,.T.);
#9387 = PLANE('',#9388);
#9388 = AXIS2_PLACEMENT_3D('',#9389,#9390,#9391);
#9389 = CARTESIAN_POINT('',(0.,4.28,0.165625));
#9390 = DIRECTION('',(0.,-0.,-1.));
#9391 = DIRECTION('',(-1.,-0.,0.));
#9392 = ADVANCED_FACE('',(#9393),#9412,.F.);
#9393 = FACE_BOUND('',#9394,.T.);
#9394 = EDGE_LOOP('',(#9395,#9404,#9410,#9411));
#9395 = ORIENTED_EDGE('',*,*,#9396,.F.);
#9396 = EDGE_CURVE('',#9397,#9370,#9399,.T.);
#9397 = VERTEX_POINT('',#9398);
#9398 = CARTESIAN_POINT('',(-7.920577136591,4.25,0.165625));
#9399 = B_SPLINE_CURVE_WITH_KNOTS('',3,(#9400,#9401,#9402,#9403),
  .UNSPECIFIED.,.F.,.F.,(4,4),(0.,1.),.PIECEWISE_BEZIER_KNOTS.);
#9400 = CARTESIAN_POINT('',(-7.920577136591,4.25,0.165625));
#9401 = CARTESIAN_POINT('',(-7.921470300569,4.253333333333,
    0.165520833333));
#9402 = CARTESIAN_POINT('',(-7.922363464543,4.256666666667,
    0.165416666667));
#9403 = CARTESIAN_POINT('',(-7.923256628519,4.26,0.1653125));
#9404 = ORIENTED_EDGE('',*,*,#9405,.F.);
#9405 = EDGE_CURVE('',#3223,#9397,#9406,.T.);
#9406 = LINE('',#9407,#9408);
#9407 = CARTESIAN_POINT('',(7.920577136594,4.25,0.165625));
#9408 = VECTOR('',#9409,1.);
#9409 = DIRECTION('',(-1.,-0.,0.));
#9410 = ORIENTED_EDGE('',*,*,#3222,.F.);
#9411 = ORIENTED_EDGE('',*,*,#9369,.F.);
#9412 = PLANE('',#9413);
#9413 = AXIS2_PLACEMENT_3D('',#9414,#9415,#9416);
#9414 = CARTESIAN_POINT('',(-8.490985692333E-13,4.255,0.1653125));
#9415 = DIRECTION('',(0.,-6.237828615514E-02,-0.998052578483));
#9416 = DIRECTION('',(-1.,-0.,0.));
#9417 = ADVANCED_FACE('',(#9418),#9451,.T.);
#9418 = FACE_BOUND('',#9419,.T.);
#9419 = EDGE_LOOP('',(#9420,#9428,#9429,#9437,#9445));
#9420 = ORIENTED_EDGE('',*,*,#9421,.T.);
#9421 = EDGE_CURVE('',#9422,#9397,#9424,.T.);
#9422 = VERTEX_POINT('',#9423);
#9423 = CARTESIAN_POINT('',(-7.920577136594,4.25,0.15));
#9424 = LINE('',#9425,#9426);
#9425 = CARTESIAN_POINT('',(-7.920577136594,4.25,0.15));
#9426 = VECTOR('',#9427,1.);
#9427 = DIRECTION('',(2.096953721785E-10,-3.296918293943E-12,1.));
#9428 = ORIENTED_EDGE('',*,*,#9396,.T.);
#9429 = ORIENTED_EDGE('',*,*,#9430,.F.);
#9430 = EDGE_CURVE('',#9431,#9370,#9433,.T.);
#9431 = VERTEX_POINT('',#9432);
#9432 = CARTESIAN_POINT('',(-7.923256628518,4.26,-1.1));
#9433 = LINE('',#9434,#9435);
#9434 = CARTESIAN_POINT('',(-7.923256628518,4.26,-1.1));
#9435 = VECTOR('',#9436,1.);
#9436 = DIRECTION('',(-6.68250614417E-13,7.651188757506E-14,1.));
#9437 = ORIENTED_EDGE('',*,*,#9438,.F.);
#9438 = EDGE_CURVE('',#9439,#9431,#9441,.T.);
#9439 = VERTEX_POINT('',#9440);
#9440 = CARTESIAN_POINT('',(-7.920577136594,4.25,-1.1));
#9441 = LINE('',#9442,#9443);
#9442 = CARTESIAN_POINT('',(-7.920577136594,4.25,-1.1));
#9443 = VECTOR('',#9444,1.);
#9444 = DIRECTION('',(-0.258819045102,0.965925826289,0.));
#9445 = ORIENTED_EDGE('',*,*,#9446,.F.);
#9446 = EDGE_CURVE('',#9422,#9439,#9447,.T.);
#9447 = LINE('',#9448,#9449);
#9448 = CARTESIAN_POINT('',(-7.920577136594,4.25,0.15));
#9449 = VECTOR('',#9450,1.);
#9450 = DIRECTION('',(0.,-0.,-1.));
#9451 = PLANE('',#9452);
#9452 = AXIS2_PLACEMENT_3D('',#9453,#9454,#9455);
#9453 = CARTESIAN_POINT('',(-7.921916882556,4.255,-0.4671875));
#9454 = DIRECTION('',(-0.965925826289,-0.258819045103,0.));
#9455 = DIRECTION('',(0.,0.,1.));
#9456 = ADVANCED_FACE('',(#9457),#9468,.T.);
#9457 = FACE_BOUND('',#9458,.T.);
#9458 = EDGE_LOOP('',(#9459,#9460,#9461,#9462));
#9459 = ORIENTED_EDGE('',*,*,#3231,.F.);
#9460 = ORIENTED_EDGE('',*,*,#9405,.T.);
#9461 = ORIENTED_EDGE('',*,*,#9421,.F.);
#9462 = ORIENTED_EDGE('',*,*,#9463,.F.);
#9463 = EDGE_CURVE('',#3232,#9422,#9464,.T.);
#9464 = LINE('',#9465,#9466);
#9465 = CARTESIAN_POINT('',(7.920577136594,4.25,0.15));
#9466 = VECTOR('',#9467,1.);
#9467 = DIRECTION('',(-1.,-0.,0.));
#9468 = PLANE('',#9469);
#9469 = AXIS2_PLACEMENT_3D('',#9470,#9471,#9472);
#9470 = CARTESIAN_POINT('',(2.996713988068E-12,4.25,-0.4671875));
#9471 = DIRECTION('',(0.,-1.,0.));
#9472 = DIRECTION('',(-1.,0.,0.));
#9473 = ADVANCED_FACE('',(#9474,#9490,#9506,#9512,#9518,#9524,#9530,
    #9536,#9552,#9568,#9574,#9580,#9586,#9592,#9598),#9620,.F.);
#9474 = FACE_BOUND('',#9475,.T.);
#9475 = EDGE_LOOP('',(#9476,#9477,#9483,#9484));
#9476 = ORIENTED_EDGE('',*,*,#119,.F.);
#9477 = ORIENTED_EDGE('',*,*,#9478,.F.);
#9478 = EDGE_CURVE('',#227,#112,#9479,.T.);
#9479 = LINE('',#9480,#9481);
#9480 = CARTESIAN_POINT('',(-5.3,2.866068214363,0.15));
#9481 = VECTOR('',#9482,1.);
#9482 = DIRECTION('',(0.,1.,0.));
#9483 = ORIENTED_EDGE('',*,*,#243,.F.);
#9484 = ORIENTED_EDGE('',*,*,#9485,.T.);
#9485 = EDGE_CURVE('',#236,#94,#9486,.T.);
#9486 = LINE('',#9487,#9488);
#9487 = CARTESIAN_POINT('',(-5.7,2.866068214363,0.15));
#9488 = VECTOR('',#9489,1.);
#9489 = DIRECTION('',(0.,1.,0.));
#9490 = FACE_BOUND('',#9491,.T.);
#9491 = EDGE_LOOP('',(#9492,#9493,#9499,#9500));
#9492 = ORIENTED_EDGE('',*,*,#283,.F.);
#9493 = ORIENTED_EDGE('',*,*,#9494,.F.);
#9494 = EDGE_CURVE('',#391,#276,#9495,.T.);
#9495 = LINE('',#9496,#9497);
#9496 = CARTESIAN_POINT('',(-3.3,2.866068214363,0.15));
#9497 = VECTOR('',#9498,1.);
#9498 = DIRECTION('',(0.,1.,0.));
#9499 = ORIENTED_EDGE('',*,*,#407,.F.);
#9500 = ORIENTED_EDGE('',*,*,#9501,.T.);
#9501 = EDGE_CURVE('',#400,#258,#9502,.T.);
#9502 = LINE('',#9503,#9504);
#9503 = CARTESIAN_POINT('',(-3.7,2.866068214363,0.15));
#9504 = VECTOR('',#9505,1.);
#9505 = DIRECTION('',(0.,1.,0.));
#9506 = FACE_BOUND('',#9507,.T.);
#9507 = EDGE_LOOP('',(#9508,#9509,#9510,#9511));
#9508 = ORIENTED_EDGE('',*,*,#4170,.F.);
#9509 = ORIENTED_EDGE('',*,*,#4332,.F.);
#9510 = ORIENTED_EDGE('',*,*,#4294,.F.);
#9511 = ORIENTED_EDGE('',*,*,#4443,.T.);
#9512 = FACE_BOUND('',#9513,.T.);
#9513 = EDGE_LOOP('',(#9514,#9515,#9516,#9517));
#9514 = ORIENTED_EDGE('',*,*,#4682,.F.);
#9515 = ORIENTED_EDGE('',*,*,#4844,.F.);
#9516 = ORIENTED_EDGE('',*,*,#4806,.F.);
#9517 = ORIENTED_EDGE('',*,*,#4955,.T.);
#9518 = FACE_BOUND('',#9519,.T.);
#9519 = EDGE_LOOP('',(#9520,#9521,#9522,#9523));
#9520 = ORIENTED_EDGE('',*,*,#5194,.F.);
#9521 = ORIENTED_EDGE('',*,*,#5356,.F.);
#9522 = ORIENTED_EDGE('',*,*,#5318,.F.);
#9523 = ORIENTED_EDGE('',*,*,#5467,.T.);
#9524 = FACE_BOUND('',#9525,.T.);
#9525 = EDGE_LOOP('',(#9526,#9527,#9528,#9529));
#9526 = ORIENTED_EDGE('',*,*,#5706,.F.);
#9527 = ORIENTED_EDGE('',*,*,#5868,.F.);
#9528 = ORIENTED_EDGE('',*,*,#5830,.F.);
#9529 = ORIENTED_EDGE('',*,*,#5979,.T.);
#9530 = FACE_BOUND('',#9531,.T.);
#9531 = EDGE_LOOP('',(#9532,#9533,#9534,#9535));
#9532 = ORIENTED_EDGE('',*,*,#6218,.F.);
#9533 = ORIENTED_EDGE('',*,*,#6380,.F.);
#9534 = ORIENTED_EDGE('',*,*,#6342,.F.);
#9535 = ORIENTED_EDGE('',*,*,#6491,.T.);
#9536 = FACE_BOUND('',#9537,.T.);
#9537 = EDGE_LOOP('',(#9538,#9539,#9545,#9546));
#9538 = ORIENTED_EDGE('',*,*,#447,.F.);
#9539 = ORIENTED_EDGE('',*,*,#9540,.F.);
#9540 = EDGE_CURVE('',#555,#440,#9541,.T.);
#9541 = LINE('',#9542,#9543);
#9542 = CARTESIAN_POINT('',(-6.3,2.871482281007,0.15));
#9543 = VECTOR('',#9544,1.);
#9544 = DIRECTION('',(0.,1.,0.));
#9545 = ORIENTED_EDGE('',*,*,#571,.F.);
#9546 = ORIENTED_EDGE('',*,*,#9547,.T.);
#9547 = EDGE_CURVE('',#564,#422,#9548,.T.);
#9548 = LINE('',#9549,#9550);
#9549 = CARTESIAN_POINT('',(-6.7,2.871482281007,0.15));
#9550 = VECTOR('',#9551,1.);
#9551 = DIRECTION('',(0.,1.,0.));
#9552 = FACE_BOUND('',#9553,.T.);
#9553 = EDGE_LOOP('',(#9554,#9555,#9561,#9562));
#9554 = ORIENTED_EDGE('',*,*,#611,.F.);
#9555 = ORIENTED_EDGE('',*,*,#9556,.F.);
#9556 = EDGE_CURVE('',#719,#604,#9557,.T.);
#9557 = LINE('',#9558,#9559);
#9558 = CARTESIAN_POINT('',(-4.3,2.871482281007,0.15));
#9559 = VECTOR('',#9560,1.);
#9560 = DIRECTION('',(0.,1.,0.));
#9561 = ORIENTED_EDGE('',*,*,#735,.F.);
#9562 = ORIENTED_EDGE('',*,*,#9563,.T.);
#9563 = EDGE_CURVE('',#728,#586,#9564,.T.);
#9564 = LINE('',#9565,#9566);
#9565 = CARTESIAN_POINT('',(-4.7,2.871482281007,0.15));
#9566 = VECTOR('',#9567,1.);
#9567 = DIRECTION('',(0.,1.,0.));
#9568 = FACE_BOUND('',#9569,.T.);
#9569 = EDGE_LOOP('',(#9570,#9571,#9572,#9573));
#9570 = ORIENTED_EDGE('',*,*,#775,.F.);
#9571 = ORIENTED_EDGE('',*,*,#1062,.F.);
#9572 = ORIENTED_EDGE('',*,*,#899,.F.);
#9573 = ORIENTED_EDGE('',*,*,#1169,.T.);
#9574 = FACE_BOUND('',#9575,.T.);
#9575 = EDGE_LOOP('',(#9576,#9577,#9578,#9579));
#9576 = ORIENTED_EDGE('',*,*,#1266,.F.);
#9577 = ORIENTED_EDGE('',*,*,#1553,.F.);
#9578 = ORIENTED_EDGE('',*,*,#1390,.F.);
#9579 = ORIENTED_EDGE('',*,*,#1660,.T.);
#9580 = FACE_BOUND('',#9581,.T.);
#9581 = EDGE_LOOP('',(#9582,#9583,#9584,#9585));
#9582 = ORIENTED_EDGE('',*,*,#1757,.F.);
#9583 = ORIENTED_EDGE('',*,*,#2044,.F.);
#9584 = ORIENTED_EDGE('',*,*,#1881,.F.);
#9585 = ORIENTED_EDGE('',*,*,#2151,.T.);
#9586 = FACE_BOUND('',#9587,.T.);
#9587 = EDGE_LOOP('',(#9588,#9589,#9590,#9591));
#9588 = ORIENTED_EDGE('',*,*,#2248,.F.);
#9589 = ORIENTED_EDGE('',*,*,#2535,.F.);
#9590 = ORIENTED_EDGE('',*,*,#2372,.F.);
#9591 = ORIENTED_EDGE('',*,*,#2642,.T.);
#9592 = FACE_BOUND('',#9593,.T.);
#9593 = EDGE_LOOP('',(#9594,#9595,#9596,#9597));
#9594 = ORIENTED_EDGE('',*,*,#2739,.F.);
#9595 = ORIENTED_EDGE('',*,*,#3026,.F.);
#9596 = ORIENTED_EDGE('',*,*,#2863,.F.);
#9597 = ORIENTED_EDGE('',*,*,#3133,.T.);
#9598 = FACE_BOUND('',#9599,.T.);
#9599 = EDGE_LOOP('',(#9600,#9606,#9607,#9608,#9609,#9610,#9611,#9612,
    #9613,#9619));
#9600 = ORIENTED_EDGE('',*,*,#9601,.F.);
#9601 = EDGE_CURVE('',#7108,#9422,#9602,.T.);
#9602 = LINE('',#9603,#9604);
#9603 = CARTESIAN_POINT('',(-7.99,4.25,0.15));
#9604 = VECTOR('',#9605,1.);
#9605 = DIRECTION('',(1.,1.30496200192E-12,-0.));
#9606 = ORIENTED_EDGE('',*,*,#7105,.F.);
#9607 = ORIENTED_EDGE('',*,*,#8062,.F.);
#9608 = ORIENTED_EDGE('',*,*,#7749,.T.);
#9609 = ORIENTED_EDGE('',*,*,#7707,.T.);
#9610 = ORIENTED_EDGE('',*,*,#7922,.T.);
#9611 = ORIENTED_EDGE('',*,*,#8076,.F.);
#9612 = ORIENTED_EDGE('',*,*,#7155,.F.);
#9613 = ORIENTED_EDGE('',*,*,#9614,.F.);
#9614 = EDGE_CURVE('',#3232,#7148,#9615,.T.);
#9615 = LINE('',#9616,#9617);
#9616 = CARTESIAN_POINT('',(7.920577136594,4.25,0.15));
#9617 = VECTOR('',#9618,1.);
#9618 = DIRECTION('',(1.,-1.30496200192E-12,0.));
#9619 = ORIENTED_EDGE('',*,*,#9463,.T.);
#9620 = PLANE('',#9621);
#9621 = AXIS2_PLACEMENT_3D('',#9622,#9623,#9624);
#9622 = CARTESIAN_POINT('',(0.,2.8,0.15));
#9623 = DIRECTION('',(0.,-0.,-1.));
#9624 = DIRECTION('',(-1.,-0.,0.));
#9625 = ADVANCED_FACE('',(#9626),#9634,.F.);
#9626 = FACE_BOUND('',#9627,.T.);
#9627 = EDGE_LOOP('',(#9628,#9629,#9630,#9631,#9632,#9633));
#9628 = ORIENTED_EDGE('',*,*,#3827,.T.);
#9629 = ORIENTED_EDGE('',*,*,#3860,.T.);
#9630 = ORIENTED_EDGE('',*,*,#3891,.T.);
#9631 = ORIENTED_EDGE('',*,*,#3922,.T.);
#9632 = ORIENTED_EDGE('',*,*,#3961,.T.);
#9633 = ORIENTED_EDGE('',*,*,#6553,.T.);
#9634 = PLANE('',#9635);
#9635 = AXIS2_PLACEMENT_3D('',#9636,#9637,#9638);
#9636 = CARTESIAN_POINT('',(-3.3,2.260070900416,-0.825));
#9637 = DIRECTION('',(-1.,-0.,0.));
#9638 = DIRECTION('',(0.,-0.,-1.));
#9639 = ADVANCED_FACE('',(#9640),#9648,.F.);
#9640 = FACE_BOUND('',#9641,.T.);
#9641 = EDGE_LOOP('',(#9642,#9643,#9644,#9645,#9646,#9647));
#9642 = ORIENTED_EDGE('',*,*,#275,.T.);
#9643 = ORIENTED_EDGE('',*,*,#307,.T.);
#9644 = ORIENTED_EDGE('',*,*,#338,.T.);
#9645 = ORIENTED_EDGE('',*,*,#369,.T.);
#9646 = ORIENTED_EDGE('',*,*,#390,.T.);
#9647 = ORIENTED_EDGE('',*,*,#9494,.T.);
#9648 = PLANE('',#9649);
#9649 = AXIS2_PLACEMENT_3D('',#9650,#9651,#9652);
#9650 = CARTESIAN_POINT('',(-3.3,2.260070900416,-0.825));
#9651 = DIRECTION('',(-1.,-0.,0.));
#9652 = DIRECTION('',(0.,-0.,-1.));
#9653 = ADVANCED_FACE('',(#9654),#9689,.F.);
#9654 = FACE_BOUND('',#9655,.T.);
#9655 = EDGE_LOOP('',(#9656,#9667,#9675,#9683));
#9656 = ORIENTED_EDGE('',*,*,#9657,.T.);
#9657 = EDGE_CURVE('',#9658,#9660,#9662,.T.);
#9658 = VERTEX_POINT('',#9659);
#9659 = CARTESIAN_POINT('',(-3.3,4.25,-1.177351874937));
#9660 = VERTEX_POINT('',#9661);
#9661 = CARTESIAN_POINT('',(-3.3,4.26,-1.17));
#9662 = CIRCLE('',#9663,0.65);
#9663 = AXIS2_PLACEMENT_3D('',#9664,#9665,#9666);
#9664 = CARTESIAN_POINT('',(-3.3,3.87,-0.65));
#9665 = DIRECTION('',(1.,0.,0.));
#9666 = DIRECTION('',(0.,0.584615384615,-0.811310576827));
#9667 = ORIENTED_EDGE('',*,*,#9668,.F.);
#9668 = EDGE_CURVE('',#9669,#9660,#9671,.T.);
#9669 = VERTEX_POINT('',#9670);
#9670 = CARTESIAN_POINT('',(-3.3,4.26,-1.1));
#9671 = LINE('',#9672,#9673);
#9672 = CARTESIAN_POINT('',(-3.3,4.26,-1.1));
#9673 = VECTOR('',#9674,1.);
#9674 = DIRECTION('',(0.,-0.,-1.));
#9675 = ORIENTED_EDGE('',*,*,#9676,.T.);
#9676 = EDGE_CURVE('',#9669,#9677,#9679,.T.);
#9677 = VERTEX_POINT('',#9678);
#9678 = CARTESIAN_POINT('',(-3.3,4.25,-1.1));
#9679 = LINE('',#9680,#9681);
#9680 = CARTESIAN_POINT('',(-3.3,4.26,-1.1));
#9681 = VECTOR('',#9682,1.);
#9682 = DIRECTION('',(0.,-1.,0.));
#9683 = ORIENTED_EDGE('',*,*,#9684,.F.);
#9684 = EDGE_CURVE('',#9658,#9677,#9685,.T.);
#9685 = LINE('',#9686,#9687);
#9686 = CARTESIAN_POINT('',(-3.3,4.25,-1.177351874937));
#9687 = VECTOR('',#9688,1.);
#9688 = DIRECTION('',(0.,0.,1.));
#9689 = PLANE('',#9690);
#9690 = AXIS2_PLACEMENT_3D('',#9691,#9692,#9693);
#9691 = CARTESIAN_POINT('',(-3.3,2.260070900416,-0.825));
#9692 = DIRECTION('',(-1.,-0.,0.));
#9693 = DIRECTION('',(0.,-0.,-1.));
#9694 = ADVANCED_FACE('',(#9695),#9721,.T.);
#9695 = FACE_BOUND('',#9696,.T.);
#9696 = EDGE_LOOP('',(#9697,#9708,#9714,#9715));
#9697 = ORIENTED_EDGE('',*,*,#9698,.T.);
#9698 = EDGE_CURVE('',#9699,#9701,#9703,.T.);
#9699 = VERTEX_POINT('',#9700);
#9700 = CARTESIAN_POINT('',(-3.7,4.25,-1.177351874937));
#9701 = VERTEX_POINT('',#9702);
#9702 = CARTESIAN_POINT('',(-3.7,4.26,-1.17));
#9703 = CIRCLE('',#9704,0.65);
#9704 = AXIS2_PLACEMENT_3D('',#9705,#9706,#9707);
#9705 = CARTESIAN_POINT('',(-3.7,3.87,-0.65));
#9706 = DIRECTION('',(1.,0.,0.));
#9707 = DIRECTION('',(0.,0.584615384615,-0.811310576827));
#9708 = ORIENTED_EDGE('',*,*,#9709,.T.);
#9709 = EDGE_CURVE('',#9701,#9660,#9710,.T.);
#9710 = LINE('',#9711,#9712);
#9711 = CARTESIAN_POINT('',(-3.7,4.26,-1.17));
#9712 = VECTOR('',#9713,1.);
#9713 = DIRECTION('',(1.,0.,0.));
#9714 = ORIENTED_EDGE('',*,*,#9657,.F.);
#9715 = ORIENTED_EDGE('',*,*,#9716,.F.);
#9716 = EDGE_CURVE('',#9699,#9658,#9717,.T.);
#9717 = LINE('',#9718,#9719);
#9718 = CARTESIAN_POINT('',(-3.7,4.25,-1.177351874937));
#9719 = VECTOR('',#9720,1.);
#9720 = DIRECTION('',(1.,0.,0.));
#9721 = CYLINDRICAL_SURFACE('',#9722,0.65);
#9722 = AXIS2_PLACEMENT_3D('',#9723,#9724,#9725);
#9723 = CARTESIAN_POINT('',(-3.708,3.87,-0.65));
#9724 = DIRECTION('',(1.,0.,0.));
#9725 = DIRECTION('',(0.,0.,-1.));
#9726 = ADVANCED_FACE('',(#9727),#9735,.T.);
#9727 = FACE_BOUND('',#9728,.T.);
#9728 = EDGE_LOOP('',(#9729,#9730,#9731,#9732,#9733,#9734));
#9729 = ORIENTED_EDGE('',*,*,#3953,.F.);
#9730 = ORIENTED_EDGE('',*,*,#3929,.F.);
#9731 = ORIENTED_EDGE('',*,*,#3898,.F.);
#9732 = ORIENTED_EDGE('',*,*,#3867,.F.);
#9733 = ORIENTED_EDGE('',*,*,#3808,.F.);
#9734 = ORIENTED_EDGE('',*,*,#6560,.F.);
#9735 = PLANE('',#9736);
#9736 = AXIS2_PLACEMENT_3D('',#9737,#9738,#9739);
#9737 = CARTESIAN_POINT('',(-3.7,2.260070900416,-0.825));
#9738 = DIRECTION('',(-1.,-0.,0.));
#9739 = DIRECTION('',(0.,-0.,-1.));
#9740 = ADVANCED_FACE('',(#9741),#9749,.T.);
#9741 = FACE_BOUND('',#9742,.T.);
#9742 = EDGE_LOOP('',(#9743,#9744,#9745,#9746,#9747,#9748));
#9743 = ORIENTED_EDGE('',*,*,#399,.F.);
#9744 = ORIENTED_EDGE('',*,*,#376,.F.);
#9745 = ORIENTED_EDGE('',*,*,#345,.F.);
#9746 = ORIENTED_EDGE('',*,*,#314,.F.);
#9747 = ORIENTED_EDGE('',*,*,#257,.F.);
#9748 = ORIENTED_EDGE('',*,*,#9501,.F.);
#9749 = PLANE('',#9750);
#9750 = AXIS2_PLACEMENT_3D('',#9751,#9752,#9753);
#9751 = CARTESIAN_POINT('',(-3.7,2.260070900416,-0.825));
#9752 = DIRECTION('',(-1.,-0.,0.));
#9753 = DIRECTION('',(0.,-0.,-1.));
#9754 = ADVANCED_FACE('',(#9755),#9780,.T.);
#9755 = FACE_BOUND('',#9756,.T.);
#9756 = EDGE_LOOP('',(#9757,#9767,#9773,#9774));
#9757 = ORIENTED_EDGE('',*,*,#9758,.F.);
#9758 = EDGE_CURVE('',#9759,#9761,#9763,.T.);
#9759 = VERTEX_POINT('',#9760);
#9760 = CARTESIAN_POINT('',(-3.7,4.26,-1.1));
#9761 = VERTEX_POINT('',#9762);
#9762 = CARTESIAN_POINT('',(-3.7,4.25,-1.1));
#9763 = LINE('',#9764,#9765);
#9764 = CARTESIAN_POINT('',(-3.7,4.26,-1.1));
#9765 = VECTOR('',#9766,1.);
#9766 = DIRECTION('',(0.,-1.,0.));
#9767 = ORIENTED_EDGE('',*,*,#9768,.T.);
#9768 = EDGE_CURVE('',#9759,#9701,#9769,.T.);
#9769 = LINE('',#9770,#9771);
#9770 = CARTESIAN_POINT('',(-3.7,4.26,-1.1));
#9771 = VECTOR('',#9772,1.);
#9772 = DIRECTION('',(0.,-0.,-1.));
#9773 = ORIENTED_EDGE('',*,*,#9698,.F.);
#9774 = ORIENTED_EDGE('',*,*,#9775,.T.);
#9775 = EDGE_CURVE('',#9699,#9761,#9776,.T.);
#9776 = LINE('',#9777,#9778);
#9777 = CARTESIAN_POINT('',(-3.7,4.25,-1.177351874937));
#9778 = VECTOR('',#9779,1.);
#9779 = DIRECTION('',(0.,0.,1.));
#9780 = PLANE('',#9781);
#9781 = AXIS2_PLACEMENT_3D('',#9782,#9783,#9784);
#9782 = CARTESIAN_POINT('',(-3.7,2.260070900416,-0.825));
#9783 = DIRECTION('',(-1.,-0.,0.));
#9784 = DIRECTION('',(0.,-0.,-1.));
#9785 = ADVANCED_FACE('',(#9786),#9822,.T.);
#9786 = FACE_BOUND('',#9787,.T.);
#9787 = EDGE_LOOP('',(#9788,#9799,#9807,#9816));
#9788 = ORIENTED_EDGE('',*,*,#9789,.T.);
#9789 = EDGE_CURVE('',#9790,#9792,#9794,.T.);
#9790 = VERTEX_POINT('',#9791);
#9791 = CARTESIAN_POINT('',(-4.7,4.25,-1.197722557505));
#9792 = VERTEX_POINT('',#9793);
#9793 = CARTESIAN_POINT('',(-4.7,4.26,-1.191202365109));
#9794 = CIRCLE('',#9795,0.65);
#9795 = AXIS2_PLACEMENT_3D('',#9796,#9797,#9798);
#9796 = CARTESIAN_POINT('',(-4.7,3.9,-0.65));
#9797 = DIRECTION('',(1.,0.,0.));
#9798 = DIRECTION('',(0.,0.538461538462,-0.84265008847));
#9799 = ORIENTED_EDGE('',*,*,#9800,.T.);
#9800 = EDGE_CURVE('',#9792,#9801,#9803,.T.);
#9801 = VERTEX_POINT('',#9802);
#9802 = CARTESIAN_POINT('',(-4.3,4.26,-1.191202365109));
#9803 = LINE('',#9804,#9805);
#9804 = CARTESIAN_POINT('',(-4.7,4.26,-1.191202365109));
#9805 = VECTOR('',#9806,1.);
#9806 = DIRECTION('',(1.,0.,0.));
#9807 = ORIENTED_EDGE('',*,*,#9808,.F.);
#9808 = EDGE_CURVE('',#9809,#9801,#9811,.T.);
#9809 = VERTEX_POINT('',#9810);
#9810 = CARTESIAN_POINT('',(-4.3,4.25,-1.197722557505));
#9811 = CIRCLE('',#9812,0.65);
#9812 = AXIS2_PLACEMENT_3D('',#9813,#9814,#9815);
#9813 = CARTESIAN_POINT('',(-4.3,3.9,-0.65));
#9814 = DIRECTION('',(1.,0.,0.));
#9815 = DIRECTION('',(0.,0.538461538462,-0.84265008847));
#9816 = ORIENTED_EDGE('',*,*,#9817,.F.);
#9817 = EDGE_CURVE('',#9790,#9809,#9818,.T.);
#9818 = LINE('',#9819,#9820);
#9819 = CARTESIAN_POINT('',(-4.7,4.25,-1.197722557505));
#9820 = VECTOR('',#9821,1.);
#9821 = DIRECTION('',(1.,0.,0.));
#9822 = CYLINDRICAL_SURFACE('',#9823,0.65);
#9823 = AXIS2_PLACEMENT_3D('',#9824,#9825,#9826);
#9824 = CARTESIAN_POINT('',(-4.708,3.9,-0.65));
#9825 = DIRECTION('',(1.,0.,0.));
#9826 = DIRECTION('',(0.,0.,-1.));
#9827 = ADVANCED_FACE('',(#9828),#10028,.T.);
#9828 = FACE_BOUND('',#9829,.T.);
#9829 = EDGE_LOOP('',(#9830,#9840,#9846,#9847,#9855,#9861,#9862,#9863,
    #9864,#9865,#9866,#9867,#9868,#9869,#9870,#9871,#9872,#9873,#9874,
    #9875,#9876,#9882,#9883,#9884,#9885,#9891,#9892,#9893,#9894,#9900,
    #9901,#9902,#9903,#9909,#9910,#9911,#9912,#9918,#9919,#9920,#9921,
    #9927,#9928,#9929,#9930,#9936,#9937,#9938,#9939,#9945,#9946,#9947,
    #9948,#9954,#9955,#9956,#9957,#9963,#9964,#9965,#9966,#9972,#9973,
    #9974,#9975,#9983,#9989,#9990,#9998,#10006,#10014,#10022));
#9830 = ORIENTED_EDGE('',*,*,#9831,.T.);
#9831 = EDGE_CURVE('',#9832,#9834,#9836,.T.);
#9832 = VERTEX_POINT('',#9833);
#9833 = CARTESIAN_POINT('',(-5.7,4.26,-1.1));
#9834 = VERTEX_POINT('',#9835);
#9835 = CARTESIAN_POINT('',(-6.3,4.26,-1.1));
#9836 = LINE('',#9837,#9838);
#9837 = CARTESIAN_POINT('',(-5.7,4.26,-1.1));
#9838 = VECTOR('',#9839,1.);
#9839 = DIRECTION('',(-1.,-0.,0.));
#9840 = ORIENTED_EDGE('',*,*,#9841,.T.);
#9841 = EDGE_CURVE('',#9834,#63,#9842,.T.);
#9842 = LINE('',#9843,#9844);
#9843 = CARTESIAN_POINT('',(-6.3,4.26,-1.1));
#9844 = VECTOR('',#9845,1.);
#9845 = DIRECTION('',(0.,-0.,-1.));
#9846 = ORIENTED_EDGE('',*,*,#62,.F.);
#9847 = ORIENTED_EDGE('',*,*,#9848,.F.);
#9848 = EDGE_CURVE('',#9849,#54,#9851,.T.);
#9849 = VERTEX_POINT('',#9850);
#9850 = CARTESIAN_POINT('',(-6.7,4.26,-1.1));
#9851 = LINE('',#9852,#9853);
#9852 = CARTESIAN_POINT('',(-6.7,4.26,-1.1));
#9853 = VECTOR('',#9854,1.);
#9854 = DIRECTION('',(0.,-0.,-1.));
#9855 = ORIENTED_EDGE('',*,*,#9856,.T.);
#9856 = EDGE_CURVE('',#9849,#9431,#9857,.T.);
#9857 = LINE('',#9858,#9859);
#9858 = CARTESIAN_POINT('',(-6.7,4.26,-1.1));
#9859 = VECTOR('',#9860,1.);
#9860 = DIRECTION('',(-1.,-4.537980824065E-14,0.));
#9861 = ORIENTED_EDGE('',*,*,#9430,.T.);
#9862 = ORIENTED_EDGE('',*,*,#9378,.T.);
#9863 = ORIENTED_EDGE('',*,*,#9183,.T.);
#9864 = ORIENTED_EDGE('',*,*,#9133,.T.);
#9865 = ORIENTED_EDGE('',*,*,#9101,.T.);
#9866 = ORIENTED_EDGE('',*,*,#9078,.T.);
#9867 = ORIENTED_EDGE('',*,*,#9023,.T.);
#9868 = ORIENTED_EDGE('',*,*,#8996,.T.);
#9869 = ORIENTED_EDGE('',*,*,#8972,.T.);
#9870 = ORIENTED_EDGE('',*,*,#8943,.T.);
#9871 = ORIENTED_EDGE('',*,*,#8896,.F.);
#9872 = ORIENTED_EDGE('',*,*,#8858,.T.);
#9873 = ORIENTED_EDGE('',*,*,#8768,.F.);
#9874 = ORIENTED_EDGE('',*,*,#9362,.T.);
#9875 = ORIENTED_EDGE('',*,*,#3214,.F.);
#9876 = ORIENTED_EDGE('',*,*,#9877,.T.);
#9877 = EDGE_CURVE('',#3207,#6406,#9878,.T.);
#9878 = LINE('',#9879,#9880);
#9879 = CARTESIAN_POINT('',(7.923256628518,4.26,-1.1));
#9880 = VECTOR('',#9881,1.);
#9881 = DIRECTION('',(-1.,4.46537313088E-14,0.));
#9882 = ORIENTED_EDGE('',*,*,#6405,.T.);
#9883 = ORIENTED_EDGE('',*,*,#6446,.F.);
#9884 = ORIENTED_EDGE('',*,*,#6515,.F.);
#9885 = ORIENTED_EDGE('',*,*,#9886,.T.);
#9886 = EDGE_CURVE('',#6506,#3042,#9887,.T.);
#9887 = LINE('',#9888,#9889);
#9888 = CARTESIAN_POINT('',(6.3,4.26,-1.1));
#9889 = VECTOR('',#9890,1.);
#9890 = DIRECTION('',(-1.,-0.,0.));
#9891 = ORIENTED_EDGE('',*,*,#3041,.T.);
#9892 = ORIENTED_EDGE('',*,*,#2888,.F.);
#9893 = ORIENTED_EDGE('',*,*,#3157,.F.);
#9894 = ORIENTED_EDGE('',*,*,#9895,.T.);
#9895 = EDGE_CURVE('',#3148,#5894,#9896,.T.);
#9896 = LINE('',#9897,#9898);
#9897 = CARTESIAN_POINT('',(5.3,4.26,-1.1));
#9898 = VECTOR('',#9899,1.);
#9899 = DIRECTION('',(-1.,-0.,0.));
#9900 = ORIENTED_EDGE('',*,*,#5893,.T.);
#9901 = ORIENTED_EDGE('',*,*,#5934,.F.);
#9902 = ORIENTED_EDGE('',*,*,#6003,.F.);
#9903 = ORIENTED_EDGE('',*,*,#9904,.T.);
#9904 = EDGE_CURVE('',#5994,#2551,#9905,.T.);
#9905 = LINE('',#9906,#9907);
#9906 = CARTESIAN_POINT('',(4.3,4.26,-1.1));
#9907 = VECTOR('',#9908,1.);
#9908 = DIRECTION('',(-1.,-0.,0.));
#9909 = ORIENTED_EDGE('',*,*,#2550,.T.);
#9910 = ORIENTED_EDGE('',*,*,#2397,.F.);
#9911 = ORIENTED_EDGE('',*,*,#2666,.F.);
#9912 = ORIENTED_EDGE('',*,*,#9913,.T.);
#9913 = EDGE_CURVE('',#2657,#5382,#9914,.T.);
#9914 = LINE('',#9915,#9916);
#9915 = CARTESIAN_POINT('',(3.3,4.26,-1.1));
#9916 = VECTOR('',#9917,1.);
#9917 = DIRECTION('',(-1.,-0.,0.));
#9918 = ORIENTED_EDGE('',*,*,#5381,.T.);
#9919 = ORIENTED_EDGE('',*,*,#5422,.F.);
#9920 = ORIENTED_EDGE('',*,*,#5491,.F.);
#9921 = ORIENTED_EDGE('',*,*,#9922,.T.);
#9922 = EDGE_CURVE('',#5482,#2060,#9923,.T.);
#9923 = LINE('',#9924,#9925);
#9924 = CARTESIAN_POINT('',(2.3,4.26,-1.1));
#9925 = VECTOR('',#9926,1.);
#9926 = DIRECTION('',(-1.,-0.,0.));
#9927 = ORIENTED_EDGE('',*,*,#2059,.T.);
#9928 = ORIENTED_EDGE('',*,*,#1906,.F.);
#9929 = ORIENTED_EDGE('',*,*,#2175,.F.);
#9930 = ORIENTED_EDGE('',*,*,#9931,.T.);
#9931 = EDGE_CURVE('',#2166,#4870,#9932,.T.);
#9932 = LINE('',#9933,#9934);
#9933 = CARTESIAN_POINT('',(1.3,4.26,-1.1));
#9934 = VECTOR('',#9935,1.);
#9935 = DIRECTION('',(-1.,-0.,0.));
#9936 = ORIENTED_EDGE('',*,*,#4869,.T.);
#9937 = ORIENTED_EDGE('',*,*,#4910,.F.);
#9938 = ORIENTED_EDGE('',*,*,#4979,.F.);
#9939 = ORIENTED_EDGE('',*,*,#9940,.T.);
#9940 = EDGE_CURVE('',#4970,#1569,#9941,.T.);
#9941 = LINE('',#9942,#9943);
#9942 = CARTESIAN_POINT('',(0.3,4.26,-1.1));
#9943 = VECTOR('',#9944,1.);
#9944 = DIRECTION('',(-1.,-0.,0.));
#9945 = ORIENTED_EDGE('',*,*,#1568,.T.);
#9946 = ORIENTED_EDGE('',*,*,#1415,.F.);
#9947 = ORIENTED_EDGE('',*,*,#1684,.F.);
#9948 = ORIENTED_EDGE('',*,*,#9949,.T.);
#9949 = EDGE_CURVE('',#1675,#4358,#9950,.T.);
#9950 = LINE('',#9951,#9952);
#9951 = CARTESIAN_POINT('',(-0.7,4.26,-1.1));
#9952 = VECTOR('',#9953,1.);
#9953 = DIRECTION('',(-1.,-0.,0.));
#9954 = ORIENTED_EDGE('',*,*,#4357,.T.);
#9955 = ORIENTED_EDGE('',*,*,#4398,.F.);
#9956 = ORIENTED_EDGE('',*,*,#4467,.F.);
#9957 = ORIENTED_EDGE('',*,*,#9958,.T.);
#9958 = EDGE_CURVE('',#4458,#1078,#9959,.T.);
#9959 = LINE('',#9960,#9961);
#9960 = CARTESIAN_POINT('',(-1.7,4.26,-1.1));
#9961 = VECTOR('',#9962,1.);
#9962 = DIRECTION('',(-1.,-0.,0.));
#9963 = ORIENTED_EDGE('',*,*,#1077,.T.);
#9964 = ORIENTED_EDGE('',*,*,#924,.F.);
#9965 = ORIENTED_EDGE('',*,*,#1193,.F.);
#9966 = ORIENTED_EDGE('',*,*,#9967,.T.);
#9967 = EDGE_CURVE('',#1184,#9669,#9968,.T.);
#9968 = LINE('',#9969,#9970);
#9969 = CARTESIAN_POINT('',(-2.7,4.26,-1.1));
#9970 = VECTOR('',#9971,1.);
#9971 = DIRECTION('',(-1.,-0.,0.));
#9972 = ORIENTED_EDGE('',*,*,#9668,.T.);
#9973 = ORIENTED_EDGE('',*,*,#9709,.F.);
#9974 = ORIENTED_EDGE('',*,*,#9768,.F.);
#9975 = ORIENTED_EDGE('',*,*,#9976,.T.);
#9976 = EDGE_CURVE('',#9759,#9977,#9979,.T.);
#9977 = VERTEX_POINT('',#9978);
#9978 = CARTESIAN_POINT('',(-4.3,4.26,-1.1));
#9979 = LINE('',#9980,#9981);
#9980 = CARTESIAN_POINT('',(-3.7,4.26,-1.1));
#9981 = VECTOR('',#9982,1.);
#9982 = DIRECTION('',(-1.,-0.,0.));
#9983 = ORIENTED_EDGE('',*,*,#9984,.T.);
#9984 = EDGE_CURVE('',#9977,#9801,#9985,.T.);
#9985 = LINE('',#9986,#9987);
#9986 = CARTESIAN_POINT('',(-4.3,4.26,-1.1));
#9987 = VECTOR('',#9988,1.);
#9988 = DIRECTION('',(0.,-0.,-1.));
#9989 = ORIENTED_EDGE('',*,*,#9800,.F.);
#9990 = ORIENTED_EDGE('',*,*,#9991,.F.);
#9991 = EDGE_CURVE('',#9992,#9792,#9994,.T.);
#9992 = VERTEX_POINT('',#9993);
#9993 = CARTESIAN_POINT('',(-4.7,4.26,-1.1));
#9994 = LINE('',#9995,#9996);
#9995 = CARTESIAN_POINT('',(-4.7,4.26,-1.1));
#9996 = VECTOR('',#9997,1.);
#9997 = DIRECTION('',(0.,-0.,-1.));
#9998 = ORIENTED_EDGE('',*,*,#9999,.T.);
#9999 = EDGE_CURVE('',#9992,#10000,#10002,.T.);
#10000 = VERTEX_POINT('',#10001);
#10001 = CARTESIAN_POINT('',(-5.3,4.26,-1.1));
#10002 = LINE('',#10003,#10004);
#10003 = CARTESIAN_POINT('',(-4.7,4.26,-1.1));
#10004 = VECTOR('',#10005,1.);
#10005 = DIRECTION('',(-1.,-0.,0.));
#10006 = ORIENTED_EDGE('',*,*,#10007,.T.);
#10007 = EDGE_CURVE('',#10000,#10008,#10010,.T.);
#10008 = VERTEX_POINT('',#10009);
#10009 = CARTESIAN_POINT('',(-5.3,4.26,-1.17));
#10010 = LINE('',#10011,#10012);
#10011 = CARTESIAN_POINT('',(-5.3,4.26,-1.1));
#10012 = VECTOR('',#10013,1.);
#10013 = DIRECTION('',(0.,-0.,-1.));
#10014 = ORIENTED_EDGE('',*,*,#10015,.F.);
#10015 = EDGE_CURVE('',#10016,#10008,#10018,.T.);
#10016 = VERTEX_POINT('',#10017);
#10017 = CARTESIAN_POINT('',(-5.7,4.26,-1.17));
#10018 = LINE('',#10019,#10020);
#10019 = CARTESIAN_POINT('',(-5.7,4.26,-1.17));
#10020 = VECTOR('',#10021,1.);
#10021 = DIRECTION('',(1.,0.,0.));
#10022 = ORIENTED_EDGE('',*,*,#10023,.F.);
#10023 = EDGE_CURVE('',#9832,#10016,#10024,.T.);
#10024 = LINE('',#10025,#10026);
#10025 = CARTESIAN_POINT('',(-5.7,4.26,-1.1));
#10026 = VECTOR('',#10027,1.);
#10027 = DIRECTION('',(0.,-0.,-1.));
#10028 = PLANE('',#10029);
#10029 = AXIS2_PLACEMENT_3D('',#10030,#10031,#10032);
#10030 = CARTESIAN_POINT('',(0.,4.26,-0.8171875));
#10031 = DIRECTION('',(0.,-1.,0.));
#10032 = DIRECTION('',(-1.,0.,0.));
#10033 = ADVANCED_FACE('',(#10034),#10059,.T.);
#10034 = FACE_BOUND('',#10035,.T.);
#10035 = EDGE_LOOP('',(#10036,#10037,#10045,#10053));
#10036 = ORIENTED_EDGE('',*,*,#9999,.F.);
#10037 = ORIENTED_EDGE('',*,*,#10038,.T.);
#10038 = EDGE_CURVE('',#9992,#10039,#10041,.T.);
#10039 = VERTEX_POINT('',#10040);
#10040 = CARTESIAN_POINT('',(-4.7,4.25,-1.1));
#10041 = LINE('',#10042,#10043);
#10042 = CARTESIAN_POINT('',(-4.7,4.26,-1.1));
#10043 = VECTOR('',#10044,1.);
#10044 = DIRECTION('',(0.,-1.,0.));
#10045 = ORIENTED_EDGE('',*,*,#10046,.T.);
#10046 = EDGE_CURVE('',#10039,#10047,#10049,.T.);
#10047 = VERTEX_POINT('',#10048);
#10048 = CARTESIAN_POINT('',(-5.3,4.25,-1.1));
#10049 = LINE('',#10050,#10051);
#10050 = CARTESIAN_POINT('',(-4.7,4.25,-1.1));
#10051 = VECTOR('',#10052,1.);
#10052 = DIRECTION('',(-1.,-0.,0.));
#10053 = ORIENTED_EDGE('',*,*,#10054,.F.);
#10054 = EDGE_CURVE('',#10000,#10047,#10055,.T.);
#10055 = LINE('',#10056,#10057);
#10056 = CARTESIAN_POINT('',(-5.3,4.26,-1.1));
#10057 = VECTOR('',#10058,1.);
#10058 = DIRECTION('',(0.,-1.,0.));
#10059 = PLANE('',#10060);
#10060 = AXIS2_PLACEMENT_3D('',#10061,#10062,#10063);
#10061 = CARTESIAN_POINT('',(9.006129175759E-13,4.255,-1.1));
#10062 = DIRECTION('',(0.,-0.,-1.));
#10063 = DIRECTION('',(-1.,-0.,0.));
#10064 = ADVANCED_FACE('',(#10065),#10090,.T.);
#10065 = FACE_BOUND('',#10066,.T.);
#10066 = EDGE_LOOP('',(#10067,#10077,#10083,#10084));
#10067 = ORIENTED_EDGE('',*,*,#10068,.T.);
#10068 = EDGE_CURVE('',#10069,#10071,#10073,.T.);
#10069 = VERTEX_POINT('',#10070);
#10070 = CARTESIAN_POINT('',(-5.7,4.25,-1.1));
#10071 = VERTEX_POINT('',#10072);
#10072 = CARTESIAN_POINT('',(-6.3,4.25,-1.1));
#10073 = LINE('',#10074,#10075);
#10074 = CARTESIAN_POINT('',(-5.7,4.25,-1.1));
#10075 = VECTOR('',#10076,1.);
#10076 = DIRECTION('',(-1.,-0.,0.));
#10077 = ORIENTED_EDGE('',*,*,#10078,.F.);
#10078 = EDGE_CURVE('',#9834,#10071,#10079,.T.);
#10079 = LINE('',#10080,#10081);
#10080 = CARTESIAN_POINT('',(-6.3,4.26,-1.1));
#10081 = VECTOR('',#10082,1.);
#10082 = DIRECTION('',(0.,-1.,0.));
#10083 = ORIENTED_EDGE('',*,*,#9831,.F.);
#10084 = ORIENTED_EDGE('',*,*,#10085,.T.);
#10085 = EDGE_CURVE('',#9832,#10069,#10086,.T.);
#10086 = LINE('',#10087,#10088);
#10087 = CARTESIAN_POINT('',(-5.7,4.26,-1.1));
#10088 = VECTOR('',#10089,1.);
#10089 = DIRECTION('',(0.,-1.,0.));
#10090 = PLANE('',#10091);
#10091 = AXIS2_PLACEMENT_3D('',#10092,#10093,#10094);
#10092 = CARTESIAN_POINT('',(9.006129175759E-13,4.255,-1.1));
#10093 = DIRECTION('',(0.,-0.,-1.));
#10094 = DIRECTION('',(-1.,-0.,0.));
#10095 = ADVANCED_FACE('',(#10096),#10107,.T.);
#10096 = FACE_BOUND('',#10097,.T.);
#10097 = EDGE_LOOP('',(#10098,#10099,#10100,#10106));
#10098 = ORIENTED_EDGE('',*,*,#9967,.F.);
#10099 = ORIENTED_EDGE('',*,*,#1183,.T.);
#10100 = ORIENTED_EDGE('',*,*,#10101,.T.);
#10101 = EDGE_CURVE('',#1186,#9677,#10102,.T.);
#10102 = LINE('',#10103,#10104);
#10103 = CARTESIAN_POINT('',(-2.7,4.25,-1.1));
#10104 = VECTOR('',#10105,1.);
#10105 = DIRECTION('',(-1.,-0.,0.));
#10106 = ORIENTED_EDGE('',*,*,#9676,.F.);
#10107 = PLANE('',#10108);
#10108 = AXIS2_PLACEMENT_3D('',#10109,#10110,#10111);
#10109 = CARTESIAN_POINT('',(9.006129175759E-13,4.255,-1.1));
#10110 = DIRECTION('',(0.,-0.,-1.));
#10111 = DIRECTION('',(-1.,-0.,0.));
#10112 = ADVANCED_FACE('',(#10113),#10131,.T.);
#10113 = FACE_BOUND('',#10114,.T.);
#10114 = EDGE_LOOP('',(#10115,#10123,#10129,#10130));
#10115 = ORIENTED_EDGE('',*,*,#10116,.T.);
#10116 = EDGE_CURVE('',#9761,#10117,#10119,.T.);
#10117 = VERTEX_POINT('',#10118);
#10118 = CARTESIAN_POINT('',(-4.3,4.25,-1.1));
#10119 = LINE('',#10120,#10121);
#10120 = CARTESIAN_POINT('',(-3.7,4.25,-1.1));
#10121 = VECTOR('',#10122,1.);
#10122 = DIRECTION('',(-1.,-0.,0.));
#10123 = ORIENTED_EDGE('',*,*,#10124,.F.);
#10124 = EDGE_CURVE('',#9977,#10117,#10125,.T.);
#10125 = LINE('',#10126,#10127);
#10126 = CARTESIAN_POINT('',(-4.3,4.26,-1.1));
#10127 = VECTOR('',#10128,1.);
#10128 = DIRECTION('',(0.,-1.,0.));
#10129 = ORIENTED_EDGE('',*,*,#9976,.F.);
#10130 = ORIENTED_EDGE('',*,*,#9758,.T.);
#10131 = PLANE('',#10132);
#10132 = AXIS2_PLACEMENT_3D('',#10133,#10134,#10135);
#10133 = CARTESIAN_POINT('',(9.006129175759E-13,4.255,-1.1));
#10134 = DIRECTION('',(0.,-0.,-1.));
#10135 = DIRECTION('',(-1.,-0.,0.));
#10136 = ADVANCED_FACE('',(#10137),#10148,.T.);
#10137 = FACE_BOUND('',#10138,.T.);
#10138 = EDGE_LOOP('',(#10139,#10140,#10141,#10147));
#10139 = ORIENTED_EDGE('',*,*,#9949,.F.);
#10140 = ORIENTED_EDGE('',*,*,#1674,.T.);
#10141 = ORIENTED_EDGE('',*,*,#10142,.T.);
#10142 = EDGE_CURVE('',#1677,#4366,#10143,.T.);
#10143 = LINE('',#10144,#10145);
#10144 = CARTESIAN_POINT('',(-0.7,4.25,-1.1));
#10145 = VECTOR('',#10146,1.);
#10146 = DIRECTION('',(-1.,-0.,0.));
#10147 = ORIENTED_EDGE('',*,*,#4365,.F.);
#10148 = PLANE('',#10149);
#10149 = AXIS2_PLACEMENT_3D('',#10150,#10151,#10152);
#10150 = CARTESIAN_POINT('',(9.006129175759E-13,4.255,-1.1));
#10151 = DIRECTION('',(0.,-0.,-1.));
#10152 = DIRECTION('',(-1.,-0.,0.));
#10153 = ADVANCED_FACE('',(#10154),#10165,.T.);
#10154 = FACE_BOUND('',#10155,.T.);
#10155 = EDGE_LOOP('',(#10156,#10162,#10163,#10164));
#10156 = ORIENTED_EDGE('',*,*,#10157,.T.);
#10157 = EDGE_CURVE('',#4460,#1086,#10158,.T.);
#10158 = LINE('',#10159,#10160);
#10159 = CARTESIAN_POINT('',(-1.7,4.25,-1.1));
#10160 = VECTOR('',#10161,1.);
#10161 = DIRECTION('',(-1.,-0.,0.));
#10162 = ORIENTED_EDGE('',*,*,#1085,.F.);
#10163 = ORIENTED_EDGE('',*,*,#9958,.F.);
#10164 = ORIENTED_EDGE('',*,*,#4457,.T.);
#10165 = PLANE('',#10166);
#10166 = AXIS2_PLACEMENT_3D('',#10167,#10168,#10169);
#10167 = CARTESIAN_POINT('',(9.006129175759E-13,4.255,-1.1));
#10168 = DIRECTION('',(0.,-0.,-1.));
#10169 = DIRECTION('',(-1.,-0.,0.));
#10170 = ADVANCED_FACE('',(#10171),#10182,.T.);
#10171 = FACE_BOUND('',#10172,.T.);
#10172 = EDGE_LOOP('',(#10173,#10174,#10175,#10181));
#10173 = ORIENTED_EDGE('',*,*,#9931,.F.);
#10174 = ORIENTED_EDGE('',*,*,#2165,.T.);
#10175 = ORIENTED_EDGE('',*,*,#10176,.T.);
#10176 = EDGE_CURVE('',#2168,#4878,#10177,.T.);
#10177 = LINE('',#10178,#10179);
#10178 = CARTESIAN_POINT('',(1.3,4.25,-1.1));
#10179 = VECTOR('',#10180,1.);
#10180 = DIRECTION('',(-1.,-0.,0.));
#10181 = ORIENTED_EDGE('',*,*,#4877,.F.);
#10182 = PLANE('',#10183);
#10183 = AXIS2_PLACEMENT_3D('',#10184,#10185,#10186);
#10184 = CARTESIAN_POINT('',(9.006129175759E-13,4.255,-1.1));
#10185 = DIRECTION('',(0.,-0.,-1.));
#10186 = DIRECTION('',(-1.,-0.,0.));
#10187 = ADVANCED_FACE('',(#10188),#10199,.T.);
#10188 = FACE_BOUND('',#10189,.T.);
#10189 = EDGE_LOOP('',(#10190,#10196,#10197,#10198));
#10190 = ORIENTED_EDGE('',*,*,#10191,.T.);
#10191 = EDGE_CURVE('',#4972,#1577,#10192,.T.);
#10192 = LINE('',#10193,#10194);
#10193 = CARTESIAN_POINT('',(0.3,4.25,-1.1));
#10194 = VECTOR('',#10195,1.);
#10195 = DIRECTION('',(-1.,-0.,0.));
#10196 = ORIENTED_EDGE('',*,*,#1576,.F.);
#10197 = ORIENTED_EDGE('',*,*,#9940,.F.);
#10198 = ORIENTED_EDGE('',*,*,#4969,.T.);
#10199 = PLANE('',#10200);
#10200 = AXIS2_PLACEMENT_3D('',#10201,#10202,#10203);
#10201 = CARTESIAN_POINT('',(9.006129175759E-13,4.255,-1.1));
#10202 = DIRECTION('',(0.,-0.,-1.));
#10203 = DIRECTION('',(-1.,-0.,0.));
#10204 = ADVANCED_FACE('',(#10205),#10216,.T.);
#10205 = FACE_BOUND('',#10206,.T.);
#10206 = EDGE_LOOP('',(#10207,#10208,#10209,#10215));
#10207 = ORIENTED_EDGE('',*,*,#9913,.F.);
#10208 = ORIENTED_EDGE('',*,*,#2656,.T.);
#10209 = ORIENTED_EDGE('',*,*,#10210,.T.);
#10210 = EDGE_CURVE('',#2659,#5390,#10211,.T.);
#10211 = LINE('',#10212,#10213);
#10212 = CARTESIAN_POINT('',(3.3,4.25,-1.1));
#10213 = VECTOR('',#10214,1.);
#10214 = DIRECTION('',(-1.,-0.,0.));
#10215 = ORIENTED_EDGE('',*,*,#5389,.F.);
#10216 = PLANE('',#10217);
#10217 = AXIS2_PLACEMENT_3D('',#10218,#10219,#10220);
#10218 = CARTESIAN_POINT('',(9.006129175759E-13,4.255,-1.1));
#10219 = DIRECTION('',(0.,-0.,-1.));
#10220 = DIRECTION('',(-1.,-0.,0.));
#10221 = ADVANCED_FACE('',(#10222),#10233,.T.);
#10222 = FACE_BOUND('',#10223,.T.);
#10223 = EDGE_LOOP('',(#10224,#10230,#10231,#10232));
#10224 = ORIENTED_EDGE('',*,*,#10225,.T.);
#10225 = EDGE_CURVE('',#5484,#2068,#10226,.T.);
#10226 = LINE('',#10227,#10228);
#10227 = CARTESIAN_POINT('',(2.3,4.25,-1.1));
#10228 = VECTOR('',#10229,1.);
#10229 = DIRECTION('',(-1.,-0.,0.));
#10230 = ORIENTED_EDGE('',*,*,#2067,.F.);
#10231 = ORIENTED_EDGE('',*,*,#9922,.F.);
#10232 = ORIENTED_EDGE('',*,*,#5481,.T.);
#10233 = PLANE('',#10234);
#10234 = AXIS2_PLACEMENT_3D('',#10235,#10236,#10237);
#10235 = CARTESIAN_POINT('',(9.006129175759E-13,4.255,-1.1));
#10236 = DIRECTION('',(0.,-0.,-1.));
#10237 = DIRECTION('',(-1.,-0.,0.));
#10238 = ADVANCED_FACE('',(#10239),#10250,.T.);
#10239 = FACE_BOUND('',#10240,.T.);
#10240 = EDGE_LOOP('',(#10241,#10242,#10243,#10249));
#10241 = ORIENTED_EDGE('',*,*,#9895,.F.);
#10242 = ORIENTED_EDGE('',*,*,#3147,.T.);
#10243 = ORIENTED_EDGE('',*,*,#10244,.T.);
#10244 = EDGE_CURVE('',#3150,#5902,#10245,.T.);
#10245 = LINE('',#10246,#10247);
#10246 = CARTESIAN_POINT('',(5.3,4.25,-1.1));
#10247 = VECTOR('',#10248,1.);
#10248 = DIRECTION('',(-1.,-0.,0.));
#10249 = ORIENTED_EDGE('',*,*,#5901,.F.);
#10250 = PLANE('',#10251);
#10251 = AXIS2_PLACEMENT_3D('',#10252,#10253,#10254);
#10252 = CARTESIAN_POINT('',(9.006129175759E-13,4.255,-1.1));
#10253 = DIRECTION('',(0.,-0.,-1.));
#10254 = DIRECTION('',(-1.,-0.,0.));
#10255 = ADVANCED_FACE('',(#10256),#10267,.T.);
#10256 = FACE_BOUND('',#10257,.T.);
#10257 = EDGE_LOOP('',(#10258,#10264,#10265,#10266));
#10258 = ORIENTED_EDGE('',*,*,#10259,.T.);
#10259 = EDGE_CURVE('',#5996,#2559,#10260,.T.);
#10260 = LINE('',#10261,#10262);
#10261 = CARTESIAN_POINT('',(4.3,4.25,-1.1));
#10262 = VECTOR('',#10263,1.);
#10263 = DIRECTION('',(-1.,-0.,0.));
#10264 = ORIENTED_EDGE('',*,*,#2558,.F.);
#10265 = ORIENTED_EDGE('',*,*,#9904,.F.);
#10266 = ORIENTED_EDGE('',*,*,#5993,.T.);
#10267 = PLANE('',#10268);
#10268 = AXIS2_PLACEMENT_3D('',#10269,#10270,#10271);
#10269 = CARTESIAN_POINT('',(9.006129175759E-13,4.255,-1.1));
#10270 = DIRECTION('',(0.,-0.,-1.));
#10271 = DIRECTION('',(-1.,-0.,0.));
#10272 = ADVANCED_FACE('',(#10273),#10284,.T.);
#10273 = FACE_BOUND('',#10274,.T.);
#10274 = EDGE_LOOP('',(#10275,#10276,#10277,#10283));
#10275 = ORIENTED_EDGE('',*,*,#9877,.F.);
#10276 = ORIENTED_EDGE('',*,*,#3204,.F.);
#10277 = ORIENTED_EDGE('',*,*,#10278,.T.);
#10278 = EDGE_CURVE('',#3205,#6414,#10279,.T.);
#10279 = LINE('',#10280,#10281);
#10280 = CARTESIAN_POINT('',(7.920577136594,4.25,-1.1));
#10281 = VECTOR('',#10282,1.);
#10282 = DIRECTION('',(-1.,-0.,0.));
#10283 = ORIENTED_EDGE('',*,*,#6413,.F.);
#10284 = PLANE('',#10285);
#10285 = AXIS2_PLACEMENT_3D('',#10286,#10287,#10288);
#10286 = CARTESIAN_POINT('',(9.006129175759E-13,4.255,-1.1));
#10287 = DIRECTION('',(0.,-0.,-1.));
#10288 = DIRECTION('',(-1.,-0.,0.));
#10289 = ADVANCED_FACE('',(#10290),#10301,.T.);
#10290 = FACE_BOUND('',#10291,.T.);
#10291 = EDGE_LOOP('',(#10292,#10298,#10299,#10300));
#10292 = ORIENTED_EDGE('',*,*,#10293,.T.);
#10293 = EDGE_CURVE('',#6508,#3050,#10294,.T.);
#10294 = LINE('',#10295,#10296);
#10295 = CARTESIAN_POINT('',(6.3,4.25,-1.1));
#10296 = VECTOR('',#10297,1.);
#10297 = DIRECTION('',(-1.,-0.,0.));
#10298 = ORIENTED_EDGE('',*,*,#3049,.F.);
#10299 = ORIENTED_EDGE('',*,*,#9886,.F.);
#10300 = ORIENTED_EDGE('',*,*,#6505,.T.);
#10301 = PLANE('',#10302);
#10302 = AXIS2_PLACEMENT_3D('',#10303,#10304,#10305);
#10303 = CARTESIAN_POINT('',(9.006129175759E-13,4.255,-1.1));
#10304 = DIRECTION('',(0.,-0.,-1.));
#10305 = DIRECTION('',(-1.,-0.,0.));
#10306 = ADVANCED_FACE('',(#10307),#10325,.T.);
#10307 = FACE_BOUND('',#10308,.T.);
#10308 = EDGE_LOOP('',(#10309,#10317,#10318,#10319));
#10309 = ORIENTED_EDGE('',*,*,#10310,.T.);
#10310 = EDGE_CURVE('',#10311,#9439,#10313,.T.);
#10311 = VERTEX_POINT('',#10312);
#10312 = CARTESIAN_POINT('',(-6.7,4.25,-1.1));
#10313 = LINE('',#10314,#10315);
#10314 = CARTESIAN_POINT('',(-6.7,4.25,-1.1));
#10315 = VECTOR('',#10316,1.);
#10316 = DIRECTION('',(-1.,-0.,0.));
#10317 = ORIENTED_EDGE('',*,*,#9438,.T.);
#10318 = ORIENTED_EDGE('',*,*,#9856,.F.);
#10319 = ORIENTED_EDGE('',*,*,#10320,.T.);
#10320 = EDGE_CURVE('',#9849,#10311,#10321,.T.);
#10321 = LINE('',#10322,#10323);
#10322 = CARTESIAN_POINT('',(-6.7,4.26,-1.1));
#10323 = VECTOR('',#10324,1.);
#10324 = DIRECTION('',(0.,-1.,0.));
#10325 = PLANE('',#10326);
#10326 = AXIS2_PLACEMENT_3D('',#10327,#10328,#10329);
#10327 = CARTESIAN_POINT('',(9.006129175759E-13,4.255,-1.1));
#10328 = DIRECTION('',(0.,-0.,-1.));
#10329 = DIRECTION('',(-1.,-0.,0.));
#10330 = ADVANCED_FACE('',(#10331),#10339,.F.);
#10331 = FACE_BOUND('',#10332,.T.);
#10332 = EDGE_LOOP('',(#10333,#10334,#10335,#10336,#10337,#10338));
#10333 = ORIENTED_EDGE('',*,*,#3659,.T.);
#10334 = ORIENTED_EDGE('',*,*,#3692,.T.);
#10335 = ORIENTED_EDGE('',*,*,#3723,.T.);
#10336 = ORIENTED_EDGE('',*,*,#3754,.T.);
#10337 = ORIENTED_EDGE('',*,*,#3793,.T.);
#10338 = ORIENTED_EDGE('',*,*,#6537,.T.);
#10339 = PLANE('',#10340);
#10340 = AXIS2_PLACEMENT_3D('',#10341,#10342,#10343);
#10341 = CARTESIAN_POINT('',(-5.3,2.260070900416,-0.825));
#10342 = DIRECTION('',(-1.,-0.,0.));
#10343 = DIRECTION('',(0.,-0.,-1.));
#10344 = ADVANCED_FACE('',(#10345),#10353,.F.);
#10345 = FACE_BOUND('',#10346,.T.);
#10346 = EDGE_LOOP('',(#10347,#10348,#10349,#10350,#10351,#10352));
#10347 = ORIENTED_EDGE('',*,*,#111,.T.);
#10348 = ORIENTED_EDGE('',*,*,#143,.T.);
#10349 = ORIENTED_EDGE('',*,*,#174,.T.);
#10350 = ORIENTED_EDGE('',*,*,#205,.T.);
#10351 = ORIENTED_EDGE('',*,*,#226,.T.);
#10352 = ORIENTED_EDGE('',*,*,#9478,.T.);
#10353 = PLANE('',#10354);
#10354 = AXIS2_PLACEMENT_3D('',#10355,#10356,#10357);
#10355 = CARTESIAN_POINT('',(-5.3,2.260070900416,-0.825));
#10356 = DIRECTION('',(-1.,-0.,0.));
#10357 = DIRECTION('',(0.,-0.,-1.));
#10358 = ADVANCED_FACE('',(#10359),#10378,.F.);
#10359 = FACE_BOUND('',#10360,.T.);
#10360 = EDGE_LOOP('',(#10361,#10370,#10371,#10372));
#10361 = ORIENTED_EDGE('',*,*,#10362,.T.);
#10362 = EDGE_CURVE('',#10363,#10008,#10365,.T.);
#10363 = VERTEX_POINT('',#10364);
#10364 = CARTESIAN_POINT('',(-5.3,4.25,-1.177351874937));
#10365 = CIRCLE('',#10366,0.65);
#10366 = AXIS2_PLACEMENT_3D('',#10367,#10368,#10369);
#10367 = CARTESIAN_POINT('',(-5.3,3.87,-0.65));
#10368 = DIRECTION('',(1.,0.,0.));
#10369 = DIRECTION('',(0.,0.584615384615,-0.811310576827));
#10370 = ORIENTED_EDGE('',*,*,#10007,.F.);
#10371 = ORIENTED_EDGE('',*,*,#10054,.T.);
#10372 = ORIENTED_EDGE('',*,*,#10373,.F.);
#10373 = EDGE_CURVE('',#10363,#10047,#10374,.T.);
#10374 = LINE('',#10375,#10376);
#10375 = CARTESIAN_POINT('',(-5.3,4.25,-1.177351874937));
#10376 = VECTOR('',#10377,1.);
#10377 = DIRECTION('',(0.,0.,1.));
#10378 = PLANE('',#10379);
#10379 = AXIS2_PLACEMENT_3D('',#10380,#10381,#10382);
#10380 = CARTESIAN_POINT('',(-5.3,2.260070900416,-0.825));
#10381 = DIRECTION('',(-1.,-0.,0.));
#10382 = DIRECTION('',(0.,-0.,-1.));
#10383 = ADVANCED_FACE('',(#10384),#10403,.T.);
#10384 = FACE_BOUND('',#10385,.T.);
#10385 = EDGE_LOOP('',(#10386,#10395,#10396,#10397));
#10386 = ORIENTED_EDGE('',*,*,#10387,.T.);
#10387 = EDGE_CURVE('',#10388,#10016,#10390,.T.);
#10388 = VERTEX_POINT('',#10389);
#10389 = CARTESIAN_POINT('',(-5.7,4.25,-1.177351874937));
#10390 = CIRCLE('',#10391,0.65);
#10391 = AXIS2_PLACEMENT_3D('',#10392,#10393,#10394);
#10392 = CARTESIAN_POINT('',(-5.7,3.87,-0.65));
#10393 = DIRECTION('',(1.,0.,0.));
#10394 = DIRECTION('',(0.,0.584615384615,-0.811310576827));
#10395 = ORIENTED_EDGE('',*,*,#10015,.T.);
#10396 = ORIENTED_EDGE('',*,*,#10362,.F.);
#10397 = ORIENTED_EDGE('',*,*,#10398,.F.);
#10398 = EDGE_CURVE('',#10388,#10363,#10399,.T.);
#10399 = LINE('',#10400,#10401);
#10400 = CARTESIAN_POINT('',(-5.7,4.25,-1.177351874937));
#10401 = VECTOR('',#10402,1.);
#10402 = DIRECTION('',(1.,0.,0.));
#10403 = CYLINDRICAL_SURFACE('',#10404,0.65);
#10404 = AXIS2_PLACEMENT_3D('',#10405,#10406,#10407);
#10405 = CARTESIAN_POINT('',(-5.708,3.87,-0.65));
#10406 = DIRECTION('',(1.,0.,0.));
#10407 = DIRECTION('',(0.,0.,-1.));
#10408 = ADVANCED_FACE('',(#10409),#10417,.T.);
#10409 = FACE_BOUND('',#10410,.T.);
#10410 = EDGE_LOOP('',(#10411,#10412,#10413,#10414,#10415,#10416));
#10411 = ORIENTED_EDGE('',*,*,#3785,.F.);
#10412 = ORIENTED_EDGE('',*,*,#3761,.F.);
#10413 = ORIENTED_EDGE('',*,*,#3730,.F.);
#10414 = ORIENTED_EDGE('',*,*,#3699,.F.);
#10415 = ORIENTED_EDGE('',*,*,#3640,.F.);
#10416 = ORIENTED_EDGE('',*,*,#6544,.F.);
#10417 = PLANE('',#10418);
#10418 = AXIS2_PLACEMENT_3D('',#10419,#10420,#10421);
#10419 = CARTESIAN_POINT('',(-5.7,2.260070900416,-0.825));
#10420 = DIRECTION('',(-1.,-0.,0.));
#10421 = DIRECTION('',(0.,-0.,-1.));
#10422 = ADVANCED_FACE('',(#10423),#10431,.T.);
#10423 = FACE_BOUND('',#10424,.T.);
#10424 = EDGE_LOOP('',(#10425,#10426,#10427,#10428,#10429,#10430));
#10425 = ORIENTED_EDGE('',*,*,#235,.F.);
#10426 = ORIENTED_EDGE('',*,*,#212,.F.);
#10427 = ORIENTED_EDGE('',*,*,#181,.F.);
#10428 = ORIENTED_EDGE('',*,*,#150,.F.);
#10429 = ORIENTED_EDGE('',*,*,#93,.F.);
#10430 = ORIENTED_EDGE('',*,*,#9485,.F.);
#10431 = PLANE('',#10432);
#10432 = AXIS2_PLACEMENT_3D('',#10433,#10434,#10435);
#10433 = CARTESIAN_POINT('',(-5.7,2.260070900416,-0.825));
#10434 = DIRECTION('',(-1.,-0.,0.));
#10435 = DIRECTION('',(0.,-0.,-1.));
#10436 = ADVANCED_FACE('',(#10437),#10448,.T.);
#10437 = FACE_BOUND('',#10438,.T.);
#10438 = EDGE_LOOP('',(#10439,#10440,#10441,#10442));
#10439 = ORIENTED_EDGE('',*,*,#10085,.F.);
#10440 = ORIENTED_EDGE('',*,*,#10023,.T.);
#10441 = ORIENTED_EDGE('',*,*,#10387,.F.);
#10442 = ORIENTED_EDGE('',*,*,#10443,.T.);
#10443 = EDGE_CURVE('',#10388,#10069,#10444,.T.);
#10444 = LINE('',#10445,#10446);
#10445 = CARTESIAN_POINT('',(-5.7,4.25,-1.177351874937));
#10446 = VECTOR('',#10447,1.);
#10447 = DIRECTION('',(0.,0.,1.));
#10448 = PLANE('',#10449);
#10449 = AXIS2_PLACEMENT_3D('',#10450,#10451,#10452);
#10450 = CARTESIAN_POINT('',(-5.7,2.260070900416,-0.825));
#10451 = DIRECTION('',(-1.,-0.,0.));
#10452 = DIRECTION('',(0.,-0.,-1.));
#10453 = ADVANCED_FACE('',(#10454),#10570,.F.);
#10454 = FACE_BOUND('',#10455,.T.);
#10455 = EDGE_LOOP('',(#10456,#10457,#10458,#10459,#10465,#10466,#10472,
    #10473,#10474,#10475,#10476,#10477,#10478,#10479,#10480,#10481,
    #10482,#10483,#10484,#10485,#10486,#10487,#10488,#10489,#10490,
    #10491,#10492,#10493,#10494,#10495,#10496,#10497,#10498,#10499,
    #10500,#10501,#10502,#10503,#10504,#10505,#10506,#10507,#10508,
    #10509,#10510,#10511,#10512,#10513,#10514,#10515,#10516,#10517,
    #10518,#10519,#10520,#10526,#10527,#10528,#10529,#10530,#10531,
    #10532,#10533,#10534,#10535,#10536,#10537,#10538,#10539,#10540,
    #10541,#10542,#10543,#10544,#10545,#10551,#10552,#10553,#10554,
    #10555,#10561,#10562,#10568,#10569));
#10456 = ORIENTED_EDGE('',*,*,#10398,.T.);
#10457 = ORIENTED_EDGE('',*,*,#10373,.T.);
#10458 = ORIENTED_EDGE('',*,*,#10046,.F.);
#10459 = ORIENTED_EDGE('',*,*,#10460,.T.);
#10460 = EDGE_CURVE('',#10039,#9790,#10461,.T.);
#10461 = LINE('',#10462,#10463);
#10462 = CARTESIAN_POINT('',(-4.7,4.25,-1.1));
#10463 = VECTOR('',#10464,1.);
#10464 = DIRECTION('',(0.,-0.,-1.));
#10465 = ORIENTED_EDGE('',*,*,#9817,.T.);
#10466 = ORIENTED_EDGE('',*,*,#10467,.F.);
#10467 = EDGE_CURVE('',#10117,#9809,#10468,.T.);
#10468 = LINE('',#10469,#10470);
#10469 = CARTESIAN_POINT('',(-4.3,4.25,-1.1));
#10470 = VECTOR('',#10471,1.);
#10471 = DIRECTION('',(0.,-0.,-1.));
#10472 = ORIENTED_EDGE('',*,*,#10116,.F.);
#10473 = ORIENTED_EDGE('',*,*,#9775,.F.);
#10474 = ORIENTED_EDGE('',*,*,#9716,.T.);
#10475 = ORIENTED_EDGE('',*,*,#9684,.T.);
#10476 = ORIENTED_EDGE('',*,*,#10101,.F.);
#10477 = ORIENTED_EDGE('',*,*,#1200,.T.);
#10478 = ORIENTED_EDGE('',*,*,#941,.T.);
#10479 = ORIENTED_EDGE('',*,*,#1093,.F.);
#10480 = ORIENTED_EDGE('',*,*,#10157,.F.);
#10481 = ORIENTED_EDGE('',*,*,#4474,.F.);
#10482 = ORIENTED_EDGE('',*,*,#4405,.T.);
#10483 = ORIENTED_EDGE('',*,*,#4373,.T.);
#10484 = ORIENTED_EDGE('',*,*,#10142,.F.);
#10485 = ORIENTED_EDGE('',*,*,#1691,.T.);
#10486 = ORIENTED_EDGE('',*,*,#1432,.T.);
#10487 = ORIENTED_EDGE('',*,*,#1584,.F.);
#10488 = ORIENTED_EDGE('',*,*,#10191,.F.);
#10489 = ORIENTED_EDGE('',*,*,#4986,.F.);
#10490 = ORIENTED_EDGE('',*,*,#4917,.T.);
#10491 = ORIENTED_EDGE('',*,*,#4885,.T.);
#10492 = ORIENTED_EDGE('',*,*,#10176,.F.);
#10493 = ORIENTED_EDGE('',*,*,#2182,.T.);
#10494 = ORIENTED_EDGE('',*,*,#1923,.T.);
#10495 = ORIENTED_EDGE('',*,*,#2075,.F.);
#10496 = ORIENTED_EDGE('',*,*,#10225,.F.);
#10497 = ORIENTED_EDGE('',*,*,#5498,.F.);
#10498 = ORIENTED_EDGE('',*,*,#5429,.T.);
#10499 = ORIENTED_EDGE('',*,*,#5397,.T.);
#10500 = ORIENTED_EDGE('',*,*,#10210,.F.);
#10501 = ORIENTED_EDGE('',*,*,#2673,.T.);
#10502 = ORIENTED_EDGE('',*,*,#2414,.T.);
#10503 = ORIENTED_EDGE('',*,*,#2566,.F.);
#10504 = ORIENTED_EDGE('',*,*,#10259,.F.);
#10505 = ORIENTED_EDGE('',*,*,#6010,.F.);
#10506 = ORIENTED_EDGE('',*,*,#5941,.T.);
#10507 = ORIENTED_EDGE('',*,*,#5909,.T.);
#10508 = ORIENTED_EDGE('',*,*,#10244,.F.);
#10509 = ORIENTED_EDGE('',*,*,#3164,.T.);
#10510 = ORIENTED_EDGE('',*,*,#2905,.T.);
#10511 = ORIENTED_EDGE('',*,*,#3057,.F.);
#10512 = ORIENTED_EDGE('',*,*,#10293,.F.);
#10513 = ORIENTED_EDGE('',*,*,#6522,.F.);
#10514 = ORIENTED_EDGE('',*,*,#6453,.T.);
#10515 = ORIENTED_EDGE('',*,*,#6421,.T.);
#10516 = ORIENTED_EDGE('',*,*,#10278,.F.);
#10517 = ORIENTED_EDGE('',*,*,#3239,.F.);
#10518 = ORIENTED_EDGE('',*,*,#9614,.T.);
#10519 = ORIENTED_EDGE('',*,*,#7145,.F.);
#10520 = ORIENTED_EDGE('',*,*,#10521,.T.);
#10521 = EDGE_CURVE('',#7146,#3256,#10522,.T.);
#10522 = LINE('',#10523,#10524);
#10523 = CARTESIAN_POINT('',(7.99,4.25,1.8));
#10524 = VECTOR('',#10525,1.);
#10525 = DIRECTION('',(1.,0.,0.));
#10526 = ORIENTED_EDGE('',*,*,#3253,.F.);
#10527 = ORIENTED_EDGE('',*,*,#3324,.F.);
#10528 = ORIENTED_EDGE('',*,*,#8824,.T.);
#10529 = ORIENTED_EDGE('',*,*,#8802,.T.);
#10530 = ORIENTED_EDGE('',*,*,#8736,.F.);
#10531 = ORIENTED_EDGE('',*,*,#8714,.T.);
#10532 = ORIENTED_EDGE('',*,*,#8689,.T.);
#10533 = ORIENTED_EDGE('',*,*,#8611,.F.);
#10534 = ORIENTED_EDGE('',*,*,#8586,.F.);
#10535 = ORIENTED_EDGE('',*,*,#8560,.F.);
#10536 = ORIENTED_EDGE('',*,*,#3498,.F.);
#10537 = ORIENTED_EDGE('',*,*,#3539,.T.);
#10538 = ORIENTED_EDGE('',*,*,#3468,.F.);
#10539 = ORIENTED_EDGE('',*,*,#3427,.F.);
#10540 = ORIENTED_EDGE('',*,*,#9208,.T.);
#10541 = ORIENTED_EDGE('',*,*,#8467,.F.);
#10542 = ORIENTED_EDGE('',*,*,#8510,.F.);
#10543 = ORIENTED_EDGE('',*,*,#6719,.T.);
#10544 = ORIENTED_EDGE('',*,*,#6687,.F.);
#10545 = ORIENTED_EDGE('',*,*,#10546,.T.);
#10546 = EDGE_CURVE('',#6680,#7116,#10547,.T.);
#10547 = LINE('',#10548,#10549);
#10548 = CARTESIAN_POINT('',(-9.3,4.25,1.8));
#10549 = VECTOR('',#10550,1.);
#10550 = DIRECTION('',(1.,0.,0.));
#10551 = ORIENTED_EDGE('',*,*,#7115,.F.);
#10552 = ORIENTED_EDGE('',*,*,#9601,.T.);
#10553 = ORIENTED_EDGE('',*,*,#9446,.T.);
#10554 = ORIENTED_EDGE('',*,*,#10310,.F.);
#10555 = ORIENTED_EDGE('',*,*,#10556,.T.);
#10556 = EDGE_CURVE('',#10311,#52,#10557,.T.);
#10557 = LINE('',#10558,#10559);
#10558 = CARTESIAN_POINT('',(-6.7,4.25,-1.1));
#10559 = VECTOR('',#10560,1.);
#10560 = DIRECTION('',(0.,-0.,-1.));
#10561 = ORIENTED_EDGE('',*,*,#79,.T.);
#10562 = ORIENTED_EDGE('',*,*,#10563,.F.);
#10563 = EDGE_CURVE('',#10071,#71,#10564,.T.);
#10564 = LINE('',#10565,#10566);
#10565 = CARTESIAN_POINT('',(-6.3,4.25,-1.1));
#10566 = VECTOR('',#10567,1.);
#10567 = DIRECTION('',(0.,-0.,-1.));
#10568 = ORIENTED_EDGE('',*,*,#10068,.F.);
#10569 = ORIENTED_EDGE('',*,*,#10443,.F.);
#10570 = PLANE('',#10571);
#10571 = AXIS2_PLACEMENT_3D('',#10572,#10573,#10574);
#10572 = CARTESIAN_POINT('',(0.,4.25,0.));
#10573 = DIRECTION('',(0.,-1.,0.));
#10574 = DIRECTION('',(-1.,0.,0.));
#10575 = ADVANCED_FACE('',(#10576),#10610,.F.);
#10576 = FACE_BOUND('',#10577,.T.);
#10577 = EDGE_LOOP('',(#10578,#10588,#10596,#10604));
#10578 = ORIENTED_EDGE('',*,*,#10579,.T.);
#10579 = EDGE_CURVE('',#10580,#10582,#10584,.T.);
#10580 = VERTEX_POINT('',#10581);
#10581 = CARTESIAN_POINT('',(-4.7,-8.673617379884E-16,2.25));
#10582 = VERTEX_POINT('',#10583);
#10583 = CARTESIAN_POINT('',(-4.3,-8.673617379884E-16,2.25));
#10584 = LINE('',#10585,#10586);
#10585 = CARTESIAN_POINT('',(-4.7,-8.673617379884E-16,2.25));
#10586 = VECTOR('',#10587,1.);
#10587 = DIRECTION('',(1.,0.,0.));
#10588 = ORIENTED_EDGE('',*,*,#10589,.F.);
#10589 = EDGE_CURVE('',#10590,#10582,#10592,.T.);
#10590 = VERTEX_POINT('',#10591);
#10591 = CARTESIAN_POINT('',(-4.3,0.25,2.25));
#10592 = LINE('',#10593,#10594);
#10593 = CARTESIAN_POINT('',(-4.3,0.25,2.25));
#10594 = VECTOR('',#10595,1.);
#10595 = DIRECTION('',(0.,-1.,2.522426711947E-13));
#10596 = ORIENTED_EDGE('',*,*,#10597,.F.);
#10597 = EDGE_CURVE('',#10598,#10590,#10600,.T.);
#10598 = VERTEX_POINT('',#10599);
#10599 = CARTESIAN_POINT('',(-4.7,0.25,2.25));
#10600 = LINE('',#10601,#10602);
#10601 = CARTESIAN_POINT('',(-4.7,0.25,2.25));
#10602 = VECTOR('',#10603,1.);
#10603 = DIRECTION('',(1.,0.,0.));
#10604 = ORIENTED_EDGE('',*,*,#10605,.T.);
#10605 = EDGE_CURVE('',#10598,#10580,#10606,.T.);
#10606 = LINE('',#10607,#10608);
#10607 = CARTESIAN_POINT('',(-4.7,0.25,2.25));
#10608 = VECTOR('',#10609,1.);
#10609 = DIRECTION('',(0.,-1.,2.522426711947E-13));
#10610 = PLANE('',#10611);
#10611 = AXIS2_PLACEMENT_3D('',#10612,#10613,#10614);
#10612 = CARTESIAN_POINT('',(-4.5,0.125,2.25));
#10613 = DIRECTION('',(0.,-0.,-1.));
#10614 = DIRECTION('',(-1.,-0.,0.));
#10615 = ADVANCED_FACE('',(#10616),#10641,.T.);
#10616 = FACE_BOUND('',#10617,.T.);
#10617 = EDGE_LOOP('',(#10618,#10628,#10634,#10635));
#10618 = ORIENTED_EDGE('',*,*,#10619,.T.);
#10619 = EDGE_CURVE('',#10620,#10622,#10624,.T.);
#10620 = VERTEX_POINT('',#10621);
#10621 = CARTESIAN_POINT('',(-4.7,-8.673617379884E-16,1.65));
#10622 = VERTEX_POINT('',#10623);
#10623 = CARTESIAN_POINT('',(-4.3,-8.673617379884E-16,1.65));
#10624 = LINE('',#10625,#10626);
#10625 = CARTESIAN_POINT('',(-4.7,-8.673617379884E-16,1.65));
#10626 = VECTOR('',#10627,1.);
#10627 = DIRECTION('',(1.,0.,0.));
#10628 = ORIENTED_EDGE('',*,*,#10629,.F.);
#10629 = EDGE_CURVE('',#10582,#10622,#10630,.T.);
#10630 = LINE('',#10631,#10632);
#10631 = CARTESIAN_POINT('',(-4.3,-8.673617379884E-16,2.25));
#10632 = VECTOR('',#10633,1.);
#10633 = DIRECTION('',(0.,6.143234069593E-14,-1.));
#10634 = ORIENTED_EDGE('',*,*,#10579,.F.);
#10635 = ORIENTED_EDGE('',*,*,#10636,.T.);
#10636 = EDGE_CURVE('',#10580,#10620,#10637,.T.);
#10637 = LINE('',#10638,#10639);
#10638 = CARTESIAN_POINT('',(-4.7,-8.673617379884E-16,2.25));
#10639 = VECTOR('',#10640,1.);
#10640 = DIRECTION('',(0.,6.143234069593E-14,-1.));
#10641 = PLANE('',#10642);
#10642 = AXIS2_PLACEMENT_3D('',#10643,#10644,#10645);
#10643 = CARTESIAN_POINT('',(-4.5,-8.673617379884E-16,1.95));
#10644 = DIRECTION('',(0.,-1.,0.));
#10645 = DIRECTION('',(-1.,0.,0.));
#10646 = ADVANCED_FACE('',(#10647),#10672,.T.);
#10647 = FACE_BOUND('',#10648,.T.);
#10648 = EDGE_LOOP('',(#10649,#10657,#10658,#10666));
#10649 = ORIENTED_EDGE('',*,*,#10650,.F.);
#10650 = EDGE_CURVE('',#10622,#10651,#10653,.T.);
#10651 = VERTEX_POINT('',#10652);
#10652 = CARTESIAN_POINT('',(-4.3,5.E-02,1.477333110405));
#10653 = LINE('',#10654,#10655);
#10654 = CARTESIAN_POINT('',(-4.3,-8.673617379884E-16,1.65));
#10655 = VECTOR('',#10656,1.);
#10656 = DIRECTION('',(0.,0.278147794074,-0.960538289009));
#10657 = ORIENTED_EDGE('',*,*,#10619,.F.);
#10658 = ORIENTED_EDGE('',*,*,#10659,.T.);
#10659 = EDGE_CURVE('',#10620,#10660,#10662,.T.);
#10660 = VERTEX_POINT('',#10661);
#10661 = CARTESIAN_POINT('',(-4.7,5.E-02,1.477333110405));
#10662 = LINE('',#10663,#10664);
#10663 = CARTESIAN_POINT('',(-4.7,-8.673617379884E-16,1.65));
#10664 = VECTOR('',#10665,1.);
#10665 = DIRECTION('',(0.,0.278147794074,-0.960538289009));
#10666 = ORIENTED_EDGE('',*,*,#10667,.T.);
#10667 = EDGE_CURVE('',#10660,#10651,#10668,.T.);
#10668 = LINE('',#10669,#10670);
#10669 = CARTESIAN_POINT('',(-4.7,5.E-02,1.477333110405));
#10670 = VECTOR('',#10671,1.);
#10671 = DIRECTION('',(1.,0.,0.));
#10672 = PLANE('',#10673);
#10673 = AXIS2_PLACEMENT_3D('',#10674,#10675,#10676);
#10674 = CARTESIAN_POINT('',(-4.5,0.374865427748,0.355463051482));
#10675 = DIRECTION('',(0.,-0.960538289009,-0.278147794074));
#10676 = DIRECTION('',(-1.,-0.,0.));
#10677 = ADVANCED_FACE('',(#10678),#10686,.F.);
#10678 = FACE_BOUND('',#10679,.T.);
#10679 = EDGE_LOOP('',(#10680,#10681,#10682,#10683,#10684,#10685));
#10680 = ORIENTED_EDGE('',*,*,#603,.T.);
#10681 = ORIENTED_EDGE('',*,*,#635,.T.);
#10682 = ORIENTED_EDGE('',*,*,#666,.T.);
#10683 = ORIENTED_EDGE('',*,*,#697,.T.);
#10684 = ORIENTED_EDGE('',*,*,#718,.T.);
#10685 = ORIENTED_EDGE('',*,*,#9556,.T.);
#10686 = PLANE('',#10687);
#10687 = AXIS2_PLACEMENT_3D('',#10688,#10689,#10690);
#10688 = CARTESIAN_POINT('',(-4.3,2.275070900416,0.475));
#10689 = DIRECTION('',(-1.,-0.,0.));
#10690 = DIRECTION('',(0.,-0.,-1.));
#10691 = ADVANCED_FACE('',(#10692),#10698,.F.);
#10692 = FACE_BOUND('',#10693,.T.);
#10693 = EDGE_LOOP('',(#10694,#10695,#10696,#10697));
#10694 = ORIENTED_EDGE('',*,*,#9808,.T.);
#10695 = ORIENTED_EDGE('',*,*,#9984,.F.);
#10696 = ORIENTED_EDGE('',*,*,#10124,.T.);
#10697 = ORIENTED_EDGE('',*,*,#10467,.T.);
#10698 = PLANE('',#10699);
#10699 = AXIS2_PLACEMENT_3D('',#10700,#10701,#10702);
#10700 = CARTESIAN_POINT('',(-4.3,2.275070900416,0.475));
#10701 = DIRECTION('',(-1.,-0.,0.));
#10702 = DIRECTION('',(0.,-0.,-1.));
#10703 = ADVANCED_FACE('',(#10704),#10731,.F.);
#10704 = FACE_BOUND('',#10705,.T.);
#10705 = EDGE_LOOP('',(#10706,#10714,#10715,#10716,#10717,#10725));
#10706 = ORIENTED_EDGE('',*,*,#10707,.T.);
#10707 = EDGE_CURVE('',#10708,#10590,#10710,.T.);
#10708 = VERTEX_POINT('',#10709);
#10709 = CARTESIAN_POINT('',(-4.3,0.25,1.8));
#10710 = LINE('',#10711,#10712);
#10711 = CARTESIAN_POINT('',(-4.3,0.25,1.8));
#10712 = VECTOR('',#10713,1.);
#10713 = DIRECTION('',(-0.,1.322398980443E-13,1.));
#10714 = ORIENTED_EDGE('',*,*,#10589,.T.);
#10715 = ORIENTED_EDGE('',*,*,#10629,.T.);
#10716 = ORIENTED_EDGE('',*,*,#10650,.T.);
#10717 = ORIENTED_EDGE('',*,*,#10718,.F.);
#10718 = EDGE_CURVE('',#10719,#10651,#10721,.T.);
#10719 = VERTEX_POINT('',#10720);
#10720 = CARTESIAN_POINT('',(-4.3,5.E-02,1.8));
#10721 = LINE('',#10722,#10723);
#10722 = CARTESIAN_POINT('',(-4.3,5.E-02,1.8));
#10723 = VECTOR('',#10724,1.);
#10724 = DIRECTION('',(0.,-0.,-1.));
#10725 = ORIENTED_EDGE('',*,*,#10726,.F.);
#10726 = EDGE_CURVE('',#10708,#10719,#10727,.T.);
#10727 = LINE('',#10728,#10729);
#10728 = CARTESIAN_POINT('',(-4.3,0.25,1.8));
#10729 = VECTOR('',#10730,1.);
#10730 = DIRECTION('',(0.,-1.,0.));
#10731 = PLANE('',#10732);
#10732 = AXIS2_PLACEMENT_3D('',#10733,#10734,#10735);
#10733 = CARTESIAN_POINT('',(-4.3,2.275070900416,0.475));
#10734 = DIRECTION('',(-1.,-0.,0.));
#10735 = DIRECTION('',(0.,-0.,-1.));
#10736 = ADVANCED_FACE('',(#10737),#10755,.F.);
#10737 = FACE_BOUND('',#10738,.T.);
#10738 = EDGE_LOOP('',(#10739,#10747,#10748,#10749));
#10739 = ORIENTED_EDGE('',*,*,#10740,.T.);
#10740 = EDGE_CURVE('',#10741,#10598,#10743,.T.);
#10741 = VERTEX_POINT('',#10742);
#10742 = CARTESIAN_POINT('',(-4.7,0.25,1.8));
#10743 = LINE('',#10744,#10745);
#10744 = CARTESIAN_POINT('',(-4.7,0.25,1.8));
#10745 = VECTOR('',#10746,1.);
#10746 = DIRECTION('',(-0.,1.322398980443E-13,1.));
#10747 = ORIENTED_EDGE('',*,*,#10597,.T.);
#10748 = ORIENTED_EDGE('',*,*,#10707,.F.);
#10749 = ORIENTED_EDGE('',*,*,#10750,.T.);
#10750 = EDGE_CURVE('',#10708,#10741,#10751,.T.);
#10751 = LINE('',#10752,#10753);
#10752 = CARTESIAN_POINT('',(-4.3,0.25,1.8));
#10753 = VECTOR('',#10754,1.);
#10754 = DIRECTION('',(-1.,-0.,0.));
#10755 = PLANE('',#10756);
#10756 = AXIS2_PLACEMENT_3D('',#10757,#10758,#10759);
#10757 = CARTESIAN_POINT('',(-4.5,0.25,1.967734147022));
#10758 = DIRECTION('',(0.,-1.,0.));
#10759 = DIRECTION('',(-1.,0.,0.));
#10760 = ADVANCED_FACE('',(#10761),#10769,.T.);
#10761 = FACE_BOUND('',#10762,.T.);
#10762 = EDGE_LOOP('',(#10763,#10764,#10765,#10766,#10767,#10768));
#10763 = ORIENTED_EDGE('',*,*,#727,.F.);
#10764 = ORIENTED_EDGE('',*,*,#704,.F.);
#10765 = ORIENTED_EDGE('',*,*,#673,.F.);
#10766 = ORIENTED_EDGE('',*,*,#642,.F.);
#10767 = ORIENTED_EDGE('',*,*,#585,.F.);
#10768 = ORIENTED_EDGE('',*,*,#9563,.F.);
#10769 = PLANE('',#10770);
#10770 = AXIS2_PLACEMENT_3D('',#10771,#10772,#10773);
#10771 = CARTESIAN_POINT('',(-4.7,2.275070900416,0.475));
#10772 = DIRECTION('',(-1.,-0.,0.));
#10773 = DIRECTION('',(0.,-0.,-1.));
#10774 = ADVANCED_FACE('',(#10775),#10781,.T.);
#10775 = FACE_BOUND('',#10776,.T.);
#10776 = EDGE_LOOP('',(#10777,#10778,#10779,#10780));
#10777 = ORIENTED_EDGE('',*,*,#10038,.F.);
#10778 = ORIENTED_EDGE('',*,*,#9991,.T.);
#10779 = ORIENTED_EDGE('',*,*,#9789,.F.);
#10780 = ORIENTED_EDGE('',*,*,#10460,.F.);
#10781 = PLANE('',#10782);
#10782 = AXIS2_PLACEMENT_3D('',#10783,#10784,#10785);
#10783 = CARTESIAN_POINT('',(-4.7,2.275070900416,0.475));
#10784 = DIRECTION('',(-1.,-0.,0.));
#10785 = DIRECTION('',(0.,-0.,-1.));
#10786 = ADVANCED_FACE('',(#10787),#10807,.T.);
#10787 = FACE_BOUND('',#10788,.T.);
#10788 = EDGE_LOOP('',(#10789,#10797,#10798,#10799,#10800,#10801));
#10789 = ORIENTED_EDGE('',*,*,#10790,.T.);
#10790 = EDGE_CURVE('',#10791,#10660,#10793,.T.);
#10791 = VERTEX_POINT('',#10792);
#10792 = CARTESIAN_POINT('',(-4.7,5.E-02,1.8));
#10793 = LINE('',#10794,#10795);
#10794 = CARTESIAN_POINT('',(-4.7,5.E-02,1.8));
#10795 = VECTOR('',#10796,1.);
#10796 = DIRECTION('',(0.,-0.,-1.));
#10797 = ORIENTED_EDGE('',*,*,#10659,.F.);
#10798 = ORIENTED_EDGE('',*,*,#10636,.F.);
#10799 = ORIENTED_EDGE('',*,*,#10605,.F.);
#10800 = ORIENTED_EDGE('',*,*,#10740,.F.);
#10801 = ORIENTED_EDGE('',*,*,#10802,.T.);
#10802 = EDGE_CURVE('',#10741,#10791,#10803,.T.);
#10803 = LINE('',#10804,#10805);
#10804 = CARTESIAN_POINT('',(-4.7,0.25,1.8));
#10805 = VECTOR('',#10806,1.);
#10806 = DIRECTION('',(0.,-1.,0.));
#10807 = PLANE('',#10808);
#10808 = AXIS2_PLACEMENT_3D('',#10809,#10810,#10811);
#10809 = CARTESIAN_POINT('',(-4.7,2.275070900416,0.475));
#10810 = DIRECTION('',(-1.,-0.,0.));
#10811 = DIRECTION('',(0.,-0.,-1.));
#10812 = ADVANCED_FACE('',(#10813),#10847,.F.);
#10813 = FACE_BOUND('',#10814,.T.);
#10814 = EDGE_LOOP('',(#10815,#10825,#10833,#10841));
#10815 = ORIENTED_EDGE('',*,*,#10816,.T.);
#10816 = EDGE_CURVE('',#10817,#10819,#10821,.T.);
#10817 = VERTEX_POINT('',#10818);
#10818 = CARTESIAN_POINT('',(-6.7,-8.673617379884E-16,2.25));
#10819 = VERTEX_POINT('',#10820);
#10820 = CARTESIAN_POINT('',(-6.3,-8.673617379884E-16,2.25));
#10821 = LINE('',#10822,#10823);
#10822 = CARTESIAN_POINT('',(-6.7,-8.673617379884E-16,2.25));
#10823 = VECTOR('',#10824,1.);
#10824 = DIRECTION('',(1.,0.,0.));
#10825 = ORIENTED_EDGE('',*,*,#10826,.F.);
#10826 = EDGE_CURVE('',#10827,#10819,#10829,.T.);
#10827 = VERTEX_POINT('',#10828);
#10828 = CARTESIAN_POINT('',(-6.3,0.25,2.25));
#10829 = LINE('',#10830,#10831);
#10830 = CARTESIAN_POINT('',(-6.3,0.25,2.25));
#10831 = VECTOR('',#10832,1.);
#10832 = DIRECTION('',(0.,-1.,2.522426711947E-13));
#10833 = ORIENTED_EDGE('',*,*,#10834,.F.);
#10834 = EDGE_CURVE('',#10835,#10827,#10837,.T.);
#10835 = VERTEX_POINT('',#10836);
#10836 = CARTESIAN_POINT('',(-6.7,0.25,2.25));
#10837 = LINE('',#10838,#10839);
#10838 = CARTESIAN_POINT('',(-6.7,0.25,2.25));
#10839 = VECTOR('',#10840,1.);
#10840 = DIRECTION('',(1.,0.,0.));
#10841 = ORIENTED_EDGE('',*,*,#10842,.T.);
#10842 = EDGE_CURVE('',#10835,#10817,#10843,.T.);
#10843 = LINE('',#10844,#10845);
#10844 = CARTESIAN_POINT('',(-6.7,0.25,2.25));
#10845 = VECTOR('',#10846,1.);
#10846 = DIRECTION('',(0.,-1.,2.522426711947E-13));
#10847 = PLANE('',#10848);
#10848 = AXIS2_PLACEMENT_3D('',#10849,#10850,#10851);
#10849 = CARTESIAN_POINT('',(-6.5,0.125,2.25));
#10850 = DIRECTION('',(0.,-0.,-1.));
#10851 = DIRECTION('',(-1.,-0.,0.));
#10852 = ADVANCED_FACE('',(#10853),#10878,.T.);
#10853 = FACE_BOUND('',#10854,.T.);
#10854 = EDGE_LOOP('',(#10855,#10865,#10871,#10872));
#10855 = ORIENTED_EDGE('',*,*,#10856,.T.);
#10856 = EDGE_CURVE('',#10857,#10859,#10861,.T.);
#10857 = VERTEX_POINT('',#10858);
#10858 = CARTESIAN_POINT('',(-6.7,-8.673617379884E-16,1.65));
#10859 = VERTEX_POINT('',#10860);
#10860 = CARTESIAN_POINT('',(-6.3,-8.673617379884E-16,1.65));
#10861 = LINE('',#10862,#10863);
#10862 = CARTESIAN_POINT('',(-6.7,-8.673617379884E-16,1.65));
#10863 = VECTOR('',#10864,1.);
#10864 = DIRECTION('',(1.,0.,0.));
#10865 = ORIENTED_EDGE('',*,*,#10866,.F.);
#10866 = EDGE_CURVE('',#10819,#10859,#10867,.T.);
#10867 = LINE('',#10868,#10869);
#10868 = CARTESIAN_POINT('',(-6.3,-8.673617379884E-16,2.25));
#10869 = VECTOR('',#10870,1.);
#10870 = DIRECTION('',(0.,6.143234069593E-14,-1.));
#10871 = ORIENTED_EDGE('',*,*,#10816,.F.);
#10872 = ORIENTED_EDGE('',*,*,#10873,.T.);
#10873 = EDGE_CURVE('',#10817,#10857,#10874,.T.);
#10874 = LINE('',#10875,#10876);
#10875 = CARTESIAN_POINT('',(-6.7,-8.673617379884E-16,2.25));
#10876 = VECTOR('',#10877,1.);
#10877 = DIRECTION('',(0.,6.143234069593E-14,-1.));
#10878 = PLANE('',#10879);
#10879 = AXIS2_PLACEMENT_3D('',#10880,#10881,#10882);
#10880 = CARTESIAN_POINT('',(-6.5,-8.673617379884E-16,1.95));
#10881 = DIRECTION('',(0.,-1.,0.));
#10882 = DIRECTION('',(-1.,0.,0.));
#10883 = ADVANCED_FACE('',(#10884),#10909,.T.);
#10884 = FACE_BOUND('',#10885,.T.);
#10885 = EDGE_LOOP('',(#10886,#10894,#10895,#10903));
#10886 = ORIENTED_EDGE('',*,*,#10887,.F.);
#10887 = EDGE_CURVE('',#10859,#10888,#10890,.T.);
#10888 = VERTEX_POINT('',#10889);
#10889 = CARTESIAN_POINT('',(-6.3,5.E-02,1.477333110405));
#10890 = LINE('',#10891,#10892);
#10891 = CARTESIAN_POINT('',(-6.3,-8.673617379884E-16,1.65));
#10892 = VECTOR('',#10893,1.);
#10893 = DIRECTION('',(0.,0.278147794074,-0.960538289009));
#10894 = ORIENTED_EDGE('',*,*,#10856,.F.);
#10895 = ORIENTED_EDGE('',*,*,#10896,.T.);
#10896 = EDGE_CURVE('',#10857,#10897,#10899,.T.);
#10897 = VERTEX_POINT('',#10898);
#10898 = CARTESIAN_POINT('',(-6.7,5.E-02,1.477333110405));
#10899 = LINE('',#10900,#10901);
#10900 = CARTESIAN_POINT('',(-6.7,-8.673617379884E-16,1.65));
#10901 = VECTOR('',#10902,1.);
#10902 = DIRECTION('',(0.,0.278147794074,-0.960538289009));
#10903 = ORIENTED_EDGE('',*,*,#10904,.T.);
#10904 = EDGE_CURVE('',#10897,#10888,#10905,.T.);
#10905 = LINE('',#10906,#10907);
#10906 = CARTESIAN_POINT('',(-6.7,5.E-02,1.477333110405));
#10907 = VECTOR('',#10908,1.);
#10908 = DIRECTION('',(1.,0.,0.));
#10909 = PLANE('',#10910);
#10910 = AXIS2_PLACEMENT_3D('',#10911,#10912,#10913);
#10911 = CARTESIAN_POINT('',(-6.5,0.374865427748,0.355463051482));
#10912 = DIRECTION('',(0.,-0.960538289009,-0.278147794074));
#10913 = DIRECTION('',(-1.,-0.,0.));
#10914 = ADVANCED_FACE('',(#10915),#11007,.T.);
#10915 = FACE_BOUND('',#10916,.T.);
#10916 = EDGE_LOOP('',(#10917,#10925,#10926,#10927,#10928,#10929,#10930,
    #10931,#10932,#10938,#10939,#10940,#10941,#10947,#10948,#10949,
    #10950,#10956,#10957,#10958,#10959,#10965,#10966,#10967,#10968,
    #10974,#10975,#10976,#10977,#10983,#10984,#10985,#10986,#10994,
    #11000,#11001));
#10917 = ORIENTED_EDGE('',*,*,#10918,.T.);
#10918 = EDGE_CURVE('',#10919,#6641,#10921,.T.);
#10919 = VERTEX_POINT('',#10920);
#10920 = CARTESIAN_POINT('',(-6.7,5.E-02,1.8));
#10921 = LINE('',#10922,#10923);
#10922 = CARTESIAN_POINT('',(-6.7,5.E-02,1.8));
#10923 = VECTOR('',#10924,1.);
#10924 = DIRECTION('',(-1.,-0.,0.));
#10925 = ORIENTED_EDGE('',*,*,#6638,.F.);
#10926 = ORIENTED_EDGE('',*,*,#6709,.T.);
#10927 = ORIENTED_EDGE('',*,*,#8503,.F.);
#10928 = ORIENTED_EDGE('',*,*,#6608,.F.);
#10929 = ORIENTED_EDGE('',*,*,#8831,.T.);
#10930 = ORIENTED_EDGE('',*,*,#3334,.F.);
#10931 = ORIENTED_EDGE('',*,*,#3302,.F.);
#10932 = ORIENTED_EDGE('',*,*,#10933,.T.);
#10933 = EDGE_CURVE('',#3295,#3083,#10934,.T.);
#10934 = LINE('',#10935,#10936);
#10935 = CARTESIAN_POINT('',(9.5,5.E-02,1.8));
#10936 = VECTOR('',#10937,1.);
#10937 = DIRECTION('',(-1.,-0.,0.));
#10938 = ORIENTED_EDGE('',*,*,#3082,.T.);
#10939 = ORIENTED_EDGE('',*,*,#3007,.F.);
#10940 = ORIENTED_EDGE('',*,*,#3178,.F.);
#10941 = ORIENTED_EDGE('',*,*,#10942,.T.);
#10942 = EDGE_CURVE('',#3179,#2592,#10943,.T.);
#10943 = LINE('',#10944,#10945);
#10944 = CARTESIAN_POINT('',(5.3,5.E-02,1.8));
#10945 = VECTOR('',#10946,1.);
#10946 = DIRECTION('',(-1.,-0.,0.));
#10947 = ORIENTED_EDGE('',*,*,#2591,.T.);
#10948 = ORIENTED_EDGE('',*,*,#2516,.F.);
#10949 = ORIENTED_EDGE('',*,*,#2687,.F.);
#10950 = ORIENTED_EDGE('',*,*,#10951,.T.);
#10951 = EDGE_CURVE('',#2688,#2101,#10952,.T.);
#10952 = LINE('',#10953,#10954);
#10953 = CARTESIAN_POINT('',(3.3,5.E-02,1.8));
#10954 = VECTOR('',#10955,1.);
#10955 = DIRECTION('',(-1.,-0.,0.));
#10956 = ORIENTED_EDGE('',*,*,#2100,.T.);
#10957 = ORIENTED_EDGE('',*,*,#2025,.F.);
#10958 = ORIENTED_EDGE('',*,*,#2196,.F.);
#10959 = ORIENTED_EDGE('',*,*,#10960,.T.);
#10960 = EDGE_CURVE('',#2197,#1610,#10961,.T.);
#10961 = LINE('',#10962,#10963);
#10962 = CARTESIAN_POINT('',(1.3,5.E-02,1.8));
#10963 = VECTOR('',#10964,1.);
#10964 = DIRECTION('',(-1.,-0.,0.));
#10965 = ORIENTED_EDGE('',*,*,#1609,.T.);
#10966 = ORIENTED_EDGE('',*,*,#1534,.F.);
#10967 = ORIENTED_EDGE('',*,*,#1705,.F.);
#10968 = ORIENTED_EDGE('',*,*,#10969,.T.);
#10969 = EDGE_CURVE('',#1706,#1119,#10970,.T.);
#10970 = LINE('',#10971,#10972);
#10971 = CARTESIAN_POINT('',(-0.7,5.E-02,1.8));
#10972 = VECTOR('',#10973,1.);
#10973 = DIRECTION('',(-1.,-0.,0.));
#10974 = ORIENTED_EDGE('',*,*,#1118,.T.);
#10975 = ORIENTED_EDGE('',*,*,#1043,.F.);
#10976 = ORIENTED_EDGE('',*,*,#1214,.F.);
#10977 = ORIENTED_EDGE('',*,*,#10978,.T.);
#10978 = EDGE_CURVE('',#1215,#10719,#10979,.T.);
#10979 = LINE('',#10980,#10981);
#10980 = CARTESIAN_POINT('',(-2.7,5.E-02,1.8));
#10981 = VECTOR('',#10982,1.);
#10982 = DIRECTION('',(-1.,-0.,0.));
#10983 = ORIENTED_EDGE('',*,*,#10718,.T.);
#10984 = ORIENTED_EDGE('',*,*,#10667,.F.);
#10985 = ORIENTED_EDGE('',*,*,#10790,.F.);
#10986 = ORIENTED_EDGE('',*,*,#10987,.T.);
#10987 = EDGE_CURVE('',#10791,#10988,#10990,.T.);
#10988 = VERTEX_POINT('',#10989);
#10989 = CARTESIAN_POINT('',(-6.3,5.E-02,1.8));
#10990 = LINE('',#10991,#10992);
#10991 = CARTESIAN_POINT('',(-4.7,5.E-02,1.8));
#10992 = VECTOR('',#10993,1.);
#10993 = DIRECTION('',(-1.,-0.,0.));
#10994 = ORIENTED_EDGE('',*,*,#10995,.T.);
#10995 = EDGE_CURVE('',#10988,#10888,#10996,.T.);
#10996 = LINE('',#10997,#10998);
#10997 = CARTESIAN_POINT('',(-6.3,5.E-02,1.8));
#10998 = VECTOR('',#10999,1.);
#10999 = DIRECTION('',(0.,-0.,-1.));
#11000 = ORIENTED_EDGE('',*,*,#10904,.F.);
#11001 = ORIENTED_EDGE('',*,*,#11002,.F.);
#11002 = EDGE_CURVE('',#10919,#10897,#11003,.T.);
#11003 = LINE('',#11004,#11005);
#11004 = CARTESIAN_POINT('',(-6.7,5.E-02,1.8));
#11005 = VECTOR('',#11006,1.);
#11006 = DIRECTION('',(0.,-0.,-1.));
#11007 = PLANE('',#11008);
#11008 = AXIS2_PLACEMENT_3D('',#11009,#11010,#11011);
#11009 = CARTESIAN_POINT('',(0.,5.E-02,0.24));
#11010 = DIRECTION('',(0.,-1.,0.));
#11011 = DIRECTION('',(-1.,0.,0.));
#11012 = ADVANCED_FACE('',(#11013),#11021,.F.);
#11013 = FACE_BOUND('',#11014,.T.);
#11014 = EDGE_LOOP('',(#11015,#11016,#11017,#11018,#11019,#11020));
#11015 = ORIENTED_EDGE('',*,*,#439,.T.);
#11016 = ORIENTED_EDGE('',*,*,#471,.T.);
#11017 = ORIENTED_EDGE('',*,*,#502,.T.);
#11018 = ORIENTED_EDGE('',*,*,#533,.T.);
#11019 = ORIENTED_EDGE('',*,*,#554,.T.);
#11020 = ORIENTED_EDGE('',*,*,#9540,.T.);
#11021 = PLANE('',#11022);
#11022 = AXIS2_PLACEMENT_3D('',#11023,#11024,#11025);
#11023 = CARTESIAN_POINT('',(-6.3,2.275070900416,0.475));
#11024 = DIRECTION('',(-1.,-0.,0.));
#11025 = DIRECTION('',(0.,-0.,-1.));
#11026 = ADVANCED_FACE('',(#11027),#11033,.F.);
#11027 = FACE_BOUND('',#11028,.T.);
#11028 = EDGE_LOOP('',(#11029,#11030,#11031,#11032));
#11029 = ORIENTED_EDGE('',*,*,#70,.T.);
#11030 = ORIENTED_EDGE('',*,*,#9841,.F.);
#11031 = ORIENTED_EDGE('',*,*,#10078,.T.);
#11032 = ORIENTED_EDGE('',*,*,#10563,.T.);
#11033 = PLANE('',#11034);
#11034 = AXIS2_PLACEMENT_3D('',#11035,#11036,#11037);
#11035 = CARTESIAN_POINT('',(-6.3,2.275070900416,0.475));
#11036 = DIRECTION('',(-1.,-0.,0.));
#11037 = DIRECTION('',(0.,-0.,-1.));
#11038 = ADVANCED_FACE('',(#11039),#11059,.F.);
#11039 = FACE_BOUND('',#11040,.T.);
#11040 = EDGE_LOOP('',(#11041,#11049,#11050,#11051,#11052,#11053));
#11041 = ORIENTED_EDGE('',*,*,#11042,.T.);
#11042 = EDGE_CURVE('',#11043,#10827,#11045,.T.);
#11043 = VERTEX_POINT('',#11044);
#11044 = CARTESIAN_POINT('',(-6.3,0.25,1.8));
#11045 = LINE('',#11046,#11047);
#11046 = CARTESIAN_POINT('',(-6.3,0.25,1.8));
#11047 = VECTOR('',#11048,1.);
#11048 = DIRECTION('',(-0.,1.322398980443E-13,1.));
#11049 = ORIENTED_EDGE('',*,*,#10826,.T.);
#11050 = ORIENTED_EDGE('',*,*,#10866,.T.);
#11051 = ORIENTED_EDGE('',*,*,#10887,.T.);
#11052 = ORIENTED_EDGE('',*,*,#10995,.F.);
#11053 = ORIENTED_EDGE('',*,*,#11054,.F.);
#11054 = EDGE_CURVE('',#11043,#10988,#11055,.T.);
#11055 = LINE('',#11056,#11057);
#11056 = CARTESIAN_POINT('',(-6.3,0.25,1.8));
#11057 = VECTOR('',#11058,1.);
#11058 = DIRECTION('',(0.,-1.,0.));
#11059 = PLANE('',#11060);
#11060 = AXIS2_PLACEMENT_3D('',#11061,#11062,#11063);
#11061 = CARTESIAN_POINT('',(-6.3,2.275070900416,0.475));
#11062 = DIRECTION('',(-1.,-0.,0.));
#11063 = DIRECTION('',(0.,-0.,-1.));
#11064 = ADVANCED_FACE('',(#11065),#11083,.F.);
#11065 = FACE_BOUND('',#11066,.T.);
#11066 = EDGE_LOOP('',(#11067,#11075,#11076,#11077));
#11067 = ORIENTED_EDGE('',*,*,#11068,.T.);
#11068 = EDGE_CURVE('',#11069,#10835,#11071,.T.);
#11069 = VERTEX_POINT('',#11070);
#11070 = CARTESIAN_POINT('',(-6.7,0.25,1.8));
#11071 = LINE('',#11072,#11073);
#11072 = CARTESIAN_POINT('',(-6.7,0.25,1.8));
#11073 = VECTOR('',#11074,1.);
#11074 = DIRECTION('',(-0.,1.322398980443E-13,1.));
#11075 = ORIENTED_EDGE('',*,*,#10834,.T.);
#11076 = ORIENTED_EDGE('',*,*,#11042,.F.);
#11077 = ORIENTED_EDGE('',*,*,#11078,.T.);
#11078 = EDGE_CURVE('',#11043,#11069,#11079,.T.);
#11079 = LINE('',#11080,#11081);
#11080 = CARTESIAN_POINT('',(-6.3,0.25,1.8));
#11081 = VECTOR('',#11082,1.);
#11082 = DIRECTION('',(-1.,-0.,0.));
#11083 = PLANE('',#11084);
#11084 = AXIS2_PLACEMENT_3D('',#11085,#11086,#11087);
#11085 = CARTESIAN_POINT('',(-6.5,0.25,1.967734147022));
#11086 = DIRECTION('',(0.,-1.,0.));
#11087 = DIRECTION('',(-1.,0.,0.));
#11088 = ADVANCED_FACE('',(#11089),#11097,.T.);
#11089 = FACE_BOUND('',#11090,.T.);
#11090 = EDGE_LOOP('',(#11091,#11092,#11093,#11094,#11095,#11096));
#11091 = ORIENTED_EDGE('',*,*,#563,.F.);
#11092 = ORIENTED_EDGE('',*,*,#540,.F.);
#11093 = ORIENTED_EDGE('',*,*,#509,.F.);
#11094 = ORIENTED_EDGE('',*,*,#478,.F.);
#11095 = ORIENTED_EDGE('',*,*,#421,.F.);
#11096 = ORIENTED_EDGE('',*,*,#9547,.F.);
#11097 = PLANE('',#11098);
#11098 = AXIS2_PLACEMENT_3D('',#11099,#11100,#11101);
#11099 = CARTESIAN_POINT('',(-6.7,2.275070900416,0.475));
#11100 = DIRECTION('',(-1.,-0.,0.));
#11101 = DIRECTION('',(0.,-0.,-1.));
#11102 = ADVANCED_FACE('',(#11103),#11109,.T.);
#11103 = FACE_BOUND('',#11104,.T.);
#11104 = EDGE_LOOP('',(#11105,#11106,#11107,#11108));
#11105 = ORIENTED_EDGE('',*,*,#10320,.F.);
#11106 = ORIENTED_EDGE('',*,*,#9848,.T.);
#11107 = ORIENTED_EDGE('',*,*,#51,.F.);
#11108 = ORIENTED_EDGE('',*,*,#10556,.F.);
#11109 = PLANE('',#11110);
#11110 = AXIS2_PLACEMENT_3D('',#11111,#11112,#11113);
#11111 = CARTESIAN_POINT('',(-6.7,2.275070900416,0.475));
#11112 = DIRECTION('',(-1.,-0.,0.));
#11113 = DIRECTION('',(0.,-0.,-1.));
#11114 = ADVANCED_FACE('',(#11115),#11128,.T.);
#11115 = FACE_BOUND('',#11116,.T.);
#11116 = EDGE_LOOP('',(#11117,#11118,#11119,#11120,#11121,#11122));
#11117 = ORIENTED_EDGE('',*,*,#11002,.T.);
#11118 = ORIENTED_EDGE('',*,*,#10896,.F.);
#11119 = ORIENTED_EDGE('',*,*,#10873,.F.);
#11120 = ORIENTED_EDGE('',*,*,#10842,.F.);
#11121 = ORIENTED_EDGE('',*,*,#11068,.F.);
#11122 = ORIENTED_EDGE('',*,*,#11123,.T.);
#11123 = EDGE_CURVE('',#11069,#10919,#11124,.T.);
#11124 = LINE('',#11125,#11126);
#11125 = CARTESIAN_POINT('',(-6.7,0.25,1.8));
#11126 = VECTOR('',#11127,1.);
#11127 = DIRECTION('',(0.,-1.,0.));
#11128 = PLANE('',#11129);
#11129 = AXIS2_PLACEMENT_3D('',#11130,#11131,#11132);
#11130 = CARTESIAN_POINT('',(-6.7,2.275070900416,0.475));
#11131 = DIRECTION('',(-1.,-0.,0.));
#11132 = DIRECTION('',(0.,-0.,-1.));
#11133 = ADVANCED_FACE('',(#11134),#11174,.F.);
#11134 = FACE_BOUND('',#11135,.T.);
#11135 = EDGE_LOOP('',(#11136,#11137,#11138,#11139,#11140,#11141,#11142,
    #11143,#11144,#11145,#11146,#11147,#11148,#11149,#11150,#11151,
    #11152,#11153,#11154,#11155,#11156,#11157,#11158,#11159,#11160,
    #11161,#11162,#11163,#11164,#11165,#11166,#11167,#11168,#11169,
    #11170,#11171,#11172,#11173));
#11136 = ORIENTED_EDGE('',*,*,#11078,.F.);
#11137 = ORIENTED_EDGE('',*,*,#11054,.T.);
#11138 = ORIENTED_EDGE('',*,*,#10987,.F.);
#11139 = ORIENTED_EDGE('',*,*,#10802,.F.);
#11140 = ORIENTED_EDGE('',*,*,#10750,.F.);
#11141 = ORIENTED_EDGE('',*,*,#10726,.T.);
#11142 = ORIENTED_EDGE('',*,*,#10978,.F.);
#11143 = ORIENTED_EDGE('',*,*,#1226,.F.);
#11144 = ORIENTED_EDGE('',*,*,#1150,.F.);
#11145 = ORIENTED_EDGE('',*,*,#1126,.T.);
#11146 = ORIENTED_EDGE('',*,*,#10969,.F.);
#11147 = ORIENTED_EDGE('',*,*,#1717,.F.);
#11148 = ORIENTED_EDGE('',*,*,#1641,.F.);
#11149 = ORIENTED_EDGE('',*,*,#1617,.T.);
#11150 = ORIENTED_EDGE('',*,*,#10960,.F.);
#11151 = ORIENTED_EDGE('',*,*,#2208,.F.);
#11152 = ORIENTED_EDGE('',*,*,#2132,.F.);
#11153 = ORIENTED_EDGE('',*,*,#2108,.T.);
#11154 = ORIENTED_EDGE('',*,*,#10951,.F.);
#11155 = ORIENTED_EDGE('',*,*,#2699,.F.);
#11156 = ORIENTED_EDGE('',*,*,#2623,.F.);
#11157 = ORIENTED_EDGE('',*,*,#2599,.T.);
#11158 = ORIENTED_EDGE('',*,*,#10942,.F.);
#11159 = ORIENTED_EDGE('',*,*,#3190,.F.);
#11160 = ORIENTED_EDGE('',*,*,#3114,.F.);
#11161 = ORIENTED_EDGE('',*,*,#3090,.T.);
#11162 = ORIENTED_EDGE('',*,*,#10933,.F.);
#11163 = ORIENTED_EDGE('',*,*,#3294,.F.);
#11164 = ORIENTED_EDGE('',*,*,#3263,.F.);
#11165 = ORIENTED_EDGE('',*,*,#10521,.F.);
#11166 = ORIENTED_EDGE('',*,*,#7171,.F.);
#11167 = ORIENTED_EDGE('',*,*,#8069,.T.);
#11168 = ORIENTED_EDGE('',*,*,#7123,.F.);
#11169 = ORIENTED_EDGE('',*,*,#10546,.F.);
#11170 = ORIENTED_EDGE('',*,*,#6679,.F.);
#11171 = ORIENTED_EDGE('',*,*,#6648,.F.);
#11172 = ORIENTED_EDGE('',*,*,#10918,.F.);
#11173 = ORIENTED_EDGE('',*,*,#11123,.F.);
#11174 = PLANE('',#11175);
#11175 = AXIS2_PLACEMENT_3D('',#11176,#11177,#11178);
#11176 = CARTESIAN_POINT('',(0.,2.15,1.8));
#11177 = DIRECTION('',(0.,-0.,-1.));
#11178 = DIRECTION('',(-1.,-0.,0.));
#11179 = ( GEOMETRIC_REPRESENTATION_CONTEXT(3) 
GLOBAL_UNCERTAINTY_ASSIGNED_CONTEXT((#11183)) 
GLOBAL_UNIT_ASSIGNED_CONTEXT((#11180,#11181,#11182)) 
REPRESENTATION_CONTEXT('Context #1',
  '3D Context with UNIT and UNCERTAINTY') );
#11180 = ( LENGTH_UNIT() NAMED_UNIT(*) SI_UNIT(.MILLI.,.METRE.) );
#11181 = ( NAMED_UNIT(*) PLANE_ANGLE_UNIT() SI_UNIT($,.RADIAN.) );
#11182 = ( NAMED_UNIT(*) SI_UNIT($,.STERADIAN.) SOLID_ANGLE_UNIT() );
#11183 = UNCERTAINTY_MEASURE_WITH_UNIT(LENGTH_MEASURE(2.E-06),#11180,
  'distance_accuracy_value','confusion accuracy');
#11184 = CONTEXT_DEPENDENT_SHAPE_REPRESENTATION(#11185,#11187);
#11185 = ( REPRESENTATION_RELATIONSHIP('','',#44,#10) 
REPRESENTATION_RELATIONSHIP_WITH_TRANSFORMATION(#11186) 
SHAPE_REPRESENTATION_RELATIONSHIP() );
#11186 = ITEM_DEFINED_TRANSFORMATION('','',#11,#15);
#11187 = PRODUCT_DEFINITION_SHAPE('Placement','Placement of an item',
  #11188);
#11188 = NEXT_ASSEMBLY_USAGE_OCCURRENCE('1','J1','',#5,#39,$);
#11189 = PRODUCT_RELATED_PRODUCT_CATEGORY('part',$,(#41));
#11190 = SHAPE_DEFINITION_REPRESENTATION(#11191,#11197);
#11191 = PRODUCT_DEFINITION_SHAPE('','',#11192);
#11192 = PRODUCT_DEFINITION('design','',#11193,#11196);
#11193 = PRODUCT_DEFINITION_FORMATION('','',#11194);
#11194 = PRODUCT('Hex_Out_silkscreen','Hex_Out_silkscreen','',(#11195));
#11195 = PRODUCT_CONTEXT('',#2,'mechanical');
#11196 = PRODUCT_DEFINITION_CONTEXT('part definition',#2,'design');
#11197 = SHAPE_REPRESENTATION('',(#11,#11198,#11310,#11329,#11423,#11566
    ,#11585,#11679,#11723,#11767,#11811,#11855,#11899,#11943,#12037,
    #12081,#12125,#12169,#12213,#12257,#12301,#12458),#12552);
#11198 = SHELL_BASED_SURFACE_MODEL('',(#11199));
#11199 = OPEN_SHELL('',(#11200));
#11200 = ADVANCED_FACE('',(#11201,#11271),#11305,.T.);
#11201 = FACE_BOUND('',#11202,.F.);
#11202 = EDGE_LOOP('',(#11203,#11214,#11222,#11231,#11239,#11248,#11256,
    #11265));
#11203 = ORIENTED_EDGE('',*,*,#11204,.T.);
#11204 = EDGE_CURVE('',#11205,#11207,#11209,.T.);
#11205 = VERTEX_POINT('',#11206);
#11206 = CARTESIAN_POINT('',(140.1865,-82.8625,1.585));
#11207 = VERTEX_POINT('',#11208);
#11208 = CARTESIAN_POINT('',(140.25,-82.799,1.585));
#11209 = CIRCLE('',#11210,6.350155257217E-02);
#11210 = AXIS2_PLACEMENT_3D('',#11211,#11212,#11213);
#11211 = CARTESIAN_POINT('',(140.25000155255,-82.86250155255,1.585));
#11212 = DIRECTION('',(0.,0.,-1.));
#11213 = DIRECTION('',(-0.999999999701,2.444905914881E-05,0.));
#11214 = ORIENTED_EDGE('',*,*,#11215,.T.);
#11215 = EDGE_CURVE('',#11207,#11216,#11218,.T.);
#11216 = VERTEX_POINT('',#11217);
#11217 = CARTESIAN_POINT('',(159.75,-82.799,1.585));
#11218 = LINE('',#11219,#11220);
#11219 = CARTESIAN_POINT('',(140.25,-82.799,1.585));
#11220 = VECTOR('',#11221,1.);
#11221 = DIRECTION('',(1.,0.,0.));
#11222 = ORIENTED_EDGE('',*,*,#11223,.T.);
#11223 = EDGE_CURVE('',#11216,#11224,#11226,.T.);
#11224 = VERTEX_POINT('',#11225);
#11225 = CARTESIAN_POINT('',(159.8135,-82.8625,1.585));
#11226 = CIRCLE('',#11227,6.350155257209E-02);
#11227 = AXIS2_PLACEMENT_3D('',#11228,#11229,#11230);
#11228 = CARTESIAN_POINT('',(159.74999844744,-82.86250155255,1.585));
#11229 = DIRECTION('',(0.,0.,-1.));
#11230 = DIRECTION('',(2.444905735854E-05,0.999999999701,0.));
#11231 = ORIENTED_EDGE('',*,*,#11232,.T.);
#11232 = EDGE_CURVE('',#11224,#11233,#11235,.T.);
#11233 = VERTEX_POINT('',#11234);
#11234 = CARTESIAN_POINT('',(159.8135,-102.8625,1.585));
#11235 = LINE('',#11236,#11237);
#11236 = CARTESIAN_POINT('',(159.8135,-82.8625,1.585));
#11237 = VECTOR('',#11238,1.);
#11238 = DIRECTION('',(0.,-1.,0.));
#11239 = ORIENTED_EDGE('',*,*,#11240,.T.);
#11240 = EDGE_CURVE('',#11233,#11241,#11243,.T.);
#11241 = VERTEX_POINT('',#11242);
#11242 = CARTESIAN_POINT('',(159.75,-102.926,1.585));
#11243 = CIRCLE('',#11244,6.350155257218E-02);
#11244 = AXIS2_PLACEMENT_3D('',#11245,#11246,#11247);
#11245 = CARTESIAN_POINT('',(159.74999844744,-102.8624984474,1.585));
#11246 = DIRECTION('',(0.,0.,-1.));
#11247 = DIRECTION('',(0.999999999701,-2.444905914881E-05,0.));
#11248 = ORIENTED_EDGE('',*,*,#11249,.T.);
#11249 = EDGE_CURVE('',#11241,#11250,#11252,.T.);
#11250 = VERTEX_POINT('',#11251);
#11251 = CARTESIAN_POINT('',(140.25,-102.926,1.585));
#11252 = LINE('',#11253,#11254);
#11253 = CARTESIAN_POINT('',(159.75,-102.926,1.585));
#11254 = VECTOR('',#11255,1.);
#11255 = DIRECTION('',(-1.,0.,0.));
#11256 = ORIENTED_EDGE('',*,*,#11257,.T.);
#11257 = EDGE_CURVE('',#11250,#11258,#11260,.T.);
#11258 = VERTEX_POINT('',#11259);
#11259 = CARTESIAN_POINT('',(140.1865,-102.8625,1.585));
#11260 = CIRCLE('',#11261,6.350155257214E-02);
#11261 = AXIS2_PLACEMENT_3D('',#11262,#11263,#11264);
#11262 = CARTESIAN_POINT('',(140.25000155255,-102.8624984474,1.585));
#11263 = DIRECTION('',(0.,0.,-1.));
#11264 = DIRECTION('',(-2.444905825368E-05,-0.999999999701,-0.));
#11265 = ORIENTED_EDGE('',*,*,#11266,.T.);
#11266 = EDGE_CURVE('',#11258,#11205,#11267,.T.);
#11267 = LINE('',#11268,#11269);
#11268 = CARTESIAN_POINT('',(140.1865,-102.8625,1.585));
#11269 = VECTOR('',#11270,1.);
#11270 = DIRECTION('',(0.,1.,0.));
#11271 = FACE_BOUND('',#11272,.F.);
#11272 = EDGE_LOOP('',(#11273,#11283,#11291,#11299));
#11273 = ORIENTED_EDGE('',*,*,#11274,.T.);
#11274 = EDGE_CURVE('',#11275,#11277,#11279,.T.);
#11275 = VERTEX_POINT('',#11276);
#11276 = CARTESIAN_POINT('',(159.6865,-102.799,1.585));
#11277 = VERTEX_POINT('',#11278);
#11278 = CARTESIAN_POINT('',(159.6865,-82.926,1.585));
#11279 = LINE('',#11280,#11281);
#11280 = CARTESIAN_POINT('',(159.6865,-102.799,1.585));
#11281 = VECTOR('',#11282,1.);
#11282 = DIRECTION('',(0.,1.,0.));
#11283 = ORIENTED_EDGE('',*,*,#11284,.T.);
#11284 = EDGE_CURVE('',#11277,#11285,#11287,.T.);
#11285 = VERTEX_POINT('',#11286);
#11286 = CARTESIAN_POINT('',(140.3135,-82.926,1.585));
#11287 = LINE('',#11288,#11289);
#11288 = CARTESIAN_POINT('',(159.6865,-82.926,1.585));
#11289 = VECTOR('',#11290,1.);
#11290 = DIRECTION('',(-1.,0.,0.));
#11291 = ORIENTED_EDGE('',*,*,#11292,.T.);
#11292 = EDGE_CURVE('',#11285,#11293,#11295,.T.);
#11293 = VERTEX_POINT('',#11294);
#11294 = CARTESIAN_POINT('',(140.3135,-102.799,1.585));
#11295 = LINE('',#11296,#11297);
#11296 = CARTESIAN_POINT('',(140.3135,-82.926,1.585));
#11297 = VECTOR('',#11298,1.);
#11298 = DIRECTION('',(0.,-1.,0.));
#11299 = ORIENTED_EDGE('',*,*,#11300,.T.);
#11300 = EDGE_CURVE('',#11293,#11275,#11301,.T.);
#11301 = LINE('',#11302,#11303);
#11302 = CARTESIAN_POINT('',(140.3135,-102.799,1.585));
#11303 = VECTOR('',#11304,1.);
#11304 = DIRECTION('',(1.,0.,0.));
#11305 = PLANE('',#11306);
#11306 = AXIS2_PLACEMENT_3D('',#11307,#11308,#11309);
#11307 = CARTESIAN_POINT('',(0.,0.,1.585));
#11308 = DIRECTION('',(0.,0.,1.));
#11309 = DIRECTION('',(1.,0.,-0.));
#11310 = SHELL_BASED_SURFACE_MODEL('',(#11311));
#11311 = OPEN_SHELL('',(#11312));
#11312 = ADVANCED_FACE('',(#11313),#11324,.T.);
#11313 = FACE_BOUND('',#11314,.T.);
#11314 = EDGE_LOOP('',(#11315));
#11315 = ORIENTED_EDGE('',*,*,#11316,.T.);
#11316 = EDGE_CURVE('',#11317,#11317,#11319,.T.);
#11317 = VERTEX_POINT('',#11318);
#11318 = CARTESIAN_POINT('',(153.35,-82.0625,1.585));
#11319 = CIRCLE('',#11320,0.2);
#11320 = AXIS2_PLACEMENT_3D('',#11321,#11322,#11323);
#11321 = CARTESIAN_POINT('',(153.15,-82.0625,1.585));
#11322 = DIRECTION('',(0.,0.,1.));
#11323 = DIRECTION('',(1.,0.,-0.));
#11324 = PLANE('',#11325);
#11325 = AXIS2_PLACEMENT_3D('',#11326,#11327,#11328);
#11326 = CARTESIAN_POINT('',(0.,0.,1.585));
#11327 = DIRECTION('',(0.,0.,1.));
#11328 = DIRECTION('',(1.,0.,-0.));
#11329 = SHELL_BASED_SURFACE_MODEL('',(#11330));
#11330 = OPEN_SHELL('',(#11331));
#11331 = ADVANCED_FACE('',(#11332),#11418,.T.);
#11332 = FACE_BOUND('',#11333,.F.);
#11333 = EDGE_LOOP('',(#11334,#11345,#11353,#11362,#11370,#11379,#11387,
    #11396,#11404,#11412));
#11334 = ORIENTED_EDGE('',*,*,#11335,.T.);
#11335 = EDGE_CURVE('',#11336,#11338,#11340,.T.);
#11336 = VERTEX_POINT('',#11337);
#11337 = CARTESIAN_POINT('',(143.199998,-81.119959,1.585));
#11338 = VERTEX_POINT('',#11339);
#11339 = CARTESIAN_POINT('',(143.316666,-81.182319,1.585));
#11340 = CIRCLE('',#11341,7.500000000002E-02);
#11341 = AXIS2_PLACEMENT_3D('',#11342,#11343,#11344);
#11342 = CARTESIAN_POINT('',(143.241666,-81.18231906555,1.585));
#11343 = DIRECTION('',(0.,0.,-1.));
#11344 = DIRECTION('',(-0.555573333333,0.831467540731,0.));
#11345 = ORIENTED_EDGE('',*,*,#11346,.T.);
#11346 = EDGE_CURVE('',#11338,#11347,#11349,.T.);
#11347 = VERTEX_POINT('',#11348);
#11348 = CARTESIAN_POINT('',(143.314466,-81.913066,1.585));
#11349 = LINE('',#11350,#11351);
#11350 = CARTESIAN_POINT('',(143.316666,-81.182319,1.585));
#11351 = VECTOR('',#11352,1.);
#11352 = DIRECTION('',(-3.010604258182E-03,-0.999995468121,0.));
#11353 = ORIENTED_EDGE('',*,*,#11354,.T.);
#11354 = EDGE_CURVE('',#11347,#11355,#11357,.T.);
#11355 = VERTEX_POINT('',#11356);
#11356 = CARTESIAN_POINT('',(142.963357,-82.256589,1.585));
#11357 = CIRCLE('',#11358,0.38184101318);
#11358 = AXIS2_PLACEMENT_3D('',#11359,#11360,#11361);
#11359 = CARTESIAN_POINT('',(142.93444350032,-81.87584424444,1.585));
#11360 = DIRECTION('',(0.,0.,-1.));
#11361 = DIRECTION('',(0.995237511316,-9.747972132599E-02,0.));
#11362 = ORIENTED_EDGE('',*,*,#11363,.T.);
#11363 = EDGE_CURVE('',#11355,#11364,#11366,.T.);
#11364 = VERTEX_POINT('',#11365);
#11365 = CARTESIAN_POINT('',(142.846082,-82.255878,1.585));
#11366 = LINE('',#11367,#11368);
#11367 = CARTESIAN_POINT('',(142.963357,-82.256589,1.585));
#11368 = VECTOR('',#11369,1.);
#11369 = DIRECTION('',(-0.999981622503,6.062561787334E-03,0.));
#11370 = ORIENTED_EDGE('',*,*,#11371,.T.);
#11371 = EDGE_CURVE('',#11364,#11372,#11374,.T.);
#11372 = VERTEX_POINT('',#11373);
#11373 = CARTESIAN_POINT('',(142.860714,-82.107319,1.585));
#11374 = CIRCLE('',#11375,7.500006711464E-02);
#11375 = AXIS2_PLACEMENT_3D('',#11376,#11377,#11378);
#11376 = CARTESIAN_POINT('',(142.86071393288,-82.18231906711,1.585));
#11377 = DIRECTION('',(0.,0.,-1.));
#11378 = DIRECTION('',(-0.195092263892,-0.980784894138,-0.));
#11379 = ORIENTED_EDGE('',*,*,#11380,.T.);
#11380 = EDGE_CURVE('',#11372,#11381,#11383,.T.);
#11381 = VERTEX_POINT('',#11382);
#11382 = CARTESIAN_POINT('',(142.943782,-82.107319,1.585));
#11383 = LINE('',#11384,#11385);
#11384 = CARTESIAN_POINT('',(142.860714,-82.107319,1.585));
#11385 = VECTOR('',#11386,1.);
#11386 = DIRECTION('',(1.,0.,0.));
#11387 = ORIENTED_EDGE('',*,*,#11388,.T.);
#11388 = EDGE_CURVE('',#11381,#11389,#11391,.T.);
#11389 = VERTEX_POINT('',#11390);
#11390 = CARTESIAN_POINT('',(143.166666,-81.884434,1.585));
#11391 = CIRCLE('',#11392,0.239437351685);
#11392 = AXIS2_PLACEMENT_3D('',#11393,#11394,#11395);
#11393 = CARTESIAN_POINT('',(142.92776490658,-81.86841797844,1.585));
#11394 = DIRECTION('',(0.,0.,1.));
#11395 = DIRECTION('',(6.689471506023E-02,-0.997760039838,0.));
#11396 = ORIENTED_EDGE('',*,*,#11397,.T.);
#11397 = EDGE_CURVE('',#11389,#11398,#11400,.T.);
#11398 = VERTEX_POINT('',#11399);
#11399 = CARTESIAN_POINT('',(143.168107,-81.167687,1.585));
#11400 = LINE('',#11401,#11402);
#11401 = CARTESIAN_POINT('',(143.166666,-81.884434,1.585));
#11402 = VECTOR('',#11403,1.);
#11403 = DIRECTION('',(2.010468251347E-03,0.999997979007,0.));
#11404 = ORIENTED_EDGE('',*,*,#11405,.T.);
#11405 = EDGE_CURVE('',#11398,#11406,#11408,.T.);
#11406 = VERTEX_POINT('',#11407);
#11407 = CARTESIAN_POINT('',(143.179306,-81.140651,1.585));
#11408 = LINE('',#11409,#11410);
#11409 = CARTESIAN_POINT('',(143.168107,-81.167687,1.585));
#11410 = VECTOR('',#11411,1.);
#11411 = DIRECTION('',(0.38269282806,0.923875640631,0.));
#11412 = ORIENTED_EDGE('',*,*,#11413,.T.);
#11413 = EDGE_CURVE('',#11406,#11336,#11414,.T.);
#11414 = LINE('',#11415,#11416);
#11415 = CARTESIAN_POINT('',(143.179306,-81.140651,1.585));
#11416 = VECTOR('',#11417,1.);
#11417 = DIRECTION('',(0.707106781186,0.707106781187,0.));
#11418 = PLANE('',#11419);
#11419 = AXIS2_PLACEMENT_3D('',#11420,#11421,#11422);
#11420 = CARTESIAN_POINT('',(0.,0.,1.585));
#11421 = DIRECTION('',(0.,0.,1.));
#11422 = DIRECTION('',(1.,0.,-0.));
#11423 = SHELL_BASED_SURFACE_MODEL('',(#11424));
#11424 = OPEN_SHELL('',(#11425));
#11425 = ADVANCED_FACE('',(#11426),#11561,.T.);
#11426 = FACE_BOUND('',#11427,.F.);
#11427 = EDGE_LOOP('',(#11428,#11439,#11447,#11455,#11463,#11472,#11480,
    #11488,#11497,#11505,#11513,#11522,#11530,#11538,#11547,#11555));
#11428 = ORIENTED_EDGE('',*,*,#11429,.T.);
#11429 = EDGE_CURVE('',#11430,#11432,#11434,.T.);
#11430 = VERTEX_POINT('',#11431);
#11431 = CARTESIAN_POINT('',(143.86235,-81.075451,1.585));
#11432 = VERTEX_POINT('',#11433);
#11433 = CARTESIAN_POINT('',(143.979484,-81.158418,1.585));
#11434 = CIRCLE('',#11435,7.499955990673E-02);
#11435 = AXIS2_PLACEMENT_3D('',#11436,#11437,#11438);
#11436 = CARTESIAN_POINT('',(143.90833350095,-81.13470006435,1.585));
#11437 = DIRECTION('',(0.,0.,-1.));
#11438 = DIRECTION('',(-0.613116943749,0.78999216027,0.));
#11439 = ORIENTED_EDGE('',*,*,#11440,.T.);
#11440 = EDGE_CURVE('',#11432,#11441,#11443,.T.);
#11441 = VERTEX_POINT('',#11442);
#11442 = CARTESIAN_POINT('',(143.774295,-81.773985,1.585));
#11443 = LINE('',#11444,#11445);
#11444 = CARTESIAN_POINT('',(143.979484,-81.158418,1.585));
#11445 = VECTOR('',#11446,1.);
#11446 = DIRECTION('',(-0.316227766017,-0.948683298051,0.));
#11447 = ORIENTED_EDGE('',*,*,#11448,.T.);
#11448 = EDGE_CURVE('',#11441,#11449,#11451,.T.);
#11449 = VERTEX_POINT('',#11450);
#11450 = CARTESIAN_POINT('',(144.071428,-81.773985,1.585));
#11451 = LINE('',#11452,#11453);
#11452 = CARTESIAN_POINT('',(143.774295,-81.773985,1.585));
#11453 = VECTOR('',#11454,1.);
#11454 = DIRECTION('',(1.,0.,0.));
#11455 = ORIENTED_EDGE('',*,*,#11456,.T.);
#11456 = EDGE_CURVE('',#11449,#11457,#11459,.T.);
#11457 = VERTEX_POINT('',#11458);
#11458 = CARTESIAN_POINT('',(144.072869,-81.50102,1.585));
#11459 = LINE('',#11460,#11461);
#11460 = CARTESIAN_POINT('',(144.071428,-81.773985,1.585));
#11461 = VECTOR('',#11462,1.);
#11462 = DIRECTION('',(5.278991523254E-03,0.999986066027,0.));
#11463 = ORIENTED_EDGE('',*,*,#11464,.T.);
#11464 = EDGE_CURVE('',#11457,#11465,#11467,.T.);
#11465 = VERTEX_POINT('',#11466);
#11466 = CARTESIAN_POINT('',(144.221428,-81.515652,1.585));
#11467 = CIRCLE('',#11468,7.500006711464E-02);
#11468 = AXIS2_PLACEMENT_3D('',#11469,#11470,#11471);
#11469 = CARTESIAN_POINT('',(144.14642793288,-81.51565193288,1.585));
#11470 = DIRECTION('',(0.,0.,-1.));
#11471 = DIRECTION('',(-0.980784894138,0.195092263891,0.));
#11472 = ORIENTED_EDGE('',*,*,#11473,.T.);
#11473 = EDGE_CURVE('',#11465,#11474,#11476,.T.);
#11474 = VERTEX_POINT('',#11475);
#11475 = CARTESIAN_POINT('',(144.221428,-81.773985,1.585));
#11476 = LINE('',#11477,#11478);
#11477 = CARTESIAN_POINT('',(144.221428,-81.515652,1.585));
#11478 = VECTOR('',#11479,1.);
#11479 = DIRECTION('',(0.,-1.,0.));
#11480 = ORIENTED_EDGE('',*,*,#11481,.T.);
#11481 = EDGE_CURVE('',#11474,#11482,#11484,.T.);
#11482 = VERTEX_POINT('',#11483);
#11483 = CARTESIAN_POINT('',(144.303917,-81.775426,1.585));
#11484 = LINE('',#11485,#11486);
#11485 = CARTESIAN_POINT('',(144.221428,-81.773985,1.585));
#11486 = VECTOR('',#11487,1.);
#11487 = DIRECTION('',(0.999847452005,-1.746633100582E-02,0.));
#11488 = ORIENTED_EDGE('',*,*,#11489,.T.);
#11489 = EDGE_CURVE('',#11482,#11490,#11492,.T.);
#11490 = VERTEX_POINT('',#11491);
#11491 = CARTESIAN_POINT('',(144.289285,-81.923985,1.585));
#11492 = CIRCLE('',#11493,7.500006711464E-02);
#11493 = AXIS2_PLACEMENT_3D('',#11494,#11495,#11496);
#11494 = CARTESIAN_POINT('',(144.28928506711,-81.84898493288,1.585));
#11495 = DIRECTION('',(0.,0.,-1.));
#11496 = DIRECTION('',(0.195092263891,0.980784894138,0.));
#11497 = ORIENTED_EDGE('',*,*,#11498,.T.);
#11498 = EDGE_CURVE('',#11490,#11499,#11501,.T.);
#11499 = VERTEX_POINT('',#11500);
#11500 = CARTESIAN_POINT('',(144.221428,-81.923985,1.585));
#11501 = LINE('',#11502,#11503);
#11502 = CARTESIAN_POINT('',(144.289285,-81.923985,1.585));
#11503 = VECTOR('',#11504,1.);
#11504 = DIRECTION('',(-1.,0.,0.));
#11505 = ORIENTED_EDGE('',*,*,#11506,.T.);
#11506 = EDGE_CURVE('',#11499,#11507,#11509,.T.);
#11507 = VERTEX_POINT('',#11508);
#11508 = CARTESIAN_POINT('',(144.219987,-82.196951,1.585));
#11509 = LINE('',#11510,#11511);
#11510 = CARTESIAN_POINT('',(144.221428,-81.923985,1.585));
#11511 = VECTOR('',#11512,1.);
#11512 = DIRECTION('',(-5.278972184419E-03,-0.999986066129,0.));
#11513 = ORIENTED_EDGE('',*,*,#11514,.T.);
#11514 = EDGE_CURVE('',#11507,#11515,#11517,.T.);
#11515 = VERTEX_POINT('',#11516);
#11516 = CARTESIAN_POINT('',(144.071428,-82.182319,1.585));
#11517 = CIRCLE('',#11518,7.500006711464E-02);
#11518 = AXIS2_PLACEMENT_3D('',#11519,#11520,#11521);
#11519 = CARTESIAN_POINT('',(144.14642806711,-82.18231906711,1.585));
#11520 = DIRECTION('',(-0.,0.,-1.));
#11521 = DIRECTION('',(0.980784894138,-0.195092263891,-0.));
#11522 = ORIENTED_EDGE('',*,*,#11523,.T.);
#11523 = EDGE_CURVE('',#11515,#11524,#11526,.T.);
#11524 = VERTEX_POINT('',#11525);
#11525 = CARTESIAN_POINT('',(144.071428,-81.923985,1.585));
#11526 = LINE('',#11527,#11528);
#11527 = CARTESIAN_POINT('',(144.071428,-82.182319,1.585));
#11528 = VECTOR('',#11529,1.);
#11529 = DIRECTION('',(0.,1.,0.));
#11530 = ORIENTED_EDGE('',*,*,#11531,.T.);
#11531 = EDGE_CURVE('',#11524,#11532,#11534,.T.);
#11532 = VERTEX_POINT('',#11533);
#11533 = CARTESIAN_POINT('',(143.655606,-81.922544,1.585));
#11534 = LINE('',#11535,#11536);
#11535 = CARTESIAN_POINT('',(144.071428,-81.923985,1.585));
#11536 = VECTOR('',#11537,1.);
#11537 = DIRECTION('',(-0.999993995468,3.465404301528E-03,0.));
#11538 = ORIENTED_EDGE('',*,*,#11539,.T.);
#11539 = EDGE_CURVE('',#11532,#11540,#11542,.T.);
#11540 = VERTEX_POINT('',#11541);
#11541 = CARTESIAN_POINT('',(143.599087,-81.825268,1.585));
#11542 = CIRCLE('',#11543,7.499997045039E-02);
#11543 = AXIS2_PLACEMENT_3D('',#11544,#11545,#11546);
#11544 = CARTESIAN_POINT('',(143.67023817257,-81.84898521335,1.585));
#11545 = DIRECTION('',(0.,0.,-1.));
#11546 = DIRECTION('',(-0.195095711167,-0.980784208419,-0.));
#11547 = ORIENTED_EDGE('',*,*,#11548,.T.);
#11548 = EDGE_CURVE('',#11540,#11549,#11551,.T.);
#11549 = VERTEX_POINT('',#11550);
#11550 = CARTESIAN_POINT('',(143.843176,-81.097558,1.585));
#11551 = LINE('',#11552,#11553);
#11552 = CARTESIAN_POINT('',(143.599087,-81.825268,1.585));
#11553 = VECTOR('',#11554,1.);
#11554 = DIRECTION('',(0.318008317924,0.948087922996,0.));
#11555 = ORIENTED_EDGE('',*,*,#11556,.T.);
#11556 = EDGE_CURVE('',#11549,#11430,#11557,.T.);
#11557 = LINE('',#11558,#11559);
#11558 = CARTESIAN_POINT('',(143.843176,-81.097558,1.585));
#11559 = VECTOR('',#11560,1.);
#11560 = DIRECTION('',(0.65521540373,0.755442105469,0.));
#11561 = PLANE('',#11562);
#11562 = AXIS2_PLACEMENT_3D('',#11563,#11564,#11565);
#11563 = CARTESIAN_POINT('',(0.,0.,1.585));
#11564 = DIRECTION('',(0.,0.,1.));
#11565 = DIRECTION('',(1.,0.,-0.));
#11566 = SHELL_BASED_SURFACE_MODEL('',(#11567));
#11567 = OPEN_SHELL('',(#11568));
#11568 = ADVANCED_FACE('',(#11569),#11580,.T.);
#11569 = FACE_BOUND('',#11570,.F.);
#11570 = EDGE_LOOP('',(#11571));
#11571 = ORIENTED_EDGE('',*,*,#11572,.T.);
#11572 = EDGE_CURVE('',#11573,#11573,#11575,.T.);
#11573 = VERTEX_POINT('',#11574);
#11574 = CARTESIAN_POINT('',(156.7,-98.5,-7.5E-02));
#11575 = CIRCLE('',#11576,0.2);
#11576 = AXIS2_PLACEMENT_3D('',#11577,#11578,#11579);
#11577 = CARTESIAN_POINT('',(156.5,-98.5,-7.5E-02));
#11578 = DIRECTION('',(0.,0.,1.));
#11579 = DIRECTION('',(1.,0.,-0.));
#11580 = PLANE('',#11581);
#11581 = AXIS2_PLACEMENT_3D('',#11582,#11583,#11584);
#11582 = CARTESIAN_POINT('',(0.,0.,-7.5E-02));
#11583 = DIRECTION('',(-0.,-0.,-1.));
#11584 = DIRECTION('',(-1.,0.,0.));
#11585 = SHELL_BASED_SURFACE_MODEL('',(#11586));
#11586 = OPEN_SHELL('',(#11587));
#11587 = ADVANCED_FACE('',(#11588),#11674,.T.);
#11588 = FACE_BOUND('',#11589,.T.);
#11589 = EDGE_LOOP('',(#11590,#11601,#11609,#11618,#11626,#11634,#11642,
    #11651,#11659,#11668));
#11590 = ORIENTED_EDGE('',*,*,#11591,.T.);
#11591 = EDGE_CURVE('',#11592,#11594,#11596,.T.);
#11592 = VERTEX_POINT('',#11593);
#11593 = CARTESIAN_POINT('',(139.7365,-93.2,-7.5E-02));
#11594 = VERTEX_POINT('',#11595);
#11595 = CARTESIAN_POINT('',(139.8,-93.1365,-7.5E-02));
#11596 = CIRCLE('',#11597,6.350155257211E-02);
#11597 = AXIS2_PLACEMENT_3D('',#11598,#11599,#11600);
#11598 = CARTESIAN_POINT('',(139.80000155255,-93.20000155255,-7.5E-02));
#11599 = DIRECTION('',(0.,0.,-1.));
#11600 = DIRECTION('',(-0.999999999701,2.444905780611E-05,0.));
#11601 = ORIENTED_EDGE('',*,*,#11602,.T.);
#11602 = EDGE_CURVE('',#11594,#11603,#11605,.T.);
#11603 = VERTEX_POINT('',#11604);
#11604 = CARTESIAN_POINT('',(142.88,-93.1365,-7.5E-02));
#11605 = LINE('',#11606,#11607);
#11606 = CARTESIAN_POINT('',(139.8,-93.1365,-7.5E-02));
#11607 = VECTOR('',#11608,1.);
#11608 = DIRECTION('',(1.,0.,0.));
#11609 = ORIENTED_EDGE('',*,*,#11610,.T.);
#11610 = EDGE_CURVE('',#11603,#11611,#11613,.T.);
#11611 = VERTEX_POINT('',#11612);
#11612 = CARTESIAN_POINT('',(142.88,-93.2635,-7.5E-02));
#11613 = CIRCLE('',#11614,6.350000000209E-02);
#11614 = AXIS2_PLACEMENT_3D('',#11615,#11616,#11617);
#11615 = CARTESIAN_POINT('',(142.87999948484,-93.2,-7.5E-02));
#11616 = DIRECTION('',(0.,0.,-1.));
#11617 = DIRECTION('',(8.112654694739E-06,0.999999999967,0.));
#11618 = ORIENTED_EDGE('',*,*,#11619,.T.);
#11619 = EDGE_CURVE('',#11611,#11620,#11622,.T.);
#11620 = VERTEX_POINT('',#11621);
#11621 = CARTESIAN_POINT('',(139.8635,-93.2635,-7.5E-02));
#11622 = LINE('',#11623,#11624);
#11623 = CARTESIAN_POINT('',(142.88,-93.2635,-7.5E-02));
#11624 = VECTOR('',#11625,1.);
#11625 = DIRECTION('',(-1.,0.,0.));
#11626 = ORIENTED_EDGE('',*,*,#11627,.T.);
#11627 = EDGE_CURVE('',#11620,#11628,#11630,.T.);
#11628 = VERTEX_POINT('',#11629);
#11629 = CARTESIAN_POINT('',(139.8635,-96.7365,-7.5E-02));
#11630 = LINE('',#11631,#11632);
#11631 = CARTESIAN_POINT('',(139.8635,-93.2635,-7.5E-02));
#11632 = VECTOR('',#11633,1.);
#11633 = DIRECTION('',(0.,-1.,0.));
#11634 = ORIENTED_EDGE('',*,*,#11635,.T.);
#11635 = EDGE_CURVE('',#11628,#11636,#11638,.T.);
#11636 = VERTEX_POINT('',#11637);
#11637 = CARTESIAN_POINT('',(143.88,-96.7365,-7.5E-02));
#11638 = LINE('',#11639,#11640);
#11639 = CARTESIAN_POINT('',(139.8635,-96.7365,-7.5E-02));
#11640 = VECTOR('',#11641,1.);
#11641 = DIRECTION('',(1.,0.,0.));
#11642 = ORIENTED_EDGE('',*,*,#11643,.T.);
#11643 = EDGE_CURVE('',#11636,#11644,#11646,.T.);
#11644 = VERTEX_POINT('',#11645);
#11645 = CARTESIAN_POINT('',(143.88,-96.8635,-7.5E-02));
#11646 = CIRCLE('',#11647,6.350000000209E-02);
#11647 = AXIS2_PLACEMENT_3D('',#11648,#11649,#11650);
#11648 = CARTESIAN_POINT('',(143.87999948484,-96.8,-7.5E-02));
#11649 = DIRECTION('',(0.,0.,-1.));
#11650 = DIRECTION('',(8.112654694739E-06,0.999999999967,0.));
#11651 = ORIENTED_EDGE('',*,*,#11652,.T.);
#11652 = EDGE_CURVE('',#11644,#11653,#11655,.T.);
#11653 = VERTEX_POINT('',#11654);
#11654 = CARTESIAN_POINT('',(139.8,-96.8635,-7.5E-02));
#11655 = LINE('',#11656,#11657);
#11656 = CARTESIAN_POINT('',(143.88,-96.8635,-7.5E-02));
#11657 = VECTOR('',#11658,1.);
#11658 = DIRECTION('',(-1.,0.,0.));
#11659 = ORIENTED_EDGE('',*,*,#11660,.T.);
#11660 = EDGE_CURVE('',#11653,#11661,#11663,.T.);
#11661 = VERTEX_POINT('',#11662);
#11662 = CARTESIAN_POINT('',(139.7365,-96.8,-7.5E-02));
#11663 = CIRCLE('',#11664,6.350155257214E-02);
#11664 = AXIS2_PLACEMENT_3D('',#11665,#11666,#11667);
#11665 = CARTESIAN_POINT('',(139.80000155255,-96.79999844744,-7.5E-02));
#11666 = DIRECTION('',(0.,0.,-1.));
#11667 = DIRECTION('',(-2.444905825368E-05,-0.999999999701,-0.));
#11668 = ORIENTED_EDGE('',*,*,#11669,.T.);
#11669 = EDGE_CURVE('',#11661,#11592,#11670,.T.);
#11670 = LINE('',#11671,#11672);
#11671 = CARTESIAN_POINT('',(139.7365,-96.8,-7.5E-02));
#11672 = VECTOR('',#11673,1.);
#11673 = DIRECTION('',(0.,1.,0.));
#11674 = PLANE('',#11675);
#11675 = AXIS2_PLACEMENT_3D('',#11676,#11677,#11678);
#11676 = CARTESIAN_POINT('',(0.,0.,-7.5E-02));
#11677 = DIRECTION('',(-0.,-0.,-1.));
#11678 = DIRECTION('',(-1.,0.,0.));
#11679 = SHELL_BASED_SURFACE_MODEL('',(#11680));
#11680 = OPEN_SHELL('',(#11681));
#11681 = ADVANCED_FACE('',(#11682),#11718,.T.);
#11682 = FACE_BOUND('',#11683,.T.);
#11683 = EDGE_LOOP('',(#11684,#11695,#11703,#11712));
#11684 = ORIENTED_EDGE('',*,*,#11685,.T.);
#11685 = EDGE_CURVE('',#11686,#11688,#11690,.T.);
#11686 = VERTEX_POINT('',#11687);
#11687 = CARTESIAN_POINT('',(145.12,-96.8635,-7.5E-02));
#11688 = VERTEX_POINT('',#11689);
#11689 = CARTESIAN_POINT('',(145.12,-96.7365,-7.5E-02));
#11690 = CIRCLE('',#11691,6.350000000209E-02);
#11691 = AXIS2_PLACEMENT_3D('',#11692,#11693,#11694);
#11692 = CARTESIAN_POINT('',(145.12000051515,-96.8,-7.5E-02));
#11693 = DIRECTION('',(0.,0.,-1.));
#11694 = DIRECTION('',(-8.112654694739E-06,-0.999999999967,-0.));
#11695 = ORIENTED_EDGE('',*,*,#11696,.T.);
#11696 = EDGE_CURVE('',#11688,#11697,#11699,.T.);
#11697 = VERTEX_POINT('',#11698);
#11698 = CARTESIAN_POINT('',(145.88,-96.7365,-7.5E-02));
#11699 = LINE('',#11700,#11701);
#11700 = CARTESIAN_POINT('',(145.12,-96.7365,-7.5E-02));
#11701 = VECTOR('',#11702,1.);
#11702 = DIRECTION('',(1.,0.,0.));
#11703 = ORIENTED_EDGE('',*,*,#11704,.T.);
#11704 = EDGE_CURVE('',#11697,#11705,#11707,.T.);
#11705 = VERTEX_POINT('',#11706);
#11706 = CARTESIAN_POINT('',(145.88,-96.8635,-7.5E-02));
#11707 = CIRCLE('',#11708,6.350000000209E-02);
#11708 = AXIS2_PLACEMENT_3D('',#11709,#11710,#11711);
#11709 = CARTESIAN_POINT('',(145.87999948484,-96.8,-7.5E-02));
#11710 = DIRECTION('',(0.,0.,-1.));
#11711 = DIRECTION('',(8.112654694739E-06,0.999999999967,0.));
#11712 = ORIENTED_EDGE('',*,*,#11713,.T.);
#11713 = EDGE_CURVE('',#11705,#11686,#11714,.T.);
#11714 = LINE('',#11715,#11716);
#11715 = CARTESIAN_POINT('',(145.88,-96.8635,-7.5E-02));
#11716 = VECTOR('',#11717,1.);
#11717 = DIRECTION('',(-1.,0.,0.));
#11718 = PLANE('',#11719);
#11719 = AXIS2_PLACEMENT_3D('',#11720,#11721,#11722);
#11720 = CARTESIAN_POINT('',(0.,0.,-7.5E-02));
#11721 = DIRECTION('',(-0.,-0.,-1.));
#11722 = DIRECTION('',(-1.,0.,0.));
#11723 = SHELL_BASED_SURFACE_MODEL('',(#11724));
#11724 = OPEN_SHELL('',(#11725));
#11725 = ADVANCED_FACE('',(#11726),#11762,.T.);
#11726 = FACE_BOUND('',#11727,.T.);
#11727 = EDGE_LOOP('',(#11728,#11739,#11747,#11756));
#11728 = ORIENTED_EDGE('',*,*,#11729,.T.);
#11729 = EDGE_CURVE('',#11730,#11732,#11734,.T.);
#11730 = VERTEX_POINT('',#11731);
#11731 = CARTESIAN_POINT('',(147.12,-96.8635,-7.5E-02));
#11732 = VERTEX_POINT('',#11733);
#11733 = CARTESIAN_POINT('',(147.12,-96.7365,-7.5E-02));
#11734 = CIRCLE('',#11735,6.350000000209E-02);
#11735 = AXIS2_PLACEMENT_3D('',#11736,#11737,#11738);
#11736 = CARTESIAN_POINT('',(147.12000051515,-96.8,-7.5E-02));
#11737 = DIRECTION('',(0.,0.,-1.));
#11738 = DIRECTION('',(-8.112654694739E-06,-0.999999999967,-0.));
#11739 = ORIENTED_EDGE('',*,*,#11740,.T.);
#11740 = EDGE_CURVE('',#11732,#11741,#11743,.T.);
#11741 = VERTEX_POINT('',#11742);
#11742 = CARTESIAN_POINT('',(147.88,-96.7365,-7.5E-02));
#11743 = LINE('',#11744,#11745);
#11744 = CARTESIAN_POINT('',(147.12,-96.7365,-7.5E-02));
#11745 = VECTOR('',#11746,1.);
#11746 = DIRECTION('',(1.,0.,0.));
#11747 = ORIENTED_EDGE('',*,*,#11748,.T.);
#11748 = EDGE_CURVE('',#11741,#11749,#11751,.T.);
#11749 = VERTEX_POINT('',#11750);
#11750 = CARTESIAN_POINT('',(147.88,-96.8635,-7.5E-02));
#11751 = CIRCLE('',#11752,6.350000000209E-02);
#11752 = AXIS2_PLACEMENT_3D('',#11753,#11754,#11755);
#11753 = CARTESIAN_POINT('',(147.87999948484,-96.8,-7.5E-02));
#11754 = DIRECTION('',(0.,0.,-1.));
#11755 = DIRECTION('',(8.112654694739E-06,0.999999999967,0.));
#11756 = ORIENTED_EDGE('',*,*,#11757,.T.);
#11757 = EDGE_CURVE('',#11749,#11730,#11758,.T.);
#11758 = LINE('',#11759,#11760);
#11759 = CARTESIAN_POINT('',(147.88,-96.8635,-7.5E-02));
#11760 = VECTOR('',#11761,1.);
#11761 = DIRECTION('',(-1.,0.,0.));
#11762 = PLANE('',#11763);
#11763 = AXIS2_PLACEMENT_3D('',#11764,#11765,#11766);
#11764 = CARTESIAN_POINT('',(0.,0.,-7.5E-02));
#11765 = DIRECTION('',(-0.,-0.,-1.));
#11766 = DIRECTION('',(-1.,0.,0.));
#11767 = SHELL_BASED_SURFACE_MODEL('',(#11768));
#11768 = OPEN_SHELL('',(#11769));
#11769 = ADVANCED_FACE('',(#11770),#11806,.T.);
#11770 = FACE_BOUND('',#11771,.T.);
#11771 = EDGE_LOOP('',(#11772,#11783,#11791,#11800));
#11772 = ORIENTED_EDGE('',*,*,#11773,.T.);
#11773 = EDGE_CURVE('',#11774,#11776,#11778,.T.);
#11774 = VERTEX_POINT('',#11775);
#11775 = CARTESIAN_POINT('',(149.12,-96.8635,-7.5E-02));
#11776 = VERTEX_POINT('',#11777);
#11777 = CARTESIAN_POINT('',(149.12,-96.7365,-7.5E-02));
#11778 = CIRCLE('',#11779,6.350000000209E-02);
#11779 = AXIS2_PLACEMENT_3D('',#11780,#11781,#11782);
#11780 = CARTESIAN_POINT('',(149.12000051515,-96.8,-7.5E-02));
#11781 = DIRECTION('',(0.,0.,-1.));
#11782 = DIRECTION('',(-8.112654694739E-06,-0.999999999967,-0.));
#11783 = ORIENTED_EDGE('',*,*,#11784,.T.);
#11784 = EDGE_CURVE('',#11776,#11785,#11787,.T.);
#11785 = VERTEX_POINT('',#11786);
#11786 = CARTESIAN_POINT('',(149.88,-96.7365,-7.5E-02));
#11787 = LINE('',#11788,#11789);
#11788 = CARTESIAN_POINT('',(149.12,-96.7365,-7.5E-02));
#11789 = VECTOR('',#11790,1.);
#11790 = DIRECTION('',(1.,0.,0.));
#11791 = ORIENTED_EDGE('',*,*,#11792,.T.);
#11792 = EDGE_CURVE('',#11785,#11793,#11795,.T.);
#11793 = VERTEX_POINT('',#11794);
#11794 = CARTESIAN_POINT('',(149.88,-96.8635,-7.5E-02));
#11795 = CIRCLE('',#11796,6.350000000209E-02);
#11796 = AXIS2_PLACEMENT_3D('',#11797,#11798,#11799);
#11797 = CARTESIAN_POINT('',(149.87999948484,-96.8,-7.5E-02));
#11798 = DIRECTION('',(0.,0.,-1.));
#11799 = DIRECTION('',(8.112654694739E-06,0.999999999967,0.));
#11800 = ORIENTED_EDGE('',*,*,#11801,.T.);
#11801 = EDGE_CURVE('',#11793,#11774,#11802,.T.);
#11802 = LINE('',#11803,#11804);
#11803 = CARTESIAN_POINT('',(149.88,-96.8635,-7.5E-02));
#11804 = VECTOR('',#11805,1.);
#11805 = DIRECTION('',(-1.,0.,0.));
#11806 = PLANE('',#11807);
#11807 = AXIS2_PLACEMENT_3D('',#11808,#11809,#11810);
#11808 = CARTESIAN_POINT('',(0.,0.,-7.5E-02));
#11809 = DIRECTION('',(-0.,-0.,-1.));
#11810 = DIRECTION('',(-1.,0.,0.));
#11811 = SHELL_BASED_SURFACE_MODEL('',(#11812));
#11812 = OPEN_SHELL('',(#11813));
#11813 = ADVANCED_FACE('',(#11814),#11850,.T.);
#11814 = FACE_BOUND('',#11815,.T.);
#11815 = EDGE_LOOP('',(#11816,#11827,#11835,#11844));
#11816 = ORIENTED_EDGE('',*,*,#11817,.T.);
#11817 = EDGE_CURVE('',#11818,#11820,#11822,.T.);
#11818 = VERTEX_POINT('',#11819);
#11819 = CARTESIAN_POINT('',(151.12,-96.8635,-7.5E-02));
#11820 = VERTEX_POINT('',#11821);
#11821 = CARTESIAN_POINT('',(151.12,-96.7365,-7.5E-02));
#11822 = CIRCLE('',#11823,6.350000000209E-02);
#11823 = AXIS2_PLACEMENT_3D('',#11824,#11825,#11826);
#11824 = CARTESIAN_POINT('',(151.12000051515,-96.8,-7.5E-02));
#11825 = DIRECTION('',(0.,0.,-1.));
#11826 = DIRECTION('',(-8.112654694739E-06,-0.999999999967,-0.));
#11827 = ORIENTED_EDGE('',*,*,#11828,.T.);
#11828 = EDGE_CURVE('',#11820,#11829,#11831,.T.);
#11829 = VERTEX_POINT('',#11830);
#11830 = CARTESIAN_POINT('',(151.88,-96.7365,-7.5E-02));
#11831 = LINE('',#11832,#11833);
#11832 = CARTESIAN_POINT('',(151.12,-96.7365,-7.5E-02));
#11833 = VECTOR('',#11834,1.);
#11834 = DIRECTION('',(1.,0.,0.));
#11835 = ORIENTED_EDGE('',*,*,#11836,.T.);
#11836 = EDGE_CURVE('',#11829,#11837,#11839,.T.);
#11837 = VERTEX_POINT('',#11838);
#11838 = CARTESIAN_POINT('',(151.88,-96.8635,-7.5E-02));
#11839 = CIRCLE('',#11840,6.350000000209E-02);
#11840 = AXIS2_PLACEMENT_3D('',#11841,#11842,#11843);
#11841 = CARTESIAN_POINT('',(151.87999948484,-96.8,-7.5E-02));
#11842 = DIRECTION('',(0.,0.,-1.));
#11843 = DIRECTION('',(8.112654694739E-06,0.999999999967,0.));
#11844 = ORIENTED_EDGE('',*,*,#11845,.T.);
#11845 = EDGE_CURVE('',#11837,#11818,#11846,.T.);
#11846 = LINE('',#11847,#11848);
#11847 = CARTESIAN_POINT('',(151.88,-96.8635,-7.5E-02));
#11848 = VECTOR('',#11849,1.);
#11849 = DIRECTION('',(-1.,0.,0.));
#11850 = PLANE('',#11851);
#11851 = AXIS2_PLACEMENT_3D('',#11852,#11853,#11854);
#11852 = CARTESIAN_POINT('',(0.,0.,-7.5E-02));
#11853 = DIRECTION('',(-0.,-0.,-1.));
#11854 = DIRECTION('',(-1.,0.,0.));
#11855 = SHELL_BASED_SURFACE_MODEL('',(#11856));
#11856 = OPEN_SHELL('',(#11857));
#11857 = ADVANCED_FACE('',(#11858),#11894,.T.);
#11858 = FACE_BOUND('',#11859,.T.);
#11859 = EDGE_LOOP('',(#11860,#11871,#11879,#11888));
#11860 = ORIENTED_EDGE('',*,*,#11861,.T.);
#11861 = EDGE_CURVE('',#11862,#11864,#11866,.T.);
#11862 = VERTEX_POINT('',#11863);
#11863 = CARTESIAN_POINT('',(153.12,-96.8635,-7.5E-02));
#11864 = VERTEX_POINT('',#11865);
#11865 = CARTESIAN_POINT('',(153.12,-96.7365,-7.5E-02));
#11866 = CIRCLE('',#11867,6.350000000209E-02);
#11867 = AXIS2_PLACEMENT_3D('',#11868,#11869,#11870);
#11868 = CARTESIAN_POINT('',(153.12000051515,-96.8,-7.5E-02));
#11869 = DIRECTION('',(0.,0.,-1.));
#11870 = DIRECTION('',(-8.112654694739E-06,-0.999999999967,-0.));
#11871 = ORIENTED_EDGE('',*,*,#11872,.T.);
#11872 = EDGE_CURVE('',#11864,#11873,#11875,.T.);
#11873 = VERTEX_POINT('',#11874);
#11874 = CARTESIAN_POINT('',(153.88,-96.7365,-7.5E-02));
#11875 = LINE('',#11876,#11877);
#11876 = CARTESIAN_POINT('',(153.12,-96.7365,-7.5E-02));
#11877 = VECTOR('',#11878,1.);
#11878 = DIRECTION('',(1.,0.,0.));
#11879 = ORIENTED_EDGE('',*,*,#11880,.T.);
#11880 = EDGE_CURVE('',#11873,#11881,#11883,.T.);
#11881 = VERTEX_POINT('',#11882);
#11882 = CARTESIAN_POINT('',(153.88,-96.8635,-7.5E-02));
#11883 = CIRCLE('',#11884,6.350000000209E-02);
#11884 = AXIS2_PLACEMENT_3D('',#11885,#11886,#11887);
#11885 = CARTESIAN_POINT('',(153.87999948484,-96.8,-7.5E-02));
#11886 = DIRECTION('',(0.,0.,-1.));
#11887 = DIRECTION('',(8.112654694739E-06,0.999999999967,0.));
#11888 = ORIENTED_EDGE('',*,*,#11889,.T.);
#11889 = EDGE_CURVE('',#11881,#11862,#11890,.T.);
#11890 = LINE('',#11891,#11892);
#11891 = CARTESIAN_POINT('',(153.88,-96.8635,-7.5E-02));
#11892 = VECTOR('',#11893,1.);
#11893 = DIRECTION('',(-1.,0.,0.));
#11894 = PLANE('',#11895);
#11895 = AXIS2_PLACEMENT_3D('',#11896,#11897,#11898);
#11896 = CARTESIAN_POINT('',(0.,0.,-7.5E-02));
#11897 = DIRECTION('',(-0.,-0.,-1.));
#11898 = DIRECTION('',(-1.,0.,0.));
#11899 = SHELL_BASED_SURFACE_MODEL('',(#11900));
#11900 = OPEN_SHELL('',(#11901));
#11901 = ADVANCED_FACE('',(#11902),#11938,.T.);
#11902 = FACE_BOUND('',#11903,.T.);
#11903 = EDGE_LOOP('',(#11904,#11915,#11923,#11932));
#11904 = ORIENTED_EDGE('',*,*,#11905,.T.);
#11905 = EDGE_CURVE('',#11906,#11908,#11910,.T.);
#11906 = VERTEX_POINT('',#11907);
#11907 = CARTESIAN_POINT('',(155.12,-96.8635,-7.5E-02));
#11908 = VERTEX_POINT('',#11909);
#11909 = CARTESIAN_POINT('',(155.12,-96.7365,-7.5E-02));
#11910 = CIRCLE('',#11911,6.350000000209E-02);
#11911 = AXIS2_PLACEMENT_3D('',#11912,#11913,#11914);
#11912 = CARTESIAN_POINT('',(155.12000051515,-96.8,-7.5E-02));
#11913 = DIRECTION('',(0.,0.,-1.));
#11914 = DIRECTION('',(-8.112654694739E-06,-0.999999999967,-0.));
#11915 = ORIENTED_EDGE('',*,*,#11916,.T.);
#11916 = EDGE_CURVE('',#11908,#11917,#11919,.T.);
#11917 = VERTEX_POINT('',#11918);
#11918 = CARTESIAN_POINT('',(155.88,-96.7365,-7.5E-02));
#11919 = LINE('',#11920,#11921);
#11920 = CARTESIAN_POINT('',(155.12,-96.7365,-7.5E-02));
#11921 = VECTOR('',#11922,1.);
#11922 = DIRECTION('',(1.,0.,0.));
#11923 = ORIENTED_EDGE('',*,*,#11924,.T.);
#11924 = EDGE_CURVE('',#11917,#11925,#11927,.T.);
#11925 = VERTEX_POINT('',#11926);
#11926 = CARTESIAN_POINT('',(155.88,-96.8635,-7.5E-02));
#11927 = CIRCLE('',#11928,6.350000000209E-02);
#11928 = AXIS2_PLACEMENT_3D('',#11929,#11930,#11931);
#11929 = CARTESIAN_POINT('',(155.87999948484,-96.8,-7.5E-02));
#11930 = DIRECTION('',(0.,0.,-1.));
#11931 = DIRECTION('',(8.112654694739E-06,0.999999999967,0.));
#11932 = ORIENTED_EDGE('',*,*,#11933,.T.);
#11933 = EDGE_CURVE('',#11925,#11906,#11934,.T.);
#11934 = LINE('',#11935,#11936);
#11935 = CARTESIAN_POINT('',(155.88,-96.8635,-7.5E-02));
#11936 = VECTOR('',#11937,1.);
#11937 = DIRECTION('',(-1.,0.,0.));
#11938 = PLANE('',#11939);
#11939 = AXIS2_PLACEMENT_3D('',#11940,#11941,#11942);
#11940 = CARTESIAN_POINT('',(0.,0.,-7.5E-02));
#11941 = DIRECTION('',(-0.,-0.,-1.));
#11942 = DIRECTION('',(-1.,0.,0.));
#11943 = SHELL_BASED_SURFACE_MODEL('',(#11944));
#11944 = OPEN_SHELL('',(#11945));
#11945 = ADVANCED_FACE('',(#11946),#12032,.T.);
#11946 = FACE_BOUND('',#11947,.T.);
#11947 = EDGE_LOOP('',(#11948,#11959,#11967,#11976,#11984,#11993,#12001,
    #12010,#12018,#12026));
#11948 = ORIENTED_EDGE('',*,*,#11949,.T.);
#11949 = EDGE_CURVE('',#11950,#11952,#11954,.T.);
#11950 = VERTEX_POINT('',#11951);
#11951 = CARTESIAN_POINT('',(156.12,-93.2635,-7.5E-02));
#11952 = VERTEX_POINT('',#11953);
#11953 = CARTESIAN_POINT('',(156.12,-93.1365,-7.5E-02));
#11954 = CIRCLE('',#11955,6.350000000209E-02);
#11955 = AXIS2_PLACEMENT_3D('',#11956,#11957,#11958);
#11956 = CARTESIAN_POINT('',(156.12000051515,-93.2,-7.5E-02));
#11957 = DIRECTION('',(0.,0.,-1.));
#11958 = DIRECTION('',(-8.112654694739E-06,-0.999999999967,-0.));
#11959 = ORIENTED_EDGE('',*,*,#11960,.T.);
#11960 = EDGE_CURVE('',#11952,#11961,#11963,.T.);
#11961 = VERTEX_POINT('',#11962);
#11962 = CARTESIAN_POINT('',(160.2,-93.1365,-7.5E-02));
#11963 = LINE('',#11964,#11965);
#11964 = CARTESIAN_POINT('',(156.12,-93.1365,-7.5E-02));
#11965 = VECTOR('',#11966,1.);
#11966 = DIRECTION('',(1.,0.,0.));
#11967 = ORIENTED_EDGE('',*,*,#11968,.T.);
#11968 = EDGE_CURVE('',#11961,#11969,#11971,.T.);
#11969 = VERTEX_POINT('',#11970);
#11970 = CARTESIAN_POINT('',(160.2635,-93.2,-7.5E-02));
#11971 = CIRCLE('',#11972,6.350155257214E-02);
#11972 = AXIS2_PLACEMENT_3D('',#11973,#11974,#11975);
#11973 = CARTESIAN_POINT('',(160.19999844744,-93.20000155255,-7.5E-02));
#11974 = DIRECTION('',(0.,0.,-1.));
#11975 = DIRECTION('',(2.444905825368E-05,0.999999999701,0.));
#11976 = ORIENTED_EDGE('',*,*,#11977,.T.);
#11977 = EDGE_CURVE('',#11969,#11978,#11980,.T.);
#11978 = VERTEX_POINT('',#11979);
#11979 = CARTESIAN_POINT('',(160.2635,-96.8,-7.5E-02));
#11980 = LINE('',#11981,#11982);
#11981 = CARTESIAN_POINT('',(160.2635,-93.2,-7.5E-02));
#11982 = VECTOR('',#11983,1.);
#11983 = DIRECTION('',(0.,-1.,0.));
#11984 = ORIENTED_EDGE('',*,*,#11985,.T.);
#11985 = EDGE_CURVE('',#11978,#11986,#11988,.T.);
#11986 = VERTEX_POINT('',#11987);
#11987 = CARTESIAN_POINT('',(160.2,-96.8635,-7.5E-02));
#11988 = CIRCLE('',#11989,6.350155257211E-02);
#11989 = AXIS2_PLACEMENT_3D('',#11990,#11991,#11992);
#11990 = CARTESIAN_POINT('',(160.19999844744,-96.79999844744,-7.5E-02));
#11991 = DIRECTION('',(0.,0.,-1.));
#11992 = DIRECTION('',(0.999999999701,-2.444905780611E-05,0.));
#11993 = ORIENTED_EDGE('',*,*,#11994,.T.);
#11994 = EDGE_CURVE('',#11986,#11995,#11997,.T.);
#11995 = VERTEX_POINT('',#11996);
#11996 = CARTESIAN_POINT('',(157.12,-96.8635,-7.5E-02));
#11997 = LINE('',#11998,#11999);
#11998 = CARTESIAN_POINT('',(160.2,-96.8635,-7.5E-02));
#11999 = VECTOR('',#12000,1.);
#12000 = DIRECTION('',(-1.,0.,0.));
#12001 = ORIENTED_EDGE('',*,*,#12002,.T.);
#12002 = EDGE_CURVE('',#11995,#12003,#12005,.T.);
#12003 = VERTEX_POINT('',#12004);
#12004 = CARTESIAN_POINT('',(157.12,-96.7365,-7.5E-02));
#12005 = CIRCLE('',#12006,6.350000000209E-02);
#12006 = AXIS2_PLACEMENT_3D('',#12007,#12008,#12009);
#12007 = CARTESIAN_POINT('',(157.12000051515,-96.8,-7.5E-02));
#12008 = DIRECTION('',(0.,0.,-1.));
#12009 = DIRECTION('',(-8.112654694739E-06,-0.999999999967,-0.));
#12010 = ORIENTED_EDGE('',*,*,#12011,.T.);
#12011 = EDGE_CURVE('',#12003,#12012,#12014,.T.);
#12012 = VERTEX_POINT('',#12013);
#12013 = CARTESIAN_POINT('',(160.1365,-96.7365,-7.5E-02));
#12014 = LINE('',#12015,#12016);
#12015 = CARTESIAN_POINT('',(157.12,-96.7365,-7.5E-02));
#12016 = VECTOR('',#12017,1.);
#12017 = DIRECTION('',(1.,0.,0.));
#12018 = ORIENTED_EDGE('',*,*,#12019,.T.);
#12019 = EDGE_CURVE('',#12012,#12020,#12022,.T.);
#12020 = VERTEX_POINT('',#12021);
#12021 = CARTESIAN_POINT('',(160.1365,-93.2635,-7.5E-02));
#12022 = LINE('',#12023,#12024);
#12023 = CARTESIAN_POINT('',(160.1365,-96.7365,-7.5E-02));
#12024 = VECTOR('',#12025,1.);
#12025 = DIRECTION('',(0.,1.,0.));
#12026 = ORIENTED_EDGE('',*,*,#12027,.T.);
#12027 = EDGE_CURVE('',#12020,#11950,#12028,.T.);
#12028 = LINE('',#12029,#12030);
#12029 = CARTESIAN_POINT('',(160.1365,-93.2635,-7.5E-02));
#12030 = VECTOR('',#12031,1.);
#12031 = DIRECTION('',(-1.,0.,0.));
#12032 = PLANE('',#12033);
#12033 = AXIS2_PLACEMENT_3D('',#12034,#12035,#12036);
#12034 = CARTESIAN_POINT('',(0.,0.,-7.5E-02));
#12035 = DIRECTION('',(-0.,-0.,-1.));
#12036 = DIRECTION('',(-1.,0.,0.));
#12037 = SHELL_BASED_SURFACE_MODEL('',(#12038));
#12038 = OPEN_SHELL('',(#12039));
#12039 = ADVANCED_FACE('',(#12040),#12076,.T.);
#12040 = FACE_BOUND('',#12041,.T.);
#12041 = EDGE_LOOP('',(#12042,#12053,#12061,#12070));
#12042 = ORIENTED_EDGE('',*,*,#12043,.T.);
#12043 = EDGE_CURVE('',#12044,#12046,#12048,.T.);
#12044 = VERTEX_POINT('',#12045);
#12045 = CARTESIAN_POINT('',(144.12,-93.2635,-7.5E-02));
#12046 = VERTEX_POINT('',#12047);
#12047 = CARTESIAN_POINT('',(144.12,-93.1365,-7.5E-02));
#12048 = CIRCLE('',#12049,6.350000000209E-02);
#12049 = AXIS2_PLACEMENT_3D('',#12050,#12051,#12052);
#12050 = CARTESIAN_POINT('',(144.12000051515,-93.2,-7.5E-02));
#12051 = DIRECTION('',(0.,0.,-1.));
#12052 = DIRECTION('',(-8.112654694739E-06,-0.999999999967,-0.));
#12053 = ORIENTED_EDGE('',*,*,#12054,.T.);
#12054 = EDGE_CURVE('',#12046,#12055,#12057,.T.);
#12055 = VERTEX_POINT('',#12056);
#12056 = CARTESIAN_POINT('',(144.88,-93.1365,-7.5E-02));
#12057 = LINE('',#12058,#12059);
#12058 = CARTESIAN_POINT('',(144.12,-93.1365,-7.5E-02));
#12059 = VECTOR('',#12060,1.);
#12060 = DIRECTION('',(1.,0.,0.));
#12061 = ORIENTED_EDGE('',*,*,#12062,.T.);
#12062 = EDGE_CURVE('',#12055,#12063,#12065,.T.);
#12063 = VERTEX_POINT('',#12064);
#12064 = CARTESIAN_POINT('',(144.88,-93.2635,-7.5E-02));
#12065 = CIRCLE('',#12066,6.350000000209E-02);
#12066 = AXIS2_PLACEMENT_3D('',#12067,#12068,#12069);
#12067 = CARTESIAN_POINT('',(144.87999948484,-93.2,-7.5E-02));
#12068 = DIRECTION('',(0.,0.,-1.));
#12069 = DIRECTION('',(8.112654694739E-06,0.999999999967,0.));
#12070 = ORIENTED_EDGE('',*,*,#12071,.T.);
#12071 = EDGE_CURVE('',#12063,#12044,#12072,.T.);
#12072 = LINE('',#12073,#12074);
#12073 = CARTESIAN_POINT('',(144.88,-93.2635,-7.5E-02));
#12074 = VECTOR('',#12075,1.);
#12075 = DIRECTION('',(-1.,0.,0.));
#12076 = PLANE('',#12077);
#12077 = AXIS2_PLACEMENT_3D('',#12078,#12079,#12080);
#12078 = CARTESIAN_POINT('',(0.,0.,-7.5E-02));
#12079 = DIRECTION('',(-0.,-0.,-1.));
#12080 = DIRECTION('',(-1.,0.,0.));
#12081 = SHELL_BASED_SURFACE_MODEL('',(#12082));
#12082 = OPEN_SHELL('',(#12083));
#12083 = ADVANCED_FACE('',(#12084),#12120,.T.);
#12084 = FACE_BOUND('',#12085,.T.);
#12085 = EDGE_LOOP('',(#12086,#12097,#12105,#12114));
#12086 = ORIENTED_EDGE('',*,*,#12087,.T.);
#12087 = EDGE_CURVE('',#12088,#12090,#12092,.T.);
#12088 = VERTEX_POINT('',#12089);
#12089 = CARTESIAN_POINT('',(146.12,-93.2635,-7.5E-02));
#12090 = VERTEX_POINT('',#12091);
#12091 = CARTESIAN_POINT('',(146.12,-93.1365,-7.5E-02));
#12092 = CIRCLE('',#12093,6.350000000209E-02);
#12093 = AXIS2_PLACEMENT_3D('',#12094,#12095,#12096);
#12094 = CARTESIAN_POINT('',(146.12000051515,-93.2,-7.5E-02));
#12095 = DIRECTION('',(0.,0.,-1.));
#12096 = DIRECTION('',(-8.112654694739E-06,-0.999999999967,-0.));
#12097 = ORIENTED_EDGE('',*,*,#12098,.T.);
#12098 = EDGE_CURVE('',#12090,#12099,#12101,.T.);
#12099 = VERTEX_POINT('',#12100);
#12100 = CARTESIAN_POINT('',(146.88,-93.1365,-7.5E-02));
#12101 = LINE('',#12102,#12103);
#12102 = CARTESIAN_POINT('',(146.12,-93.1365,-7.5E-02));
#12103 = VECTOR('',#12104,1.);
#12104 = DIRECTION('',(1.,0.,0.));
#12105 = ORIENTED_EDGE('',*,*,#12106,.T.);
#12106 = EDGE_CURVE('',#12099,#12107,#12109,.T.);
#12107 = VERTEX_POINT('',#12108);
#12108 = CARTESIAN_POINT('',(146.88,-93.2635,-7.5E-02));
#12109 = CIRCLE('',#12110,6.350000000209E-02);
#12110 = AXIS2_PLACEMENT_3D('',#12111,#12112,#12113);
#12111 = CARTESIAN_POINT('',(146.87999948484,-93.2,-7.5E-02));
#12112 = DIRECTION('',(0.,0.,-1.));
#12113 = DIRECTION('',(8.112654694739E-06,0.999999999967,0.));
#12114 = ORIENTED_EDGE('',*,*,#12115,.T.);
#12115 = EDGE_CURVE('',#12107,#12088,#12116,.T.);
#12116 = LINE('',#12117,#12118);
#12117 = CARTESIAN_POINT('',(146.88,-93.2635,-7.5E-02));
#12118 = VECTOR('',#12119,1.);
#12119 = DIRECTION('',(-1.,0.,0.));
#12120 = PLANE('',#12121);
#12121 = AXIS2_PLACEMENT_3D('',#12122,#12123,#12124);
#12122 = CARTESIAN_POINT('',(0.,0.,-7.5E-02));
#12123 = DIRECTION('',(-0.,-0.,-1.));
#12124 = DIRECTION('',(-1.,0.,0.));
#12125 = SHELL_BASED_SURFACE_MODEL('',(#12126));
#12126 = OPEN_SHELL('',(#12127));
#12127 = ADVANCED_FACE('',(#12128),#12164,.T.);
#12128 = FACE_BOUND('',#12129,.T.);
#12129 = EDGE_LOOP('',(#12130,#12141,#12149,#12158));
#12130 = ORIENTED_EDGE('',*,*,#12131,.T.);
#12131 = EDGE_CURVE('',#12132,#12134,#12136,.T.);
#12132 = VERTEX_POINT('',#12133);
#12133 = CARTESIAN_POINT('',(148.12,-93.2635,-7.5E-02));
#12134 = VERTEX_POINT('',#12135);
#12135 = CARTESIAN_POINT('',(148.12,-93.1365,-7.5E-02));
#12136 = CIRCLE('',#12137,6.350000000209E-02);
#12137 = AXIS2_PLACEMENT_3D('',#12138,#12139,#12140);
#12138 = CARTESIAN_POINT('',(148.12000051515,-93.2,-7.5E-02));
#12139 = DIRECTION('',(0.,0.,-1.));
#12140 = DIRECTION('',(-8.112654694739E-06,-0.999999999967,-0.));
#12141 = ORIENTED_EDGE('',*,*,#12142,.T.);
#12142 = EDGE_CURVE('',#12134,#12143,#12145,.T.);
#12143 = VERTEX_POINT('',#12144);
#12144 = CARTESIAN_POINT('',(148.88,-93.1365,-7.5E-02));
#12145 = LINE('',#12146,#12147);
#12146 = CARTESIAN_POINT('',(148.12,-93.1365,-7.5E-02));
#12147 = VECTOR('',#12148,1.);
#12148 = DIRECTION('',(1.,0.,0.));
#12149 = ORIENTED_EDGE('',*,*,#12150,.T.);
#12150 = EDGE_CURVE('',#12143,#12151,#12153,.T.);
#12151 = VERTEX_POINT('',#12152);
#12152 = CARTESIAN_POINT('',(148.88,-93.2635,-7.5E-02));
#12153 = CIRCLE('',#12154,6.350000000209E-02);
#12154 = AXIS2_PLACEMENT_3D('',#12155,#12156,#12157);
#12155 = CARTESIAN_POINT('',(148.87999948484,-93.2,-7.5E-02));
#12156 = DIRECTION('',(0.,0.,-1.));
#12157 = DIRECTION('',(8.112654694739E-06,0.999999999967,0.));
#12158 = ORIENTED_EDGE('',*,*,#12159,.T.);
#12159 = EDGE_CURVE('',#12151,#12132,#12160,.T.);
#12160 = LINE('',#12161,#12162);
#12161 = CARTESIAN_POINT('',(148.88,-93.2635,-7.5E-02));
#12162 = VECTOR('',#12163,1.);
#12163 = DIRECTION('',(-1.,0.,0.));
#12164 = PLANE('',#12165);
#12165 = AXIS2_PLACEMENT_3D('',#12166,#12167,#12168);
#12166 = CARTESIAN_POINT('',(0.,0.,-7.5E-02));
#12167 = DIRECTION('',(-0.,-0.,-1.));
#12168 = DIRECTION('',(-1.,0.,0.));
#12169 = SHELL_BASED_SURFACE_MODEL('',(#12170));
#12170 = OPEN_SHELL('',(#12171));
#12171 = ADVANCED_FACE('',(#12172),#12208,.T.);
#12172 = FACE_BOUND('',#12173,.T.);
#12173 = EDGE_LOOP('',(#12174,#12185,#12193,#12202));
#12174 = ORIENTED_EDGE('',*,*,#12175,.T.);
#12175 = EDGE_CURVE('',#12176,#12178,#12180,.T.);
#12176 = VERTEX_POINT('',#12177);
#12177 = CARTESIAN_POINT('',(150.12,-93.2635,-7.5E-02));
#12178 = VERTEX_POINT('',#12179);
#12179 = CARTESIAN_POINT('',(150.12,-93.1365,-7.5E-02));
#12180 = CIRCLE('',#12181,6.350000000209E-02);
#12181 = AXIS2_PLACEMENT_3D('',#12182,#12183,#12184);
#12182 = CARTESIAN_POINT('',(150.12000051515,-93.2,-7.5E-02));
#12183 = DIRECTION('',(0.,0.,-1.));
#12184 = DIRECTION('',(-8.112654694739E-06,-0.999999999967,-0.));
#12185 = ORIENTED_EDGE('',*,*,#12186,.T.);
#12186 = EDGE_CURVE('',#12178,#12187,#12189,.T.);
#12187 = VERTEX_POINT('',#12188);
#12188 = CARTESIAN_POINT('',(150.88,-93.1365,-7.5E-02));
#12189 = LINE('',#12190,#12191);
#12190 = CARTESIAN_POINT('',(150.12,-93.1365,-7.5E-02));
#12191 = VECTOR('',#12192,1.);
#12192 = DIRECTION('',(1.,0.,0.));
#12193 = ORIENTED_EDGE('',*,*,#12194,.T.);
#12194 = EDGE_CURVE('',#12187,#12195,#12197,.T.);
#12195 = VERTEX_POINT('',#12196);
#12196 = CARTESIAN_POINT('',(150.88,-93.2635,-7.5E-02));
#12197 = CIRCLE('',#12198,6.350000000209E-02);
#12198 = AXIS2_PLACEMENT_3D('',#12199,#12200,#12201);
#12199 = CARTESIAN_POINT('',(150.87999948484,-93.2,-7.5E-02));
#12200 = DIRECTION('',(0.,0.,-1.));
#12201 = DIRECTION('',(8.112654694739E-06,0.999999999967,0.));
#12202 = ORIENTED_EDGE('',*,*,#12203,.T.);
#12203 = EDGE_CURVE('',#12195,#12176,#12204,.T.);
#12204 = LINE('',#12205,#12206);
#12205 = CARTESIAN_POINT('',(150.88,-93.2635,-7.5E-02));
#12206 = VECTOR('',#12207,1.);
#12207 = DIRECTION('',(-1.,0.,0.));
#12208 = PLANE('',#12209);
#12209 = AXIS2_PLACEMENT_3D('',#12210,#12211,#12212);
#12210 = CARTESIAN_POINT('',(0.,0.,-7.5E-02));
#12211 = DIRECTION('',(-0.,-0.,-1.));
#12212 = DIRECTION('',(-1.,0.,0.));
#12213 = SHELL_BASED_SURFACE_MODEL('',(#12214));
#12214 = OPEN_SHELL('',(#12215));
#12215 = ADVANCED_FACE('',(#12216),#12252,.T.);
#12216 = FACE_BOUND('',#12217,.T.);
#12217 = EDGE_LOOP('',(#12218,#12229,#12237,#12246));
#12218 = ORIENTED_EDGE('',*,*,#12219,.T.);
#12219 = EDGE_CURVE('',#12220,#12222,#12224,.T.);
#12220 = VERTEX_POINT('',#12221);
#12221 = CARTESIAN_POINT('',(152.12,-93.2635,-7.5E-02));
#12222 = VERTEX_POINT('',#12223);
#12223 = CARTESIAN_POINT('',(152.12,-93.1365,-7.5E-02));
#12224 = CIRCLE('',#12225,6.350000000209E-02);
#12225 = AXIS2_PLACEMENT_3D('',#12226,#12227,#12228);
#12226 = CARTESIAN_POINT('',(152.12000051515,-93.2,-7.5E-02));
#12227 = DIRECTION('',(0.,0.,-1.));
#12228 = DIRECTION('',(-8.112654694739E-06,-0.999999999967,-0.));
#12229 = ORIENTED_EDGE('',*,*,#12230,.T.);
#12230 = EDGE_CURVE('',#12222,#12231,#12233,.T.);
#12231 = VERTEX_POINT('',#12232);
#12232 = CARTESIAN_POINT('',(152.88,-93.1365,-7.5E-02));
#12233 = LINE('',#12234,#12235);
#12234 = CARTESIAN_POINT('',(152.12,-93.1365,-7.5E-02));
#12235 = VECTOR('',#12236,1.);
#12236 = DIRECTION('',(1.,0.,0.));
#12237 = ORIENTED_EDGE('',*,*,#12238,.T.);
#12238 = EDGE_CURVE('',#12231,#12239,#12241,.T.);
#12239 = VERTEX_POINT('',#12240);
#12240 = CARTESIAN_POINT('',(152.88,-93.2635,-7.5E-02));
#12241 = CIRCLE('',#12242,6.350000000209E-02);
#12242 = AXIS2_PLACEMENT_3D('',#12243,#12244,#12245);
#12243 = CARTESIAN_POINT('',(152.87999948484,-93.2,-7.5E-02));
#12244 = DIRECTION('',(0.,0.,-1.));
#12245 = DIRECTION('',(8.112654694739E-06,0.999999999967,0.));
#12246 = ORIENTED_EDGE('',*,*,#12247,.T.);
#12247 = EDGE_CURVE('',#12239,#12220,#12248,.T.);
#12248 = LINE('',#12249,#12250);
#12249 = CARTESIAN_POINT('',(152.88,-93.2635,-7.5E-02));
#12250 = VECTOR('',#12251,1.);
#12251 = DIRECTION('',(-1.,0.,0.));
#12252 = PLANE('',#12253);
#12253 = AXIS2_PLACEMENT_3D('',#12254,#12255,#12256);
#12254 = CARTESIAN_POINT('',(0.,0.,-7.5E-02));
#12255 = DIRECTION('',(-0.,-0.,-1.));
#12256 = DIRECTION('',(-1.,0.,0.));
#12257 = SHELL_BASED_SURFACE_MODEL('',(#12258));
#12258 = OPEN_SHELL('',(#12259));
#12259 = ADVANCED_FACE('',(#12260),#12296,.T.);
#12260 = FACE_BOUND('',#12261,.T.);
#12261 = EDGE_LOOP('',(#12262,#12273,#12281,#12290));
#12262 = ORIENTED_EDGE('',*,*,#12263,.T.);
#12263 = EDGE_CURVE('',#12264,#12266,#12268,.T.);
#12264 = VERTEX_POINT('',#12265);
#12265 = CARTESIAN_POINT('',(154.12,-93.2635,-7.5E-02));
#12266 = VERTEX_POINT('',#12267);
#12267 = CARTESIAN_POINT('',(154.12,-93.1365,-7.5E-02));
#12268 = CIRCLE('',#12269,6.350000000209E-02);
#12269 = AXIS2_PLACEMENT_3D('',#12270,#12271,#12272);
#12270 = CARTESIAN_POINT('',(154.12000051515,-93.2,-7.5E-02));
#12271 = DIRECTION('',(0.,0.,-1.));
#12272 = DIRECTION('',(-8.112654694739E-06,-0.999999999967,-0.));
#12273 = ORIENTED_EDGE('',*,*,#12274,.T.);
#12274 = EDGE_CURVE('',#12266,#12275,#12277,.T.);
#12275 = VERTEX_POINT('',#12276);
#12276 = CARTESIAN_POINT('',(154.88,-93.1365,-7.5E-02));
#12277 = LINE('',#12278,#12279);
#12278 = CARTESIAN_POINT('',(154.12,-93.1365,-7.5E-02));
#12279 = VECTOR('',#12280,1.);
#12280 = DIRECTION('',(1.,0.,0.));
#12281 = ORIENTED_EDGE('',*,*,#12282,.T.);
#12282 = EDGE_CURVE('',#12275,#12283,#12285,.T.);
#12283 = VERTEX_POINT('',#12284);
#12284 = CARTESIAN_POINT('',(154.88,-93.2635,-7.5E-02));
#12285 = CIRCLE('',#12286,6.350000000209E-02);
#12286 = AXIS2_PLACEMENT_3D('',#12287,#12288,#12289);
#12287 = CARTESIAN_POINT('',(154.87999948484,-93.2,-7.5E-02));
#12288 = DIRECTION('',(0.,0.,-1.));
#12289 = DIRECTION('',(8.112654694739E-06,0.999999999967,0.));
#12290 = ORIENTED_EDGE('',*,*,#12291,.T.);
#12291 = EDGE_CURVE('',#12283,#12264,#12292,.T.);
#12292 = LINE('',#12293,#12294);
#12293 = CARTESIAN_POINT('',(154.88,-93.2635,-7.5E-02));
#12294 = VECTOR('',#12295,1.);
#12295 = DIRECTION('',(-1.,0.,0.));
#12296 = PLANE('',#12297);
#12297 = AXIS2_PLACEMENT_3D('',#12298,#12299,#12300);
#12298 = CARTESIAN_POINT('',(0.,0.,-7.5E-02));
#12299 = DIRECTION('',(-0.,-0.,-1.));
#12300 = DIRECTION('',(-1.,0.,0.));
#12301 = SHELL_BASED_SURFACE_MODEL('',(#12302));
#12302 = OPEN_SHELL('',(#12303));
#12303 = ADVANCED_FACE('',(#12304),#12453,.T.);
#12304 = FACE_BOUND('',#12305,.T.);
#12305 = EDGE_LOOP('',(#12306,#12316,#12324,#12332,#12340,#12348,#12356,
    #12364,#12373,#12381,#12389,#12397,#12405,#12414,#12422,#12431,
    #12439,#12447));
#12306 = ORIENTED_EDGE('',*,*,#12307,.T.);
#12307 = EDGE_CURVE('',#12308,#12310,#12312,.T.);
#12308 = VERTEX_POINT('',#12309);
#12309 = CARTESIAN_POINT('',(156.841069,-89.766731,-7.5E-02));
#12310 = VERTEX_POINT('',#12311);
#12311 = CARTESIAN_POINT('',(156.879415,-89.74626,-7.5E-02));
#12312 = LINE('',#12313,#12314);
#12313 = CARTESIAN_POINT('',(156.841069,-89.766731,-7.5E-02));
#12314 = VECTOR('',#12315,1.);
#12315 = DIRECTION('',(0.882163732375,0.470942830163,0.));
#12316 = ORIENTED_EDGE('',*,*,#12317,.T.);
#12317 = EDGE_CURVE('',#12310,#12318,#12320,.T.);
#12318 = VERTEX_POINT('',#12319);
#12319 = CARTESIAN_POINT('',(156.901331,-89.74626,-7.5E-02));
#12320 = LINE('',#12321,#12322);
#12321 = CARTESIAN_POINT('',(156.879415,-89.74626,-7.5E-02));
#12322 = VECTOR('',#12323,1.);
#12323 = DIRECTION('',(1.,0.,0.));
#12324 = ORIENTED_EDGE('',*,*,#12325,.T.);
#12325 = EDGE_CURVE('',#12318,#12326,#12328,.T.);
#12326 = VERTEX_POINT('',#12327);
#12327 = CARTESIAN_POINT('',(156.935715,-89.757459,-7.5E-02));
#12328 = LINE('',#12329,#12330);
#12329 = CARTESIAN_POINT('',(156.901331,-89.74626,-7.5E-02));
#12330 = VECTOR('',#12331,1.);
#12331 = DIRECTION('',(0.950837159691,-0.309691291047,0.));
#12332 = ORIENTED_EDGE('',*,*,#12333,.T.);
#12333 = EDGE_CURVE('',#12326,#12334,#12336,.T.);
#12334 = VERTEX_POINT('',#12335);
#12335 = CARTESIAN_POINT('',(156.956451,-89.778216,-7.5E-02));
#12336 = LINE('',#12337,#12338);
#12337 = CARTESIAN_POINT('',(156.935715,-89.757459,-7.5E-02));
#12338 = VECTOR('',#12339,1.);
#12339 = DIRECTION('',(0.706748817237,-0.707464564013,0.));
#12340 = ORIENTED_EDGE('',*,*,#12341,.T.);
#12341 = EDGE_CURVE('',#12334,#12342,#12344,.T.);
#12342 = VERTEX_POINT('',#12343);
#12343 = CARTESIAN_POINT('',(157.047569,-89.914894,-7.5E-02));
#12344 = LINE('',#12345,#12346);
#12345 = CARTESIAN_POINT('',(156.956451,-89.778216,-7.5E-02));
#12346 = VECTOR('',#12347,1.);
#12347 = DIRECTION('',(0.554697386523,-0.832052167466,0.));
#12348 = ORIENTED_EDGE('',*,*,#12349,.T.);
#12349 = EDGE_CURVE('',#12342,#12350,#12352,.T.);
#12350 = VERTEX_POINT('',#12351);
#12351 = CARTESIAN_POINT('',(157.12895,-89.996275,-7.5E-02));
#12352 = LINE('',#12353,#12354);
#12353 = CARTESIAN_POINT('',(157.047569,-89.914894,-7.5E-02));
#12354 = VECTOR('',#12355,1.);
#12355 = DIRECTION('',(0.707106781187,-0.707106781187,0.));
#12356 = ORIENTED_EDGE('',*,*,#12357,.T.);
#12357 = EDGE_CURVE('',#12350,#12358,#12360,.T.);
#12358 = VERTEX_POINT('',#12359);
#12359 = CARTESIAN_POINT('',(157.225745,-90.046283,-7.5E-02));
#12360 = LINE('',#12361,#12362);
#12361 = CARTESIAN_POINT('',(157.12895,-89.996275,-7.5E-02));
#12362 = VECTOR('',#12363,1.);
#12363 = DIRECTION('',(0.888436200035,-0.45900012905,0.));
#12364 = ORIENTED_EDGE('',*,*,#12365,.T.);
#12365 = EDGE_CURVE('',#12358,#12366,#12368,.T.);
#12366 = VERTEX_POINT('',#12367);
#12367 = CARTESIAN_POINT('',(157.14622,-90.172615,-7.5E-02));
#12368 = CIRCLE('',#12369,7.50002944036E-02);
#12369 = AXIS2_PLACEMENT_3D('',#12370,#12371,#12372);
#12370 = CARTESIAN_POINT('',(157.17976105397,-90.10553264867,-7.5E-02));
#12371 = DIRECTION('',(0.,0.,-1.));
#12372 = DIRECTION('',(0.613116873665,0.789992214663,0.));
#12373 = ORIENTED_EDGE('',*,*,#12374,.T.);
#12374 = EDGE_CURVE('',#12366,#12375,#12377,.T.);
#12375 = VERTEX_POINT('',#12376);
#12376 = CARTESIAN_POINT('',(157.03724,-90.115667,-7.5E-02));
#12377 = LINE('',#12378,#12379);
#12378 = CARTESIAN_POINT('',(157.14622,-90.172615,-7.5E-02));
#12379 = VECTOR('',#12380,1.);
#12380 = DIRECTION('',(-0.886288266156,0.463134007901,0.));
#12381 = ORIENTED_EDGE('',*,*,#12382,.T.);
#12382 = EDGE_CURVE('',#12375,#12383,#12385,.T.);
#12383 = VERTEX_POINT('',#12384);
#12384 = CARTESIAN_POINT('',(156.969047,-90.048504,-7.5E-02));
#12385 = LINE('',#12386,#12387);
#12386 = CARTESIAN_POINT('',(157.03724,-90.115667,-7.5E-02));
#12387 = VECTOR('',#12388,1.);
#12388 = DIRECTION('',(-0.712466927177,0.70170569164,0.));
#12389 = ORIENTED_EDGE('',*,*,#12390,.T.);
#12390 = EDGE_CURVE('',#12383,#12391,#12393,.T.);
#12391 = VERTEX_POINT('',#12392);
#12392 = CARTESIAN_POINT('',(156.969047,-90.744819,-7.5E-02));
#12393 = LINE('',#12394,#12395);
#12394 = CARTESIAN_POINT('',(156.969047,-90.048504,-7.5E-02));
#12395 = VECTOR('',#12396,1.);
#12396 = DIRECTION('',(0.,-1.,0.));
#12397 = ORIENTED_EDGE('',*,*,#12398,.T.);
#12398 = EDGE_CURVE('',#12391,#12399,#12401,.T.);
#12399 = VERTEX_POINT('',#12400);
#12400 = CARTESIAN_POINT('',(157.194393,-90.74626,-7.5E-02));
#12401 = LINE('',#12402,#12403);
#12402 = CARTESIAN_POINT('',(156.969047,-90.744819,-7.5E-02));
#12403 = VECTOR('',#12404,1.);
#12404 = DIRECTION('',(0.999979555102,-6.394480216655E-03,0.));
#12405 = ORIENTED_EDGE('',*,*,#12406,.T.);
#12406 = EDGE_CURVE('',#12399,#12407,#12409,.T.);
#12407 = VERTEX_POINT('',#12408);
#12408 = CARTESIAN_POINT('',(157.179761,-90.894819,-7.5E-02));
#12409 = CIRCLE('',#12410,7.500006711463E-02);
#12410 = AXIS2_PLACEMENT_3D('',#12411,#12412,#12413);
#12411 = CARTESIAN_POINT('',(157.17976106711,-90.81981893288,-7.5E-02));
#12412 = DIRECTION('',(0.,0.,-1.));
#12413 = DIRECTION('',(0.195092263891,0.980784894138,0.));
#12414 = ORIENTED_EDGE('',*,*,#12415,.T.);
#12415 = EDGE_CURVE('',#12407,#12416,#12418,.T.);
#12416 = VERTEX_POINT('',#12417);
#12417 = CARTESIAN_POINT('',(156.593701,-90.893378,-7.5E-02));
#12418 = LINE('',#12419,#12420);
#12419 = CARTESIAN_POINT('',(157.179761,-90.894819,-7.5E-02));
#12420 = VECTOR('',#12421,1.);
#12421 = DIRECTION('',(-0.999996977183,2.45878518261E-03,0.));
#12422 = ORIENTED_EDGE('',*,*,#12423,.T.);
#12423 = EDGE_CURVE('',#12416,#12424,#12426,.T.);
#12424 = VERTEX_POINT('',#12425);
#12425 = CARTESIAN_POINT('',(156.608333,-90.744819,-7.5E-02));
#12426 = CIRCLE('',#12427,7.500006711462E-02);
#12427 = AXIS2_PLACEMENT_3D('',#12428,#12429,#12430);
#12428 = CARTESIAN_POINT('',(156.60833293288,-90.81981906711,-7.5E-02));
#12429 = DIRECTION('',(0.,0.,-1.));
#12430 = DIRECTION('',(-0.195092263891,-0.980784894138,-0.));
#12431 = ORIENTED_EDGE('',*,*,#12432,.T.);
#12432 = EDGE_CURVE('',#12424,#12433,#12435,.T.);
#12433 = VERTEX_POINT('',#12434);
#12434 = CARTESIAN_POINT('',(156.819047,-90.744819,-7.5E-02));
#12435 = LINE('',#12436,#12437);
#12436 = CARTESIAN_POINT('',(156.608333,-90.744819,-7.5E-02));
#12437 = VECTOR('',#12438,1.);
#12438 = DIRECTION('',(1.,0.,0.));
#12439 = ORIENTED_EDGE('',*,*,#12440,.T.);
#12440 = EDGE_CURVE('',#12433,#12441,#12443,.T.);
#12441 = VERTEX_POINT('',#12442);
#12442 = CARTESIAN_POINT('',(156.820488,-89.805187,-7.5E-02));
#12443 = LINE('',#12444,#12445);
#12444 = CARTESIAN_POINT('',(156.819047,-90.744819,-7.5E-02));
#12445 = VECTOR('',#12446,1.);
#12446 = DIRECTION('',(1.533577299926E-03,0.99999882407,0.));
#12447 = ORIENTED_EDGE('',*,*,#12448,.T.);
#12448 = EDGE_CURVE('',#12441,#12308,#12449,.T.);
#12449 = LINE('',#12450,#12451);
#12450 = CARTESIAN_POINT('',(156.820488,-89.805187,-7.5E-02));
#12451 = VECTOR('',#12452,1.);
#12452 = DIRECTION('',(0.471857451169,0.881674852639,0.));
#12453 = PLANE('',#12454);
#12454 = AXIS2_PLACEMENT_3D('',#12455,#12456,#12457);
#12455 = CARTESIAN_POINT('',(0.,0.,-7.5E-02));
#12456 = DIRECTION('',(-0.,-0.,-1.));
#12457 = DIRECTION('',(-1.,0.,0.));
#12458 = SHELL_BASED_SURFACE_MODEL('',(#12459));
#12459 = OPEN_SHELL('',(#12460));
#12460 = ADVANCED_FACE('',(#12461),#12547,.T.);
#12461 = FACE_BOUND('',#12462,.T.);
#12462 = EDGE_LOOP('',(#12463,#12474,#12482,#12491,#12499,#12508,#12516,
    #12525,#12533,#12541));
#12463 = ORIENTED_EDGE('',*,*,#12464,.T.);
#12464 = EDGE_CURVE('',#12465,#12467,#12469,.T.);
#12465 = VERTEX_POINT('',#12466);
#12466 = CARTESIAN_POINT('',(157.566665,-89.757459,-7.5E-02));
#12467 = VERTEX_POINT('',#12468);
#12468 = CARTESIAN_POINT('',(157.683333,-89.819819,-7.5E-02));
#12469 = CIRCLE('',#12470,7.500000000002E-02);
#12470 = AXIS2_PLACEMENT_3D('',#12471,#12472,#12473);
#12471 = CARTESIAN_POINT('',(157.608333,-89.81981906555,-7.5E-02));
#12472 = DIRECTION('',(0.,0.,-1.));
#12473 = DIRECTION('',(-0.555573333333,0.831467540731,0.));
#12474 = ORIENTED_EDGE('',*,*,#12475,.T.);
#12475 = EDGE_CURVE('',#12467,#12476,#12478,.T.);
#12476 = VERTEX_POINT('',#12477);
#12477 = CARTESIAN_POINT('',(157.683333,-90.521933,-7.5E-02));
#12478 = LINE('',#12479,#12480);
#12479 = CARTESIAN_POINT('',(157.683333,-89.819819,-7.5E-02));
#12480 = VECTOR('',#12481,1.);
#12481 = DIRECTION('',(0.,-1.,0.));
#12482 = ORIENTED_EDGE('',*,*,#12483,.T.);
#12483 = EDGE_CURVE('',#12476,#12484,#12486,.T.);
#12484 = VERTEX_POINT('',#12485);
#12485 = CARTESIAN_POINT('',(157.906217,-90.744819,-7.5E-02));
#12486 = CIRCLE('',#12487,0.239436122053);
#12487 = AXIS2_PLACEMENT_3D('',#12488,#12489,#12490);
#12488 = CARTESIAN_POINT('',(157.92223300578,-90.50591913791,-7.5E-02));
#12489 = DIRECTION('',(0.,0.,1.));
#12490 = DIRECTION('',(-0.997760921529,-6.688156299994E-02,0.));
#12491 = ORIENTED_EDGE('',*,*,#12492,.T.);
#12492 = EDGE_CURVE('',#12484,#12493,#12495,.T.);
#12493 = VERTEX_POINT('',#12494);
#12494 = CARTESIAN_POINT('',(158.003917,-90.74626,-7.5E-02));
#12495 = LINE('',#12496,#12497);
#12496 = CARTESIAN_POINT('',(157.906217,-90.744819,-7.5E-02));
#12497 = VECTOR('',#12498,1.);
#12498 = DIRECTION('',(0.999891247816,-1.474762833267E-02,0.));
#12499 = ORIENTED_EDGE('',*,*,#12500,.T.);
#12500 = EDGE_CURVE('',#12493,#12501,#12503,.T.);
#12501 = VERTEX_POINT('',#12502);
#12502 = CARTESIAN_POINT('',(157.989285,-90.894819,-7.5E-02));
#12503 = CIRCLE('',#12504,7.500006711462E-02);
#12504 = AXIS2_PLACEMENT_3D('',#12505,#12506,#12507);
#12505 = CARTESIAN_POINT('',(157.98928506711,-90.81981893288,-7.5E-02));
#12506 = DIRECTION('',(0.,0.,-1.));
#12507 = DIRECTION('',(0.195092263891,0.980784894138,0.));
#12508 = ORIENTED_EDGE('',*,*,#12509,.T.);
#12509 = EDGE_CURVE('',#12501,#12510,#12512,.T.);
#12510 = VERTEX_POINT('',#12511);
#12511 = CARTESIAN_POINT('',(157.877584,-90.892619,-7.5E-02));
#12512 = LINE('',#12513,#12514);
#12513 = CARTESIAN_POINT('',(157.989285,-90.894819,-7.5E-02));
#12514 = VECTOR('',#12515,1.);
#12515 = DIRECTION('',(-0.999806101292,1.969161800561E-02,0.));
#12516 = ORIENTED_EDGE('',*,*,#12517,.T.);
#12517 = EDGE_CURVE('',#12510,#12518,#12520,.T.);
#12518 = VERTEX_POINT('',#12519);
#12519 = CARTESIAN_POINT('',(157.534062,-90.541509,-7.5E-02));
#12520 = CIRCLE('',#12521,0.38183919979);
#12521 = AXIS2_PLACEMENT_3D('',#12522,#12523,#12524);
#12522 = CARTESIAN_POINT('',(157.91480514671,-90.51259826275,-7.5E-02));
#12523 = DIRECTION('',(0.,0.,-1.));
#12524 = DIRECTION('',(-9.747858976458E-02,-0.995237622147,-0.));
#12525 = ORIENTED_EDGE('',*,*,#12526,.T.);
#12526 = EDGE_CURVE('',#12518,#12527,#12529,.T.);
#12527 = VERTEX_POINT('',#12528);
#12528 = CARTESIAN_POINT('',(157.534774,-89.805187,-7.5E-02));
#12529 = LINE('',#12530,#12531);
#12530 = CARTESIAN_POINT('',(157.534062,-90.541509,-7.5E-02));
#12531 = VECTOR('',#12532,1.);
#12532 = DIRECTION('',(9.669678036557E-04,0.999999532487,0.));
#12533 = ORIENTED_EDGE('',*,*,#12534,.T.);
#12534 = EDGE_CURVE('',#12527,#12535,#12537,.T.);
#12535 = VERTEX_POINT('',#12536);
#12536 = CARTESIAN_POINT('',(157.545973,-89.778151,-7.5E-02));
#12537 = LINE('',#12538,#12539);
#12538 = CARTESIAN_POINT('',(157.534774,-89.805187,-7.5E-02));
#12539 = VECTOR('',#12540,1.);
#12540 = DIRECTION('',(0.38269282806,0.923875640631,0.));
#12541 = ORIENTED_EDGE('',*,*,#12542,.T.);
#12542 = EDGE_CURVE('',#12535,#12465,#12543,.T.);
#12543 = LINE('',#12544,#12545);
#12544 = CARTESIAN_POINT('',(157.545973,-89.778151,-7.5E-02));
#12545 = VECTOR('',#12546,1.);
#12546 = DIRECTION('',(0.707106781187,0.707106781187,0.));
#12547 = PLANE('',#12548);
#12548 = AXIS2_PLACEMENT_3D('',#12549,#12550,#12551);
#12549 = CARTESIAN_POINT('',(0.,0.,-7.5E-02));
#12550 = DIRECTION('',(-0.,-0.,-1.));
#12551 = DIRECTION('',(-1.,0.,0.));
#12552 = ( GEOMETRIC_REPRESENTATION_CONTEXT(3) 
GLOBAL_UNCERTAINTY_ASSIGNED_CONTEXT((#12556)) 
GLOBAL_UNIT_ASSIGNED_CONTEXT((#12553,#12554,#12555)) 
REPRESENTATION_CONTEXT('Context #1',
  '3D Context with UNIT and UNCERTAINTY') );
#12553 = ( LENGTH_UNIT() NAMED_UNIT(*) SI_UNIT(.MILLI.,.METRE.) );
#12554 = ( NAMED_UNIT(*) PLANE_ANGLE_UNIT() SI_UNIT($,.RADIAN.) );
#12555 = ( NAMED_UNIT(*) SI_UNIT($,.STERADIAN.) SOLID_ANGLE_UNIT() );
#12556 = UNCERTAINTY_MEASURE_WITH_UNIT(LENGTH_MEASURE(1.E-07),#12553,
  'distance_accuracy_value','confusion accuracy');
#12557 = CONTEXT_DEPENDENT_SHAPE_REPRESENTATION(#12558,#12560);
#12558 = ( REPRESENTATION_RELATIONSHIP('','',#11197,#10) 
REPRESENTATION_RELATIONSHIP_WITH_TRANSFORMATION(#12559) 
SHAPE_REPRESENTATION_RELATIONSHIP() );
#12559 = ITEM_DEFINED_TRANSFORMATION('','',#11,#19);
#12560 = PRODUCT_DEFINITION_SHAPE('Placement','Placement of an item',
  #12561);
#12561 = NEXT_ASSEMBLY_USAGE_OCCURRENCE('2','=>[0:1:1:3]','',#5,#11192,$
  );
#12562 = PRODUCT_RELATED_PRODUCT_CATEGORY('part',$,(#11194));
#12563 = SHAPE_DEFINITION_REPRESENTATION(#12564,#12570);
#12564 = PRODUCT_DEFINITION_SHAPE('','',#12565);
#12565 = PRODUCT_DEFINITION('design','',#12566,#12569);
#12566 = PRODUCT_DEFINITION_FORMATION('','',#12567);
#12567 = PRODUCT('Hex_Out_soldermask','Hex_Out_soldermask','',(#12568));
#12568 = PRODUCT_CONTEXT('',#2,'mechanical');
#12569 = PRODUCT_DEFINITION_CONTEXT('part definition',#2,'design');
#12570 = SHAPE_REPRESENTATION('',(#11,#12571,#12778),#12985);
#12571 = SHELL_BASED_SURFACE_MODEL('',(#12572));
#12572 = OPEN_SHELL('',(#12573));
#12573 = ADVANCED_FACE('',(#12574,#12608,#12619,#12630,#12641,#12652,
    #12663,#12674,#12685,#12696,#12707,#12718,#12729,#12740,#12751,
    #12762),#12773,.T.);
#12574 = FACE_BOUND('',#12575,.F.);
#12575 = EDGE_LOOP('',(#12576,#12586,#12594,#12602));
#12576 = ORIENTED_EDGE('',*,*,#12577,.T.);
#12577 = EDGE_CURVE('',#12578,#12580,#12582,.T.);
#12578 = VERTEX_POINT('',#12579);
#12579 = CARTESIAN_POINT('',(139.5,-103.,1.56));
#12580 = VERTEX_POINT('',#12581);
#12581 = CARTESIAN_POINT('',(139.5,-81.,1.56));
#12582 = LINE('',#12583,#12584);
#12583 = CARTESIAN_POINT('',(139.5,-103.,1.56));
#12584 = VECTOR('',#12585,1.);
#12585 = DIRECTION('',(0.,1.,0.));
#12586 = ORIENTED_EDGE('',*,*,#12587,.T.);
#12587 = EDGE_CURVE('',#12580,#12588,#12590,.T.);
#12588 = VERTEX_POINT('',#12589);
#12589 = CARTESIAN_POINT('',(160.5,-81.,1.56));
#12590 = LINE('',#12591,#12592);
#12591 = CARTESIAN_POINT('',(139.5,-81.,1.56));
#12592 = VECTOR('',#12593,1.);
#12593 = DIRECTION('',(1.,0.,0.));
#12594 = ORIENTED_EDGE('',*,*,#12595,.T.);
#12595 = EDGE_CURVE('',#12588,#12596,#12598,.T.);
#12596 = VERTEX_POINT('',#12597);
#12597 = CARTESIAN_POINT('',(160.5,-103.,1.56));
#12598 = LINE('',#12599,#12600);
#12599 = CARTESIAN_POINT('',(160.5,-81.,1.56));
#12600 = VECTOR('',#12601,1.);
#12601 = DIRECTION('',(0.,-1.,0.));
#12602 = ORIENTED_EDGE('',*,*,#12603,.T.);
#12603 = EDGE_CURVE('',#12596,#12578,#12604,.T.);
#12604 = LINE('',#12605,#12606);
#12605 = CARTESIAN_POINT('',(160.5,-103.,1.56));
#12606 = VECTOR('',#12607,1.);
#12607 = DIRECTION('',(-1.,0.,0.));
#12608 = FACE_BOUND('',#12609,.F.);
#12609 = EDGE_LOOP('',(#12610));
#12610 = ORIENTED_EDGE('',*,*,#12611,.T.);
#12611 = EDGE_CURVE('',#12612,#12612,#12614,.T.);
#12612 = VERTEX_POINT('',#12613);
#12613 = CARTESIAN_POINT('',(145.687439,-100.0625,1.56));
#12614 = CIRCLE('',#12615,0.687439);
#12615 = AXIS2_PLACEMENT_3D('',#12616,#12617,#12618);
#12616 = CARTESIAN_POINT('',(145.,-100.0625,1.56));
#12617 = DIRECTION('',(0.,0.,1.));
#12618 = DIRECTION('',(1.,0.,-0.));
#12619 = FACE_BOUND('',#12620,.F.);
#12620 = EDGE_LOOP('',(#12621));
#12621 = ORIENTED_EDGE('',*,*,#12622,.T.);
#12622 = EDGE_CURVE('',#12623,#12623,#12625,.T.);
#12623 = VERTEX_POINT('',#12624);
#12624 = CARTESIAN_POINT('',(155.687439,-100.0625,1.56));
#12625 = CIRCLE('',#12626,0.687439);
#12626 = AXIS2_PLACEMENT_3D('',#12627,#12628,#12629);
#12627 = CARTESIAN_POINT('',(155.,-100.0625,1.56));
#12628 = DIRECTION('',(0.,0.,1.));
#12629 = DIRECTION('',(1.,0.,-0.));
#12630 = FACE_BOUND('',#12631,.F.);
#12631 = EDGE_LOOP('',(#12632));
#12632 = ORIENTED_EDGE('',*,*,#12633,.T.);
#12633 = EDGE_CURVE('',#12634,#12634,#12636,.T.);
#12634 = VERTEX_POINT('',#12635);
#12635 = CARTESIAN_POINT('',(150.087392,-90.3625,1.56));
#12636 = CIRCLE('',#12637,0.487392);
#12637 = AXIS2_PLACEMENT_3D('',#12638,#12639,#12640);
#12638 = CARTESIAN_POINT('',(149.6,-90.3625,1.56));
#12639 = DIRECTION('',(0.,0.,1.));
#12640 = DIRECTION('',(1.,0.,-0.));
#12641 = FACE_BOUND('',#12642,.F.);
#12642 = EDGE_LOOP('',(#12643));
#12643 = ORIENTED_EDGE('',*,*,#12644,.T.);
#12644 = EDGE_CURVE('',#12645,#12645,#12647,.T.);
#12645 = VERTEX_POINT('',#12646);
#12646 = CARTESIAN_POINT('',(146.487392,-88.3625,1.56));
#12647 = CIRCLE('',#12648,0.487392);
#12648 = AXIS2_PLACEMENT_3D('',#12649,#12650,#12651);
#12649 = CARTESIAN_POINT('',(146.,-88.3625,1.56));
#12650 = DIRECTION('',(0.,0.,1.));
#12651 = DIRECTION('',(1.,0.,-0.));
#12652 = FACE_BOUND('',#12653,.F.);
#12653 = EDGE_LOOP('',(#12654));
#12654 = ORIENTED_EDGE('',*,*,#12655,.T.);
#12655 = EDGE_CURVE('',#12656,#12656,#12658,.T.);
#12656 = VERTEX_POINT('',#12657);
#12657 = CARTESIAN_POINT('',(148.887392,-88.3625,1.56));
#12658 = CIRCLE('',#12659,0.487392);
#12659 = AXIS2_PLACEMENT_3D('',#12660,#12661,#12662);
#12660 = CARTESIAN_POINT('',(148.4,-88.3625,1.56));
#12661 = DIRECTION('',(0.,0.,1.));
#12662 = DIRECTION('',(1.,0.,-0.));
#12663 = FACE_BOUND('',#12664,.F.);
#12664 = EDGE_LOOP('',(#12665));
#12665 = ORIENTED_EDGE('',*,*,#12666,.T.);
#12666 = EDGE_CURVE('',#12667,#12667,#12669,.T.);
#12667 = VERTEX_POINT('',#12668);
#12668 = CARTESIAN_POINT('',(151.287392,-88.3625,1.56));
#12669 = CIRCLE('',#12670,0.487392);
#12670 = AXIS2_PLACEMENT_3D('',#12671,#12672,#12673);
#12671 = CARTESIAN_POINT('',(150.8,-88.3625,1.56));
#12672 = DIRECTION('',(0.,0.,1.));
#12673 = DIRECTION('',(1.,0.,-0.));
#12674 = FACE_BOUND('',#12675,.F.);
#12675 = EDGE_LOOP('',(#12676));
#12676 = ORIENTED_EDGE('',*,*,#12677,.T.);
#12677 = EDGE_CURVE('',#12678,#12678,#12680,.T.);
#12678 = VERTEX_POINT('',#12679);
#12679 = CARTESIAN_POINT('',(153.787392,-88.3625,1.56));
#12680 = CIRCLE('',#12681,0.487392);
#12681 = AXIS2_PLACEMENT_3D('',#12682,#12683,#12684);
#12682 = CARTESIAN_POINT('',(153.3,-88.3625,1.56));
#12683 = DIRECTION('',(0.,0.,1.));
#12684 = DIRECTION('',(1.,0.,-0.));
#12685 = FACE_BOUND('',#12686,.F.);
#12686 = EDGE_LOOP('',(#12687));
#12687 = ORIENTED_EDGE('',*,*,#12688,.T.);
#12688 = EDGE_CURVE('',#12689,#12689,#12691,.T.);
#12689 = VERTEX_POINT('',#12690);
#12690 = CARTESIAN_POINT('',(147.687392,-86.3625,1.56));
#12691 = CIRCLE('',#12692,0.487392);
#12692 = AXIS2_PLACEMENT_3D('',#12693,#12694,#12695);
#12693 = CARTESIAN_POINT('',(147.2,-86.3625,1.56));
#12694 = DIRECTION('',(0.,0.,1.));
#12695 = DIRECTION('',(1.,0.,-0.));
#12696 = FACE_BOUND('',#12697,.F.);
#12697 = EDGE_LOOP('',(#12698));
#12698 = ORIENTED_EDGE('',*,*,#12699,.T.);
#12699 = EDGE_CURVE('',#12700,#12700,#12702,.T.);
#12700 = VERTEX_POINT('',#12701);
#12701 = CARTESIAN_POINT('',(150.087392,-86.3625,1.56));
#12702 = CIRCLE('',#12703,0.487392);
#12703 = AXIS2_PLACEMENT_3D('',#12704,#12705,#12706);
#12704 = CARTESIAN_POINT('',(149.6,-86.3625,1.56));
#12705 = DIRECTION('',(0.,0.,1.));
#12706 = DIRECTION('',(1.,0.,-0.));
#12707 = FACE_BOUND('',#12708,.F.);
#12708 = EDGE_LOOP('',(#12709));
#12709 = ORIENTED_EDGE('',*,*,#12710,.T.);
#12710 = EDGE_CURVE('',#12711,#12711,#12713,.T.);
#12711 = VERTEX_POINT('',#12712);
#12712 = CARTESIAN_POINT('',(152.587392,-86.3625,1.56));
#12713 = CIRCLE('',#12714,0.487392);
#12714 = AXIS2_PLACEMENT_3D('',#12715,#12716,#12717);
#12715 = CARTESIAN_POINT('',(152.1,-86.3625,1.56));
#12716 = DIRECTION('',(0.,0.,1.));
#12717 = DIRECTION('',(1.,0.,-0.));
#12718 = FACE_BOUND('',#12719,.F.);
#12719 = EDGE_LOOP('',(#12720));
#12720 = ORIENTED_EDGE('',*,*,#12721,.T.);
#12721 = EDGE_CURVE('',#12722,#12722,#12724,.T.);
#12722 = VERTEX_POINT('',#12723);
#12723 = CARTESIAN_POINT('',(154.987392,-86.3625,1.56));
#12724 = CIRCLE('',#12725,0.487392);
#12725 = AXIS2_PLACEMENT_3D('',#12726,#12727,#12728);
#12726 = CARTESIAN_POINT('',(154.5,-86.3625,1.56));
#12727 = DIRECTION('',(0.,0.,1.));
#12728 = DIRECTION('',(1.,0.,-0.));
#12729 = FACE_BOUND('',#12730,.F.);
#12730 = EDGE_LOOP('',(#12731));
#12731 = ORIENTED_EDGE('',*,*,#12732,.T.);
#12732 = EDGE_CURVE('',#12733,#12733,#12735,.T.);
#12733 = VERTEX_POINT('',#12734);
#12734 = CARTESIAN_POINT('',(146.487392,-84.3625,1.56));
#12735 = CIRCLE('',#12736,0.487392);
#12736 = AXIS2_PLACEMENT_3D('',#12737,#12738,#12739);
#12737 = CARTESIAN_POINT('',(146.,-84.3625,1.56));
#12738 = DIRECTION('',(0.,0.,1.));
#12739 = DIRECTION('',(1.,0.,-0.));
#12740 = FACE_BOUND('',#12741,.F.);
#12741 = EDGE_LOOP('',(#12742));
#12742 = ORIENTED_EDGE('',*,*,#12743,.T.);
#12743 = EDGE_CURVE('',#12744,#12744,#12746,.T.);
#12744 = VERTEX_POINT('',#12745);
#12745 = CARTESIAN_POINT('',(148.887392,-84.3625,1.56));
#12746 = CIRCLE('',#12747,0.487392);
#12747 = AXIS2_PLACEMENT_3D('',#12748,#12749,#12750);
#12748 = CARTESIAN_POINT('',(148.4,-84.3625,1.56));
#12749 = DIRECTION('',(0.,0.,1.));
#12750 = DIRECTION('',(1.,0.,-0.));
#12751 = FACE_BOUND('',#12752,.F.);
#12752 = EDGE_LOOP('',(#12753));
#12753 = ORIENTED_EDGE('',*,*,#12754,.T.);
#12754 = EDGE_CURVE('',#12755,#12755,#12757,.T.);
#12755 = VERTEX_POINT('',#12756);
#12756 = CARTESIAN_POINT('',(151.287392,-84.3625,1.56));
#12757 = CIRCLE('',#12758,0.487392);
#12758 = AXIS2_PLACEMENT_3D('',#12759,#12760,#12761);
#12759 = CARTESIAN_POINT('',(150.8,-84.3625,1.56));
#12760 = DIRECTION('',(0.,0.,1.));
#12761 = DIRECTION('',(1.,0.,-0.));
#12762 = FACE_BOUND('',#12763,.F.);
#12763 = EDGE_LOOP('',(#12764));
#12764 = ORIENTED_EDGE('',*,*,#12765,.T.);
#12765 = EDGE_CURVE('',#12766,#12766,#12768,.T.);
#12766 = VERTEX_POINT('',#12767);
#12767 = CARTESIAN_POINT('',(153.787392,-84.3625,1.56));
#12768 = CIRCLE('',#12769,0.487392);
#12769 = AXIS2_PLACEMENT_3D('',#12770,#12771,#12772);
#12770 = CARTESIAN_POINT('',(153.3,-84.3625,1.56));
#12771 = DIRECTION('',(0.,0.,1.));
#12772 = DIRECTION('',(1.,0.,-0.));
#12773 = PLANE('',#12774);
#12774 = AXIS2_PLACEMENT_3D('',#12775,#12776,#12777);
#12775 = CARTESIAN_POINT('',(0.,0.,1.56));
#12776 = DIRECTION('',(0.,0.,1.));
#12777 = DIRECTION('',(1.,0.,-0.));
#12778 = SHELL_BASED_SURFACE_MODEL('',(#12779));
#12779 = OPEN_SHELL('',(#12780));
#12780 = ADVANCED_FACE('',(#12781,#12815,#12826,#12837,#12848,#12859,
    #12870,#12881,#12892,#12903,#12914,#12925,#12936,#12947,#12958,
    #12969),#12980,.T.);
#12781 = FACE_BOUND('',#12782,.T.);
#12782 = EDGE_LOOP('',(#12783,#12793,#12801,#12809));
#12783 = ORIENTED_EDGE('',*,*,#12784,.T.);
#12784 = EDGE_CURVE('',#12785,#12787,#12789,.T.);
#12785 = VERTEX_POINT('',#12786);
#12786 = CARTESIAN_POINT('',(139.5,-103.,-5.E-02));
#12787 = VERTEX_POINT('',#12788);
#12788 = CARTESIAN_POINT('',(139.5,-81.,-5.E-02));
#12789 = LINE('',#12790,#12791);
#12790 = CARTESIAN_POINT('',(139.5,-103.,-5.E-02));
#12791 = VECTOR('',#12792,1.);
#12792 = DIRECTION('',(0.,1.,0.));
#12793 = ORIENTED_EDGE('',*,*,#12794,.T.);
#12794 = EDGE_CURVE('',#12787,#12795,#12797,.T.);
#12795 = VERTEX_POINT('',#12796);
#12796 = CARTESIAN_POINT('',(160.5,-81.,-5.E-02));
#12797 = LINE('',#12798,#12799);
#12798 = CARTESIAN_POINT('',(139.5,-81.,-5.E-02));
#12799 = VECTOR('',#12800,1.);
#12800 = DIRECTION('',(1.,0.,0.));
#12801 = ORIENTED_EDGE('',*,*,#12802,.T.);
#12802 = EDGE_CURVE('',#12795,#12803,#12805,.T.);
#12803 = VERTEX_POINT('',#12804);
#12804 = CARTESIAN_POINT('',(160.5,-103.,-5.E-02));
#12805 = LINE('',#12806,#12807);
#12806 = CARTESIAN_POINT('',(160.5,-81.,-5.E-02));
#12807 = VECTOR('',#12808,1.);
#12808 = DIRECTION('',(0.,-1.,0.));
#12809 = ORIENTED_EDGE('',*,*,#12810,.T.);
#12810 = EDGE_CURVE('',#12803,#12785,#12811,.T.);
#12811 = LINE('',#12812,#12813);
#12812 = CARTESIAN_POINT('',(160.5,-103.,-5.E-02));
#12813 = VECTOR('',#12814,1.);
#12814 = DIRECTION('',(-1.,0.,0.));
#12815 = FACE_BOUND('',#12816,.T.);
#12816 = EDGE_LOOP('',(#12817));
#12817 = ORIENTED_EDGE('',*,*,#12818,.T.);
#12818 = EDGE_CURVE('',#12819,#12819,#12821,.T.);
#12819 = VERTEX_POINT('',#12820);
#12820 = CARTESIAN_POINT('',(145.687439,-100.0625,-5.E-02));
#12821 = CIRCLE('',#12822,0.687439);
#12822 = AXIS2_PLACEMENT_3D('',#12823,#12824,#12825);
#12823 = CARTESIAN_POINT('',(145.,-100.0625,-5.E-02));
#12824 = DIRECTION('',(0.,0.,1.));
#12825 = DIRECTION('',(1.,0.,-0.));
#12826 = FACE_BOUND('',#12827,.T.);
#12827 = EDGE_LOOP('',(#12828));
#12828 = ORIENTED_EDGE('',*,*,#12829,.T.);
#12829 = EDGE_CURVE('',#12830,#12830,#12832,.T.);
#12830 = VERTEX_POINT('',#12831);
#12831 = CARTESIAN_POINT('',(155.687439,-100.0625,-5.E-02));
#12832 = CIRCLE('',#12833,0.687439);
#12833 = AXIS2_PLACEMENT_3D('',#12834,#12835,#12836);
#12834 = CARTESIAN_POINT('',(155.,-100.0625,-5.E-02));
#12835 = DIRECTION('',(0.,0.,1.));
#12836 = DIRECTION('',(1.,0.,-0.));
#12837 = FACE_BOUND('',#12838,.T.);
#12838 = EDGE_LOOP('',(#12839));
#12839 = ORIENTED_EDGE('',*,*,#12840,.T.);
#12840 = EDGE_CURVE('',#12841,#12841,#12843,.T.);
#12841 = VERTEX_POINT('',#12842);
#12842 = CARTESIAN_POINT('',(150.087392,-90.3625,-5.E-02));
#12843 = CIRCLE('',#12844,0.487392);
#12844 = AXIS2_PLACEMENT_3D('',#12845,#12846,#12847);
#12845 = CARTESIAN_POINT('',(149.6,-90.3625,-5.E-02));
#12846 = DIRECTION('',(0.,0.,1.));
#12847 = DIRECTION('',(1.,0.,-0.));
#12848 = FACE_BOUND('',#12849,.T.);
#12849 = EDGE_LOOP('',(#12850));
#12850 = ORIENTED_EDGE('',*,*,#12851,.T.);
#12851 = EDGE_CURVE('',#12852,#12852,#12854,.T.);
#12852 = VERTEX_POINT('',#12853);
#12853 = CARTESIAN_POINT('',(146.487392,-88.3625,-5.E-02));
#12854 = CIRCLE('',#12855,0.487392);
#12855 = AXIS2_PLACEMENT_3D('',#12856,#12857,#12858);
#12856 = CARTESIAN_POINT('',(146.,-88.3625,-5.E-02));
#12857 = DIRECTION('',(0.,0.,1.));
#12858 = DIRECTION('',(1.,0.,-0.));
#12859 = FACE_BOUND('',#12860,.T.);
#12860 = EDGE_LOOP('',(#12861));
#12861 = ORIENTED_EDGE('',*,*,#12862,.T.);
#12862 = EDGE_CURVE('',#12863,#12863,#12865,.T.);
#12863 = VERTEX_POINT('',#12864);
#12864 = CARTESIAN_POINT('',(148.887392,-88.3625,-5.E-02));
#12865 = CIRCLE('',#12866,0.487392);
#12866 = AXIS2_PLACEMENT_3D('',#12867,#12868,#12869);
#12867 = CARTESIAN_POINT('',(148.4,-88.3625,-5.E-02));
#12868 = DIRECTION('',(0.,0.,1.));
#12869 = DIRECTION('',(1.,0.,-0.));
#12870 = FACE_BOUND('',#12871,.T.);
#12871 = EDGE_LOOP('',(#12872));
#12872 = ORIENTED_EDGE('',*,*,#12873,.T.);
#12873 = EDGE_CURVE('',#12874,#12874,#12876,.T.);
#12874 = VERTEX_POINT('',#12875);
#12875 = CARTESIAN_POINT('',(151.287392,-88.3625,-5.E-02));
#12876 = CIRCLE('',#12877,0.487392);
#12877 = AXIS2_PLACEMENT_3D('',#12878,#12879,#12880);
#12878 = CARTESIAN_POINT('',(150.8,-88.3625,-5.E-02));
#12879 = DIRECTION('',(0.,0.,1.));
#12880 = DIRECTION('',(1.,0.,-0.));
#12881 = FACE_BOUND('',#12882,.T.);
#12882 = EDGE_LOOP('',(#12883));
#12883 = ORIENTED_EDGE('',*,*,#12884,.T.);
#12884 = EDGE_CURVE('',#12885,#12885,#12887,.T.);
#12885 = VERTEX_POINT('',#12886);
#12886 = CARTESIAN_POINT('',(153.787392,-88.3625,-5.E-02));
#12887 = CIRCLE('',#12888,0.487392);
#12888 = AXIS2_PLACEMENT_3D('',#12889,#12890,#12891);
#12889 = CARTESIAN_POINT('',(153.3,-88.3625,-5.E-02));
#12890 = DIRECTION('',(0.,0.,1.));
#12891 = DIRECTION('',(1.,0.,-0.));
#12892 = FACE_BOUND('',#12893,.T.);
#12893 = EDGE_LOOP('',(#12894));
#12894 = ORIENTED_EDGE('',*,*,#12895,.T.);
#12895 = EDGE_CURVE('',#12896,#12896,#12898,.T.);
#12896 = VERTEX_POINT('',#12897);
#12897 = CARTESIAN_POINT('',(147.687392,-86.3625,-5.E-02));
#12898 = CIRCLE('',#12899,0.487392);
#12899 = AXIS2_PLACEMENT_3D('',#12900,#12901,#12902);
#12900 = CARTESIAN_POINT('',(147.2,-86.3625,-5.E-02));
#12901 = DIRECTION('',(0.,0.,1.));
#12902 = DIRECTION('',(1.,0.,-0.));
#12903 = FACE_BOUND('',#12904,.T.);
#12904 = EDGE_LOOP('',(#12905));
#12905 = ORIENTED_EDGE('',*,*,#12906,.T.);
#12906 = EDGE_CURVE('',#12907,#12907,#12909,.T.);
#12907 = VERTEX_POINT('',#12908);
#12908 = CARTESIAN_POINT('',(150.087392,-86.3625,-5.E-02));
#12909 = CIRCLE('',#12910,0.487392);
#12910 = AXIS2_PLACEMENT_3D('',#12911,#12912,#12913);
#12911 = CARTESIAN_POINT('',(149.6,-86.3625,-5.E-02));
#12912 = DIRECTION('',(0.,0.,1.));
#12913 = DIRECTION('',(1.,0.,-0.));
#12914 = FACE_BOUND('',#12915,.T.);
#12915 = EDGE_LOOP('',(#12916));
#12916 = ORIENTED_EDGE('',*,*,#12917,.T.);
#12917 = EDGE_CURVE('',#12918,#12918,#12920,.T.);
#12918 = VERTEX_POINT('',#12919);
#12919 = CARTESIAN_POINT('',(152.587392,-86.3625,-5.E-02));
#12920 = CIRCLE('',#12921,0.487392);
#12921 = AXIS2_PLACEMENT_3D('',#12922,#12923,#12924);
#12922 = CARTESIAN_POINT('',(152.1,-86.3625,-5.E-02));
#12923 = DIRECTION('',(0.,0.,1.));
#12924 = DIRECTION('',(1.,0.,-0.));
#12925 = FACE_BOUND('',#12926,.T.);
#12926 = EDGE_LOOP('',(#12927));
#12927 = ORIENTED_EDGE('',*,*,#12928,.T.);
#12928 = EDGE_CURVE('',#12929,#12929,#12931,.T.);
#12929 = VERTEX_POINT('',#12930);
#12930 = CARTESIAN_POINT('',(154.987392,-86.3625,-5.E-02));
#12931 = CIRCLE('',#12932,0.487392);
#12932 = AXIS2_PLACEMENT_3D('',#12933,#12934,#12935);
#12933 = CARTESIAN_POINT('',(154.5,-86.3625,-5.E-02));
#12934 = DIRECTION('',(0.,0.,1.));
#12935 = DIRECTION('',(1.,0.,-0.));
#12936 = FACE_BOUND('',#12937,.T.);
#12937 = EDGE_LOOP('',(#12938));
#12938 = ORIENTED_EDGE('',*,*,#12939,.T.);
#12939 = EDGE_CURVE('',#12940,#12940,#12942,.T.);
#12940 = VERTEX_POINT('',#12941);
#12941 = CARTESIAN_POINT('',(146.487392,-84.3625,-5.E-02));
#12942 = CIRCLE('',#12943,0.487392);
#12943 = AXIS2_PLACEMENT_3D('',#12944,#12945,#12946);
#12944 = CARTESIAN_POINT('',(146.,-84.3625,-5.E-02));
#12945 = DIRECTION('',(0.,0.,1.));
#12946 = DIRECTION('',(1.,0.,-0.));
#12947 = FACE_BOUND('',#12948,.T.);
#12948 = EDGE_LOOP('',(#12949));
#12949 = ORIENTED_EDGE('',*,*,#12950,.T.);
#12950 = EDGE_CURVE('',#12951,#12951,#12953,.T.);
#12951 = VERTEX_POINT('',#12952);
#12952 = CARTESIAN_POINT('',(148.887392,-84.3625,-5.E-02));
#12953 = CIRCLE('',#12954,0.487392);
#12954 = AXIS2_PLACEMENT_3D('',#12955,#12956,#12957);
#12955 = CARTESIAN_POINT('',(148.4,-84.3625,-5.E-02));
#12956 = DIRECTION('',(0.,0.,1.));
#12957 = DIRECTION('',(1.,0.,-0.));
#12958 = FACE_BOUND('',#12959,.T.);
#12959 = EDGE_LOOP('',(#12960));
#12960 = ORIENTED_EDGE('',*,*,#12961,.T.);
#12961 = EDGE_CURVE('',#12962,#12962,#12964,.T.);
#12962 = VERTEX_POINT('',#12963);
#12963 = CARTESIAN_POINT('',(151.287392,-84.3625,-5.E-02));
#12964 = CIRCLE('',#12965,0.487392);
#12965 = AXIS2_PLACEMENT_3D('',#12966,#12967,#12968);
#12966 = CARTESIAN_POINT('',(150.8,-84.3625,-5.E-02));
#12967 = DIRECTION('',(0.,0.,1.));
#12968 = DIRECTION('',(1.,0.,-0.));
#12969 = FACE_BOUND('',#12970,.T.);
#12970 = EDGE_LOOP('',(#12971));
#12971 = ORIENTED_EDGE('',*,*,#12972,.T.);
#12972 = EDGE_CURVE('',#12973,#12973,#12975,.T.);
#12973 = VERTEX_POINT('',#12974);
#12974 = CARTESIAN_POINT('',(153.787392,-84.3625,-5.E-02));
#12975 = CIRCLE('',#12976,0.487392);
#12976 = AXIS2_PLACEMENT_3D('',#12977,#12978,#12979);
#12977 = CARTESIAN_POINT('',(153.3,-84.3625,-5.E-02));
#12978 = DIRECTION('',(0.,0.,1.));
#12979 = DIRECTION('',(1.,0.,-0.));
#12980 = PLANE('',#12981);
#12981 = AXIS2_PLACEMENT_3D('',#12982,#12983,#12984);
#12982 = CARTESIAN_POINT('',(0.,0.,-5.E-02));
#12983 = DIRECTION('',(-0.,-0.,-1.));
#12984 = DIRECTION('',(-1.,0.,0.));
#12985 = ( GEOMETRIC_REPRESENTATION_CONTEXT(3) 
GLOBAL_UNCERTAINTY_ASSIGNED_CONTEXT((#12989)) 
GLOBAL_UNIT_ASSIGNED_CONTEXT((#12986,#12987,#12988)) 
REPRESENTATION_CONTEXT('Context #1',
  '3D Context with UNIT and UNCERTAINTY') );
#12986 = ( LENGTH_UNIT() NAMED_UNIT(*) SI_UNIT(.MILLI.,.METRE.) );
#12987 = ( NAMED_UNIT(*) PLANE_ANGLE_UNIT() SI_UNIT($,.RADIAN.) );
#12988 = ( NAMED_UNIT(*) SI_UNIT($,.STERADIAN.) SOLID_ANGLE_UNIT() );
#12989 = UNCERTAINTY_MEASURE_WITH_UNIT(LENGTH_MEASURE(1.E-07),#12986,
  'distance_accuracy_value','confusion accuracy');
#12990 = CONTEXT_DEPENDENT_SHAPE_REPRESENTATION(#12991,#12993);
#12991 = ( REPRESENTATION_RELATIONSHIP('','',#12570,#10) 
REPRESENTATION_RELATIONSHIP_WITH_TRANSFORMATION(#12992) 
SHAPE_REPRESENTATION_RELATIONSHIP() );
#12992 = ITEM_DEFINED_TRANSFORMATION('','',#11,#23);
#12993 = PRODUCT_DEFINITION_SHAPE('Placement','Placement of an item',
  #12994);
#12994 = NEXT_ASSEMBLY_USAGE_OCCURRENCE('3','=>[0:1:1:4]','',#5,#12565,$
  );
#12995 = PRODUCT_RELATED_PRODUCT_CATEGORY('part',$,(#12567));
#12996 = SHAPE_DEFINITION_REPRESENTATION(#12997,#13003);
#12997 = PRODUCT_DEFINITION_SHAPE('','',#12998);
#12998 = PRODUCT_DEFINITION('design','',#12999,#13002);
#12999 = PRODUCT_DEFINITION_FORMATION('','',#13000);
#13000 = PRODUCT('Hex_Out_PCB','Hex_Out_PCB','',(#13001));
#13001 = PRODUCT_CONTEXT('',#2,'mechanical');
#13002 = PRODUCT_DEFINITION_CONTEXT('part definition',#2,'design');
#13003 = ADVANCED_BREP_SHAPE_REPRESENTATION('',(#11,#13004),#13739);
#13004 = MANIFOLD_SOLID_BREP('',#13005);
#13005 = CLOSED_SHELL('',(#13006,#13046,#13077,#13108,#13290,#13472,
    #13484,#13501,#13518,#13535,#13552,#13569,#13586,#13603,#13620,
    #13637,#13654,#13671,#13688,#13705,#13722));
#13006 = ADVANCED_FACE('',(#13007),#13041,.T.);
#13007 = FACE_BOUND('',#13008,.T.);
#13008 = EDGE_LOOP('',(#13009,#13019,#13027,#13035));
#13009 = ORIENTED_EDGE('',*,*,#13010,.T.);
#13010 = EDGE_CURVE('',#13011,#13013,#13015,.T.);
#13011 = VERTEX_POINT('',#13012);
#13012 = CARTESIAN_POINT('',(160.5,-103.,0.));
#13013 = VERTEX_POINT('',#13014);
#13014 = CARTESIAN_POINT('',(160.5,-103.,1.51));
#13015 = LINE('',#13016,#13017);
#13016 = CARTESIAN_POINT('',(160.5,-103.,0.));
#13017 = VECTOR('',#13018,1.);
#13018 = DIRECTION('',(0.,0.,1.));
#13019 = ORIENTED_EDGE('',*,*,#13020,.T.);
#13020 = EDGE_CURVE('',#13013,#13021,#13023,.T.);
#13021 = VERTEX_POINT('',#13022);
#13022 = CARTESIAN_POINT('',(139.5,-103.,1.51));
#13023 = LINE('',#13024,#13025);
#13024 = CARTESIAN_POINT('',(160.5,-103.,1.51));
#13025 = VECTOR('',#13026,1.);
#13026 = DIRECTION('',(-1.,0.,0.));
#13027 = ORIENTED_EDGE('',*,*,#13028,.F.);
#13028 = EDGE_CURVE('',#13029,#13021,#13031,.T.);
#13029 = VERTEX_POINT('',#13030);
#13030 = CARTESIAN_POINT('',(139.5,-103.,0.));
#13031 = LINE('',#13032,#13033);
#13032 = CARTESIAN_POINT('',(139.5,-103.,0.));
#13033 = VECTOR('',#13034,1.);
#13034 = DIRECTION('',(0.,0.,1.));
#13035 = ORIENTED_EDGE('',*,*,#13036,.F.);
#13036 = EDGE_CURVE('',#13011,#13029,#13037,.T.);
#13037 = LINE('',#13038,#13039);
#13038 = CARTESIAN_POINT('',(160.5,-103.,0.));
#13039 = VECTOR('',#13040,1.);
#13040 = DIRECTION('',(-1.,0.,0.));
#13041 = PLANE('',#13042);
#13042 = AXIS2_PLACEMENT_3D('',#13043,#13044,#13045);
#13043 = CARTESIAN_POINT('',(160.5,-103.,0.));
#13044 = DIRECTION('',(0.,-1.,0.));
#13045 = DIRECTION('',(-1.,0.,0.));
#13046 = ADVANCED_FACE('',(#13047),#13072,.T.);
#13047 = FACE_BOUND('',#13048,.T.);
#13048 = EDGE_LOOP('',(#13049,#13059,#13065,#13066));
#13049 = ORIENTED_EDGE('',*,*,#13050,.T.);
#13050 = EDGE_CURVE('',#13051,#13053,#13055,.T.);
#13051 = VERTEX_POINT('',#13052);
#13052 = CARTESIAN_POINT('',(160.5,-81.,0.));
#13053 = VERTEX_POINT('',#13054);
#13054 = CARTESIAN_POINT('',(160.5,-81.,1.51));
#13055 = LINE('',#13056,#13057);
#13056 = CARTESIAN_POINT('',(160.5,-81.,0.));
#13057 = VECTOR('',#13058,1.);
#13058 = DIRECTION('',(0.,0.,1.));
#13059 = ORIENTED_EDGE('',*,*,#13060,.T.);
#13060 = EDGE_CURVE('',#13053,#13013,#13061,.T.);
#13061 = LINE('',#13062,#13063);
#13062 = CARTESIAN_POINT('',(160.5,-81.,1.51));
#13063 = VECTOR('',#13064,1.);
#13064 = DIRECTION('',(0.,-1.,0.));
#13065 = ORIENTED_EDGE('',*,*,#13010,.F.);
#13066 = ORIENTED_EDGE('',*,*,#13067,.F.);
#13067 = EDGE_CURVE('',#13051,#13011,#13068,.T.);
#13068 = LINE('',#13069,#13070);
#13069 = CARTESIAN_POINT('',(160.5,-81.,0.));
#13070 = VECTOR('',#13071,1.);
#13071 = DIRECTION('',(0.,-1.,0.));
#13072 = PLANE('',#13073);
#13073 = AXIS2_PLACEMENT_3D('',#13074,#13075,#13076);
#13074 = CARTESIAN_POINT('',(160.5,-81.,0.));
#13075 = DIRECTION('',(1.,0.,-0.));
#13076 = DIRECTION('',(0.,-1.,0.));
#13077 = ADVANCED_FACE('',(#13078),#13103,.T.);
#13078 = FACE_BOUND('',#13079,.T.);
#13079 = EDGE_LOOP('',(#13080,#13081,#13089,#13097));
#13080 = ORIENTED_EDGE('',*,*,#13028,.T.);
#13081 = ORIENTED_EDGE('',*,*,#13082,.T.);
#13082 = EDGE_CURVE('',#13021,#13083,#13085,.T.);
#13083 = VERTEX_POINT('',#13084);
#13084 = CARTESIAN_POINT('',(139.5,-81.,1.51));
#13085 = LINE('',#13086,#13087);
#13086 = CARTESIAN_POINT('',(139.5,-103.,1.51));
#13087 = VECTOR('',#13088,1.);
#13088 = DIRECTION('',(0.,1.,0.));
#13089 = ORIENTED_EDGE('',*,*,#13090,.F.);
#13090 = EDGE_CURVE('',#13091,#13083,#13093,.T.);
#13091 = VERTEX_POINT('',#13092);
#13092 = CARTESIAN_POINT('',(139.5,-81.,0.));
#13093 = LINE('',#13094,#13095);
#13094 = CARTESIAN_POINT('',(139.5,-81.,0.));
#13095 = VECTOR('',#13096,1.);
#13096 = DIRECTION('',(0.,0.,1.));
#13097 = ORIENTED_EDGE('',*,*,#13098,.F.);
#13098 = EDGE_CURVE('',#13029,#13091,#13099,.T.);
#13099 = LINE('',#13100,#13101);
#13100 = CARTESIAN_POINT('',(139.5,-103.,0.));
#13101 = VECTOR('',#13102,1.);
#13102 = DIRECTION('',(0.,1.,0.));
#13103 = PLANE('',#13104);
#13104 = AXIS2_PLACEMENT_3D('',#13105,#13106,#13107);
#13105 = CARTESIAN_POINT('',(139.5,-103.,0.));
#13106 = DIRECTION('',(-1.,0.,0.));
#13107 = DIRECTION('',(0.,1.,0.));
#13108 = ADVANCED_FACE('',(#13109,#13120,#13131,#13142,#13153,#13164,
    #13175,#13186,#13197,#13208,#13219,#13230,#13241,#13252,#13263,
    #13274),#13285,.F.);
#13109 = FACE_BOUND('',#13110,.F.);
#13110 = EDGE_LOOP('',(#13111,#13112,#13113,#13119));
#13111 = ORIENTED_EDGE('',*,*,#13036,.F.);
#13112 = ORIENTED_EDGE('',*,*,#13067,.F.);
#13113 = ORIENTED_EDGE('',*,*,#13114,.F.);
#13114 = EDGE_CURVE('',#13091,#13051,#13115,.T.);
#13115 = LINE('',#13116,#13117);
#13116 = CARTESIAN_POINT('',(139.5,-81.,0.));
#13117 = VECTOR('',#13118,1.);
#13118 = DIRECTION('',(1.,0.,0.));
#13119 = ORIENTED_EDGE('',*,*,#13098,.F.);
#13120 = FACE_BOUND('',#13121,.F.);
#13121 = EDGE_LOOP('',(#13122));
#13122 = ORIENTED_EDGE('',*,*,#13123,.T.);
#13123 = EDGE_CURVE('',#13124,#13124,#13126,.T.);
#13124 = VERTEX_POINT('',#13125);
#13125 = CARTESIAN_POINT('',(145.,-100.7625,0.));
#13126 = CIRCLE('',#13127,0.7);
#13127 = AXIS2_PLACEMENT_3D('',#13128,#13129,#13130);
#13128 = CARTESIAN_POINT('',(145.,-100.0625,0.));
#13129 = DIRECTION('',(-0.,0.,-1.));
#13130 = DIRECTION('',(-0.,-1.,0.));
#13131 = FACE_BOUND('',#13132,.F.);
#13132 = EDGE_LOOP('',(#13133));
#13133 = ORIENTED_EDGE('',*,*,#13134,.T.);
#13134 = EDGE_CURVE('',#13135,#13135,#13137,.T.);
#13135 = VERTEX_POINT('',#13136);
#13136 = CARTESIAN_POINT('',(155.,-100.7625,0.));
#13137 = CIRCLE('',#13138,0.7);
#13138 = AXIS2_PLACEMENT_3D('',#13139,#13140,#13141);
#13139 = CARTESIAN_POINT('',(155.,-100.0625,0.));
#13140 = DIRECTION('',(-0.,0.,-1.));
#13141 = DIRECTION('',(-0.,-1.,0.));
#13142 = FACE_BOUND('',#13143,.F.);
#13143 = EDGE_LOOP('',(#13144));
#13144 = ORIENTED_EDGE('',*,*,#13145,.T.);
#13145 = EDGE_CURVE('',#13146,#13146,#13148,.T.);
#13146 = VERTEX_POINT('',#13147);
#13147 = CARTESIAN_POINT('',(146.,-88.8625,0.));
#13148 = CIRCLE('',#13149,0.5);
#13149 = AXIS2_PLACEMENT_3D('',#13150,#13151,#13152);
#13150 = CARTESIAN_POINT('',(146.,-88.3625,0.));
#13151 = DIRECTION('',(-0.,0.,-1.));
#13152 = DIRECTION('',(-0.,-1.,0.));
#13153 = FACE_BOUND('',#13154,.F.);
#13154 = EDGE_LOOP('',(#13155));
#13155 = ORIENTED_EDGE('',*,*,#13156,.T.);
#13156 = EDGE_CURVE('',#13157,#13157,#13159,.T.);
#13157 = VERTEX_POINT('',#13158);
#13158 = CARTESIAN_POINT('',(149.6,-90.8625,0.));
#13159 = CIRCLE('',#13160,0.5);
#13160 = AXIS2_PLACEMENT_3D('',#13161,#13162,#13163);
#13161 = CARTESIAN_POINT('',(149.6,-90.3625,0.));
#13162 = DIRECTION('',(-0.,0.,-1.));
#13163 = DIRECTION('',(-0.,-1.,0.));
#13164 = FACE_BOUND('',#13165,.F.);
#13165 = EDGE_LOOP('',(#13166));
#13166 = ORIENTED_EDGE('',*,*,#13167,.T.);
#13167 = EDGE_CURVE('',#13168,#13168,#13170,.T.);
#13168 = VERTEX_POINT('',#13169);
#13169 = CARTESIAN_POINT('',(148.4,-88.8625,0.));
#13170 = CIRCLE('',#13171,0.5);
#13171 = AXIS2_PLACEMENT_3D('',#13172,#13173,#13174);
#13172 = CARTESIAN_POINT('',(148.4,-88.3625,0.));
#13173 = DIRECTION('',(-0.,0.,-1.));
#13174 = DIRECTION('',(-0.,-1.,0.));
#13175 = FACE_BOUND('',#13176,.F.);
#13176 = EDGE_LOOP('',(#13177));
#13177 = ORIENTED_EDGE('',*,*,#13178,.T.);
#13178 = EDGE_CURVE('',#13179,#13179,#13181,.T.);
#13179 = VERTEX_POINT('',#13180);
#13180 = CARTESIAN_POINT('',(146.,-84.8625,0.));
#13181 = CIRCLE('',#13182,0.5);
#13182 = AXIS2_PLACEMENT_3D('',#13183,#13184,#13185);
#13183 = CARTESIAN_POINT('',(146.,-84.3625,0.));
#13184 = DIRECTION('',(-0.,0.,-1.));
#13185 = DIRECTION('',(-0.,-1.,0.));
#13186 = FACE_BOUND('',#13187,.F.);
#13187 = EDGE_LOOP('',(#13188));
#13188 = ORIENTED_EDGE('',*,*,#13189,.T.);
#13189 = EDGE_CURVE('',#13190,#13190,#13192,.T.);
#13190 = VERTEX_POINT('',#13191);
#13191 = CARTESIAN_POINT('',(147.2,-86.8625,0.));
#13192 = CIRCLE('',#13193,0.5);
#13193 = AXIS2_PLACEMENT_3D('',#13194,#13195,#13196);
#13194 = CARTESIAN_POINT('',(147.2,-86.3625,0.));
#13195 = DIRECTION('',(-0.,0.,-1.));
#13196 = DIRECTION('',(-0.,-1.,0.));
#13197 = FACE_BOUND('',#13198,.F.);
#13198 = EDGE_LOOP('',(#13199));
#13199 = ORIENTED_EDGE('',*,*,#13200,.T.);
#13200 = EDGE_CURVE('',#13201,#13201,#13203,.T.);
#13201 = VERTEX_POINT('',#13202);
#13202 = CARTESIAN_POINT('',(149.6,-86.8625,0.));
#13203 = CIRCLE('',#13204,0.5);
#13204 = AXIS2_PLACEMENT_3D('',#13205,#13206,#13207);
#13205 = CARTESIAN_POINT('',(149.6,-86.3625,0.));
#13206 = DIRECTION('',(-0.,0.,-1.));
#13207 = DIRECTION('',(-0.,-1.,0.));
#13208 = FACE_BOUND('',#13209,.F.);
#13209 = EDGE_LOOP('',(#13210));
#13210 = ORIENTED_EDGE('',*,*,#13211,.T.);
#13211 = EDGE_CURVE('',#13212,#13212,#13214,.T.);
#13212 = VERTEX_POINT('',#13213);
#13213 = CARTESIAN_POINT('',(148.4,-84.8625,0.));
#13214 = CIRCLE('',#13215,0.5);
#13215 = AXIS2_PLACEMENT_3D('',#13216,#13217,#13218);
#13216 = CARTESIAN_POINT('',(148.4,-84.3625,0.));
#13217 = DIRECTION('',(-0.,0.,-1.));
#13218 = DIRECTION('',(-0.,-1.,0.));
#13219 = FACE_BOUND('',#13220,.F.);
#13220 = EDGE_LOOP('',(#13221));
#13221 = ORIENTED_EDGE('',*,*,#13222,.T.);
#13222 = EDGE_CURVE('',#13223,#13223,#13225,.T.);
#13223 = VERTEX_POINT('',#13224);
#13224 = CARTESIAN_POINT('',(150.8,-88.8625,0.));
#13225 = CIRCLE('',#13226,0.5);
#13226 = AXIS2_PLACEMENT_3D('',#13227,#13228,#13229);
#13227 = CARTESIAN_POINT('',(150.8,-88.3625,0.));
#13228 = DIRECTION('',(-0.,0.,-1.));
#13229 = DIRECTION('',(-0.,-1.,0.));
#13230 = FACE_BOUND('',#13231,.F.);
#13231 = EDGE_LOOP('',(#13232));
#13232 = ORIENTED_EDGE('',*,*,#13233,.T.);
#13233 = EDGE_CURVE('',#13234,#13234,#13236,.T.);
#13234 = VERTEX_POINT('',#13235);
#13235 = CARTESIAN_POINT('',(153.3,-88.8625,0.));
#13236 = CIRCLE('',#13237,0.5);
#13237 = AXIS2_PLACEMENT_3D('',#13238,#13239,#13240);
#13238 = CARTESIAN_POINT('',(153.3,-88.3625,0.));
#13239 = DIRECTION('',(-0.,0.,-1.));
#13240 = DIRECTION('',(-0.,-1.,0.));
#13241 = FACE_BOUND('',#13242,.F.);
#13242 = EDGE_LOOP('',(#13243));
#13243 = ORIENTED_EDGE('',*,*,#13244,.T.);
#13244 = EDGE_CURVE('',#13245,#13245,#13247,.T.);
#13245 = VERTEX_POINT('',#13246);
#13246 = CARTESIAN_POINT('',(152.1,-86.8625,0.));
#13247 = CIRCLE('',#13248,0.5);
#13248 = AXIS2_PLACEMENT_3D('',#13249,#13250,#13251);
#13249 = CARTESIAN_POINT('',(152.1,-86.3625,0.));
#13250 = DIRECTION('',(-0.,0.,-1.));
#13251 = DIRECTION('',(-0.,-1.,0.));
#13252 = FACE_BOUND('',#13253,.F.);
#13253 = EDGE_LOOP('',(#13254));
#13254 = ORIENTED_EDGE('',*,*,#13255,.T.);
#13255 = EDGE_CURVE('',#13256,#13256,#13258,.T.);
#13256 = VERTEX_POINT('',#13257);
#13257 = CARTESIAN_POINT('',(150.8,-84.8625,0.));
#13258 = CIRCLE('',#13259,0.5);
#13259 = AXIS2_PLACEMENT_3D('',#13260,#13261,#13262);
#13260 = CARTESIAN_POINT('',(150.8,-84.3625,0.));
#13261 = DIRECTION('',(-0.,0.,-1.));
#13262 = DIRECTION('',(-0.,-1.,0.));
#13263 = FACE_BOUND('',#13264,.F.);
#13264 = EDGE_LOOP('',(#13265));
#13265 = ORIENTED_EDGE('',*,*,#13266,.T.);
#13266 = EDGE_CURVE('',#13267,#13267,#13269,.T.);
#13267 = VERTEX_POINT('',#13268);
#13268 = CARTESIAN_POINT('',(154.5,-86.8625,0.));
#13269 = CIRCLE('',#13270,0.5);
#13270 = AXIS2_PLACEMENT_3D('',#13271,#13272,#13273);
#13271 = CARTESIAN_POINT('',(154.5,-86.3625,0.));
#13272 = DIRECTION('',(-0.,0.,-1.));
#13273 = DIRECTION('',(-0.,-1.,0.));
#13274 = FACE_BOUND('',#13275,.F.);
#13275 = EDGE_LOOP('',(#13276));
#13276 = ORIENTED_EDGE('',*,*,#13277,.T.);
#13277 = EDGE_CURVE('',#13278,#13278,#13280,.T.);
#13278 = VERTEX_POINT('',#13279);
#13279 = CARTESIAN_POINT('',(153.3,-84.8625,0.));
#13280 = CIRCLE('',#13281,0.5);
#13281 = AXIS2_PLACEMENT_3D('',#13282,#13283,#13284);
#13282 = CARTESIAN_POINT('',(153.3,-84.3625,0.));
#13283 = DIRECTION('',(-0.,0.,-1.));
#13284 = DIRECTION('',(-0.,-1.,0.));
#13285 = PLANE('',#13286);
#13286 = AXIS2_PLACEMENT_3D('',#13287,#13288,#13289);
#13287 = CARTESIAN_POINT('',(0.,0.,0.));
#13288 = DIRECTION('',(0.,0.,1.));
#13289 = DIRECTION('',(1.,0.,-0.));
#13290 = ADVANCED_FACE('',(#13291,#13302,#13313,#13324,#13335,#13346,
    #13357,#13368,#13379,#13390,#13401,#13412,#13423,#13434,#13445,
    #13456),#13467,.T.);
#13291 = FACE_BOUND('',#13292,.T.);
#13292 = EDGE_LOOP('',(#13293,#13294,#13295,#13301));
#13293 = ORIENTED_EDGE('',*,*,#13020,.F.);
#13294 = ORIENTED_EDGE('',*,*,#13060,.F.);
#13295 = ORIENTED_EDGE('',*,*,#13296,.F.);
#13296 = EDGE_CURVE('',#13083,#13053,#13297,.T.);
#13297 = LINE('',#13298,#13299);
#13298 = CARTESIAN_POINT('',(139.5,-81.,1.51));
#13299 = VECTOR('',#13300,1.);
#13300 = DIRECTION('',(1.,0.,0.));
#13301 = ORIENTED_EDGE('',*,*,#13082,.F.);
#13302 = FACE_BOUND('',#13303,.T.);
#13303 = EDGE_LOOP('',(#13304));
#13304 = ORIENTED_EDGE('',*,*,#13305,.T.);
#13305 = EDGE_CURVE('',#13306,#13306,#13308,.T.);
#13306 = VERTEX_POINT('',#13307);
#13307 = CARTESIAN_POINT('',(145.,-100.7625,1.51));
#13308 = CIRCLE('',#13309,0.7);
#13309 = AXIS2_PLACEMENT_3D('',#13310,#13311,#13312);
#13310 = CARTESIAN_POINT('',(145.,-100.0625,1.51));
#13311 = DIRECTION('',(-0.,0.,-1.));
#13312 = DIRECTION('',(-0.,-1.,0.));
#13313 = FACE_BOUND('',#13314,.T.);
#13314 = EDGE_LOOP('',(#13315));
#13315 = ORIENTED_EDGE('',*,*,#13316,.T.);
#13316 = EDGE_CURVE('',#13317,#13317,#13319,.T.);
#13317 = VERTEX_POINT('',#13318);
#13318 = CARTESIAN_POINT('',(155.,-100.7625,1.51));
#13319 = CIRCLE('',#13320,0.7);
#13320 = AXIS2_PLACEMENT_3D('',#13321,#13322,#13323);
#13321 = CARTESIAN_POINT('',(155.,-100.0625,1.51));
#13322 = DIRECTION('',(-0.,0.,-1.));
#13323 = DIRECTION('',(-0.,-1.,0.));
#13324 = FACE_BOUND('',#13325,.T.);
#13325 = EDGE_LOOP('',(#13326));
#13326 = ORIENTED_EDGE('',*,*,#13327,.T.);
#13327 = EDGE_CURVE('',#13328,#13328,#13330,.T.);
#13328 = VERTEX_POINT('',#13329);
#13329 = CARTESIAN_POINT('',(146.,-88.8625,1.51));
#13330 = CIRCLE('',#13331,0.5);
#13331 = AXIS2_PLACEMENT_3D('',#13332,#13333,#13334);
#13332 = CARTESIAN_POINT('',(146.,-88.3625,1.51));
#13333 = DIRECTION('',(-0.,0.,-1.));
#13334 = DIRECTION('',(-0.,-1.,0.));
#13335 = FACE_BOUND('',#13336,.T.);
#13336 = EDGE_LOOP('',(#13337));
#13337 = ORIENTED_EDGE('',*,*,#13338,.T.);
#13338 = EDGE_CURVE('',#13339,#13339,#13341,.T.);
#13339 = VERTEX_POINT('',#13340);
#13340 = CARTESIAN_POINT('',(149.6,-90.8625,1.51));
#13341 = CIRCLE('',#13342,0.5);
#13342 = AXIS2_PLACEMENT_3D('',#13343,#13344,#13345);
#13343 = CARTESIAN_POINT('',(149.6,-90.3625,1.51));
#13344 = DIRECTION('',(-0.,0.,-1.));
#13345 = DIRECTION('',(-0.,-1.,0.));
#13346 = FACE_BOUND('',#13347,.T.);
#13347 = EDGE_LOOP('',(#13348));
#13348 = ORIENTED_EDGE('',*,*,#13349,.T.);
#13349 = EDGE_CURVE('',#13350,#13350,#13352,.T.);
#13350 = VERTEX_POINT('',#13351);
#13351 = CARTESIAN_POINT('',(148.4,-88.8625,1.51));
#13352 = CIRCLE('',#13353,0.5);
#13353 = AXIS2_PLACEMENT_3D('',#13354,#13355,#13356);
#13354 = CARTESIAN_POINT('',(148.4,-88.3625,1.51));
#13355 = DIRECTION('',(-0.,0.,-1.));
#13356 = DIRECTION('',(-0.,-1.,0.));
#13357 = FACE_BOUND('',#13358,.T.);
#13358 = EDGE_LOOP('',(#13359));
#13359 = ORIENTED_EDGE('',*,*,#13360,.T.);
#13360 = EDGE_CURVE('',#13361,#13361,#13363,.T.);
#13361 = VERTEX_POINT('',#13362);
#13362 = CARTESIAN_POINT('',(146.,-84.8625,1.51));
#13363 = CIRCLE('',#13364,0.5);
#13364 = AXIS2_PLACEMENT_3D('',#13365,#13366,#13367);
#13365 = CARTESIAN_POINT('',(146.,-84.3625,1.51));
#13366 = DIRECTION('',(-0.,0.,-1.));
#13367 = DIRECTION('',(-0.,-1.,0.));
#13368 = FACE_BOUND('',#13369,.T.);
#13369 = EDGE_LOOP('',(#13370));
#13370 = ORIENTED_EDGE('',*,*,#13371,.T.);
#13371 = EDGE_CURVE('',#13372,#13372,#13374,.T.);
#13372 = VERTEX_POINT('',#13373);
#13373 = CARTESIAN_POINT('',(147.2,-86.8625,1.51));
#13374 = CIRCLE('',#13375,0.5);
#13375 = AXIS2_PLACEMENT_3D('',#13376,#13377,#13378);
#13376 = CARTESIAN_POINT('',(147.2,-86.3625,1.51));
#13377 = DIRECTION('',(-0.,0.,-1.));
#13378 = DIRECTION('',(-0.,-1.,0.));
#13379 = FACE_BOUND('',#13380,.T.);
#13380 = EDGE_LOOP('',(#13381));
#13381 = ORIENTED_EDGE('',*,*,#13382,.T.);
#13382 = EDGE_CURVE('',#13383,#13383,#13385,.T.);
#13383 = VERTEX_POINT('',#13384);
#13384 = CARTESIAN_POINT('',(149.6,-86.8625,1.51));
#13385 = CIRCLE('',#13386,0.5);
#13386 = AXIS2_PLACEMENT_3D('',#13387,#13388,#13389);
#13387 = CARTESIAN_POINT('',(149.6,-86.3625,1.51));
#13388 = DIRECTION('',(-0.,0.,-1.));
#13389 = DIRECTION('',(-0.,-1.,0.));
#13390 = FACE_BOUND('',#13391,.T.);
#13391 = EDGE_LOOP('',(#13392));
#13392 = ORIENTED_EDGE('',*,*,#13393,.T.);
#13393 = EDGE_CURVE('',#13394,#13394,#13396,.T.);
#13394 = VERTEX_POINT('',#13395);
#13395 = CARTESIAN_POINT('',(148.4,-84.8625,1.51));
#13396 = CIRCLE('',#13397,0.5);
#13397 = AXIS2_PLACEMENT_3D('',#13398,#13399,#13400);
#13398 = CARTESIAN_POINT('',(148.4,-84.3625,1.51));
#13399 = DIRECTION('',(-0.,0.,-1.));
#13400 = DIRECTION('',(-0.,-1.,0.));
#13401 = FACE_BOUND('',#13402,.T.);
#13402 = EDGE_LOOP('',(#13403));
#13403 = ORIENTED_EDGE('',*,*,#13404,.T.);
#13404 = EDGE_CURVE('',#13405,#13405,#13407,.T.);
#13405 = VERTEX_POINT('',#13406);
#13406 = CARTESIAN_POINT('',(150.8,-88.8625,1.51));
#13407 = CIRCLE('',#13408,0.5);
#13408 = AXIS2_PLACEMENT_3D('',#13409,#13410,#13411);
#13409 = CARTESIAN_POINT('',(150.8,-88.3625,1.51));
#13410 = DIRECTION('',(-0.,0.,-1.));
#13411 = DIRECTION('',(-0.,-1.,0.));
#13412 = FACE_BOUND('',#13413,.T.);
#13413 = EDGE_LOOP('',(#13414));
#13414 = ORIENTED_EDGE('',*,*,#13415,.T.);
#13415 = EDGE_CURVE('',#13416,#13416,#13418,.T.);
#13416 = VERTEX_POINT('',#13417);
#13417 = CARTESIAN_POINT('',(153.3,-88.8625,1.51));
#13418 = CIRCLE('',#13419,0.5);
#13419 = AXIS2_PLACEMENT_3D('',#13420,#13421,#13422);
#13420 = CARTESIAN_POINT('',(153.3,-88.3625,1.51));
#13421 = DIRECTION('',(-0.,0.,-1.));
#13422 = DIRECTION('',(-0.,-1.,0.));
#13423 = FACE_BOUND('',#13424,.T.);
#13424 = EDGE_LOOP('',(#13425));
#13425 = ORIENTED_EDGE('',*,*,#13426,.T.);
#13426 = EDGE_CURVE('',#13427,#13427,#13429,.T.);
#13427 = VERTEX_POINT('',#13428);
#13428 = CARTESIAN_POINT('',(152.1,-86.8625,1.51));
#13429 = CIRCLE('',#13430,0.5);
#13430 = AXIS2_PLACEMENT_3D('',#13431,#13432,#13433);
#13431 = CARTESIAN_POINT('',(152.1,-86.3625,1.51));
#13432 = DIRECTION('',(-0.,0.,-1.));
#13433 = DIRECTION('',(-0.,-1.,0.));
#13434 = FACE_BOUND('',#13435,.T.);
#13435 = EDGE_LOOP('',(#13436));
#13436 = ORIENTED_EDGE('',*,*,#13437,.T.);
#13437 = EDGE_CURVE('',#13438,#13438,#13440,.T.);
#13438 = VERTEX_POINT('',#13439);
#13439 = CARTESIAN_POINT('',(150.8,-84.8625,1.51));
#13440 = CIRCLE('',#13441,0.5);
#13441 = AXIS2_PLACEMENT_3D('',#13442,#13443,#13444);
#13442 = CARTESIAN_POINT('',(150.8,-84.3625,1.51));
#13443 = DIRECTION('',(-0.,0.,-1.));
#13444 = DIRECTION('',(-0.,-1.,0.));
#13445 = FACE_BOUND('',#13446,.T.);
#13446 = EDGE_LOOP('',(#13447));
#13447 = ORIENTED_EDGE('',*,*,#13448,.T.);
#13448 = EDGE_CURVE('',#13449,#13449,#13451,.T.);
#13449 = VERTEX_POINT('',#13450);
#13450 = CARTESIAN_POINT('',(154.5,-86.8625,1.51));
#13451 = CIRCLE('',#13452,0.5);
#13452 = AXIS2_PLACEMENT_3D('',#13453,#13454,#13455);
#13453 = CARTESIAN_POINT('',(154.5,-86.3625,1.51));
#13454 = DIRECTION('',(-0.,0.,-1.));
#13455 = DIRECTION('',(-0.,-1.,0.));
#13456 = FACE_BOUND('',#13457,.T.);
#13457 = EDGE_LOOP('',(#13458));
#13458 = ORIENTED_EDGE('',*,*,#13459,.T.);
#13459 = EDGE_CURVE('',#13460,#13460,#13462,.T.);
#13460 = VERTEX_POINT('',#13461);
#13461 = CARTESIAN_POINT('',(153.3,-84.8625,1.51));
#13462 = CIRCLE('',#13463,0.5);
#13463 = AXIS2_PLACEMENT_3D('',#13464,#13465,#13466);
#13464 = CARTESIAN_POINT('',(153.3,-84.3625,1.51));
#13465 = DIRECTION('',(-0.,0.,-1.));
#13466 = DIRECTION('',(-0.,-1.,0.));
#13467 = PLANE('',#13468);
#13468 = AXIS2_PLACEMENT_3D('',#13469,#13470,#13471);
#13469 = CARTESIAN_POINT('',(0.,0.,1.51));
#13470 = DIRECTION('',(0.,0.,1.));
#13471 = DIRECTION('',(1.,0.,-0.));
#13472 = ADVANCED_FACE('',(#13473),#13479,.T.);
#13473 = FACE_BOUND('',#13474,.T.);
#13474 = EDGE_LOOP('',(#13475,#13476,#13477,#13478));
#13475 = ORIENTED_EDGE('',*,*,#13090,.T.);
#13476 = ORIENTED_EDGE('',*,*,#13296,.T.);
#13477 = ORIENTED_EDGE('',*,*,#13050,.F.);
#13478 = ORIENTED_EDGE('',*,*,#13114,.F.);
#13479 = PLANE('',#13480);
#13480 = AXIS2_PLACEMENT_3D('',#13481,#13482,#13483);
#13481 = CARTESIAN_POINT('',(139.5,-81.,0.));
#13482 = DIRECTION('',(0.,1.,0.));
#13483 = DIRECTION('',(1.,0.,0.));
#13484 = ADVANCED_FACE('',(#13485),#13496,.F.);
#13485 = FACE_BOUND('',#13486,.T.);
#13486 = EDGE_LOOP('',(#13487,#13488,#13494,#13495));
#13487 = ORIENTED_EDGE('',*,*,#13123,.T.);
#13488 = ORIENTED_EDGE('',*,*,#13489,.T.);
#13489 = EDGE_CURVE('',#13124,#13306,#13490,.T.);
#13490 = LINE('',#13491,#13492);
#13491 = CARTESIAN_POINT('',(145.,-100.7625,-4.6E-02));
#13492 = VECTOR('',#13493,1.);
#13493 = DIRECTION('',(0.,0.,1.));
#13494 = ORIENTED_EDGE('',*,*,#13305,.F.);
#13495 = ORIENTED_EDGE('',*,*,#13489,.F.);
#13496 = CYLINDRICAL_SURFACE('',#13497,0.7);
#13497 = AXIS2_PLACEMENT_3D('',#13498,#13499,#13500);
#13498 = CARTESIAN_POINT('',(145.,-100.0625,-4.6E-02));
#13499 = DIRECTION('',(-0.,-0.,-1.));
#13500 = DIRECTION('',(-0.,-1.,0.));
#13501 = ADVANCED_FACE('',(#13502),#13513,.F.);
#13502 = FACE_BOUND('',#13503,.T.);
#13503 = EDGE_LOOP('',(#13504,#13505,#13511,#13512));
#13504 = ORIENTED_EDGE('',*,*,#13134,.T.);
#13505 = ORIENTED_EDGE('',*,*,#13506,.T.);
#13506 = EDGE_CURVE('',#13135,#13317,#13507,.T.);
#13507 = LINE('',#13508,#13509);
#13508 = CARTESIAN_POINT('',(155.,-100.7625,-4.6E-02));
#13509 = VECTOR('',#13510,1.);
#13510 = DIRECTION('',(0.,0.,1.));
#13511 = ORIENTED_EDGE('',*,*,#13316,.F.);
#13512 = ORIENTED_EDGE('',*,*,#13506,.F.);
#13513 = CYLINDRICAL_SURFACE('',#13514,0.7);
#13514 = AXIS2_PLACEMENT_3D('',#13515,#13516,#13517);
#13515 = CARTESIAN_POINT('',(155.,-100.0625,-4.6E-02));
#13516 = DIRECTION('',(-0.,-0.,-1.));
#13517 = DIRECTION('',(-0.,-1.,0.));
#13518 = ADVANCED_FACE('',(#13519),#13530,.F.);
#13519 = FACE_BOUND('',#13520,.T.);
#13520 = EDGE_LOOP('',(#13521,#13522,#13528,#13529));
#13521 = ORIENTED_EDGE('',*,*,#13145,.T.);
#13522 = ORIENTED_EDGE('',*,*,#13523,.T.);
#13523 = EDGE_CURVE('',#13146,#13328,#13524,.T.);
#13524 = LINE('',#13525,#13526);
#13525 = CARTESIAN_POINT('',(146.,-88.8625,-4.6E-02));
#13526 = VECTOR('',#13527,1.);
#13527 = DIRECTION('',(0.,0.,1.));
#13528 = ORIENTED_EDGE('',*,*,#13327,.F.);
#13529 = ORIENTED_EDGE('',*,*,#13523,.F.);
#13530 = CYLINDRICAL_SURFACE('',#13531,0.5);
#13531 = AXIS2_PLACEMENT_3D('',#13532,#13533,#13534);
#13532 = CARTESIAN_POINT('',(146.,-88.3625,-4.6E-02));
#13533 = DIRECTION('',(-0.,-0.,-1.));
#13534 = DIRECTION('',(-0.,-1.,0.));
#13535 = ADVANCED_FACE('',(#13536),#13547,.F.);
#13536 = FACE_BOUND('',#13537,.T.);
#13537 = EDGE_LOOP('',(#13538,#13539,#13545,#13546));
#13538 = ORIENTED_EDGE('',*,*,#13156,.T.);
#13539 = ORIENTED_EDGE('',*,*,#13540,.T.);
#13540 = EDGE_CURVE('',#13157,#13339,#13541,.T.);
#13541 = LINE('',#13542,#13543);
#13542 = CARTESIAN_POINT('',(149.6,-90.8625,-4.6E-02));
#13543 = VECTOR('',#13544,1.);
#13544 = DIRECTION('',(0.,0.,1.));
#13545 = ORIENTED_EDGE('',*,*,#13338,.F.);
#13546 = ORIENTED_EDGE('',*,*,#13540,.F.);
#13547 = CYLINDRICAL_SURFACE('',#13548,0.5);
#13548 = AXIS2_PLACEMENT_3D('',#13549,#13550,#13551);
#13549 = CARTESIAN_POINT('',(149.6,-90.3625,-4.6E-02));
#13550 = DIRECTION('',(-0.,-0.,-1.));
#13551 = DIRECTION('',(-0.,-1.,0.));
#13552 = ADVANCED_FACE('',(#13553),#13564,.F.);
#13553 = FACE_BOUND('',#13554,.T.);
#13554 = EDGE_LOOP('',(#13555,#13556,#13562,#13563));
#13555 = ORIENTED_EDGE('',*,*,#13167,.T.);
#13556 = ORIENTED_EDGE('',*,*,#13557,.T.);
#13557 = EDGE_CURVE('',#13168,#13350,#13558,.T.);
#13558 = LINE('',#13559,#13560);
#13559 = CARTESIAN_POINT('',(148.4,-88.8625,-4.6E-02));
#13560 = VECTOR('',#13561,1.);
#13561 = DIRECTION('',(0.,0.,1.));
#13562 = ORIENTED_EDGE('',*,*,#13349,.F.);
#13563 = ORIENTED_EDGE('',*,*,#13557,.F.);
#13564 = CYLINDRICAL_SURFACE('',#13565,0.5);
#13565 = AXIS2_PLACEMENT_3D('',#13566,#13567,#13568);
#13566 = CARTESIAN_POINT('',(148.4,-88.3625,-4.6E-02));
#13567 = DIRECTION('',(-0.,-0.,-1.));
#13568 = DIRECTION('',(-0.,-1.,0.));
#13569 = ADVANCED_FACE('',(#13570),#13581,.F.);
#13570 = FACE_BOUND('',#13571,.T.);
#13571 = EDGE_LOOP('',(#13572,#13573,#13579,#13580));
#13572 = ORIENTED_EDGE('',*,*,#13178,.T.);
#13573 = ORIENTED_EDGE('',*,*,#13574,.T.);
#13574 = EDGE_CURVE('',#13179,#13361,#13575,.T.);
#13575 = LINE('',#13576,#13577);
#13576 = CARTESIAN_POINT('',(146.,-84.8625,-4.6E-02));
#13577 = VECTOR('',#13578,1.);
#13578 = DIRECTION('',(0.,0.,1.));
#13579 = ORIENTED_EDGE('',*,*,#13360,.F.);
#13580 = ORIENTED_EDGE('',*,*,#13574,.F.);
#13581 = CYLINDRICAL_SURFACE('',#13582,0.5);
#13582 = AXIS2_PLACEMENT_3D('',#13583,#13584,#13585);
#13583 = CARTESIAN_POINT('',(146.,-84.3625,-4.6E-02));
#13584 = DIRECTION('',(-0.,-0.,-1.));
#13585 = DIRECTION('',(-0.,-1.,0.));
#13586 = ADVANCED_FACE('',(#13587),#13598,.F.);
#13587 = FACE_BOUND('',#13588,.T.);
#13588 = EDGE_LOOP('',(#13589,#13590,#13596,#13597));
#13589 = ORIENTED_EDGE('',*,*,#13189,.T.);
#13590 = ORIENTED_EDGE('',*,*,#13591,.T.);
#13591 = EDGE_CURVE('',#13190,#13372,#13592,.T.);
#13592 = LINE('',#13593,#13594);
#13593 = CARTESIAN_POINT('',(147.2,-86.8625,-4.6E-02));
#13594 = VECTOR('',#13595,1.);
#13595 = DIRECTION('',(0.,0.,1.));
#13596 = ORIENTED_EDGE('',*,*,#13371,.F.);
#13597 = ORIENTED_EDGE('',*,*,#13591,.F.);
#13598 = CYLINDRICAL_SURFACE('',#13599,0.5);
#13599 = AXIS2_PLACEMENT_3D('',#13600,#13601,#13602);
#13600 = CARTESIAN_POINT('',(147.2,-86.3625,-4.6E-02));
#13601 = DIRECTION('',(-0.,-0.,-1.));
#13602 = DIRECTION('',(-0.,-1.,0.));
#13603 = ADVANCED_FACE('',(#13604),#13615,.F.);
#13604 = FACE_BOUND('',#13605,.T.);
#13605 = EDGE_LOOP('',(#13606,#13607,#13613,#13614));
#13606 = ORIENTED_EDGE('',*,*,#13200,.T.);
#13607 = ORIENTED_EDGE('',*,*,#13608,.T.);
#13608 = EDGE_CURVE('',#13201,#13383,#13609,.T.);
#13609 = LINE('',#13610,#13611);
#13610 = CARTESIAN_POINT('',(149.6,-86.8625,-4.6E-02));
#13611 = VECTOR('',#13612,1.);
#13612 = DIRECTION('',(0.,0.,1.));
#13613 = ORIENTED_EDGE('',*,*,#13382,.F.);
#13614 = ORIENTED_EDGE('',*,*,#13608,.F.);
#13615 = CYLINDRICAL_SURFACE('',#13616,0.5);
#13616 = AXIS2_PLACEMENT_3D('',#13617,#13618,#13619);
#13617 = CARTESIAN_POINT('',(149.6,-86.3625,-4.6E-02));
#13618 = DIRECTION('',(-0.,-0.,-1.));
#13619 = DIRECTION('',(-0.,-1.,0.));
#13620 = ADVANCED_FACE('',(#13621),#13632,.F.);
#13621 = FACE_BOUND('',#13622,.T.);
#13622 = EDGE_LOOP('',(#13623,#13624,#13630,#13631));
#13623 = ORIENTED_EDGE('',*,*,#13211,.T.);
#13624 = ORIENTED_EDGE('',*,*,#13625,.T.);
#13625 = EDGE_CURVE('',#13212,#13394,#13626,.T.);
#13626 = LINE('',#13627,#13628);
#13627 = CARTESIAN_POINT('',(148.4,-84.8625,-4.6E-02));
#13628 = VECTOR('',#13629,1.);
#13629 = DIRECTION('',(0.,0.,1.));
#13630 = ORIENTED_EDGE('',*,*,#13393,.F.);
#13631 = ORIENTED_EDGE('',*,*,#13625,.F.);
#13632 = CYLINDRICAL_SURFACE('',#13633,0.5);
#13633 = AXIS2_PLACEMENT_3D('',#13634,#13635,#13636);
#13634 = CARTESIAN_POINT('',(148.4,-84.3625,-4.6E-02));
#13635 = DIRECTION('',(-0.,-0.,-1.));
#13636 = DIRECTION('',(-0.,-1.,0.));
#13637 = ADVANCED_FACE('',(#13638),#13649,.F.);
#13638 = FACE_BOUND('',#13639,.T.);
#13639 = EDGE_LOOP('',(#13640,#13641,#13647,#13648));
#13640 = ORIENTED_EDGE('',*,*,#13222,.T.);
#13641 = ORIENTED_EDGE('',*,*,#13642,.T.);
#13642 = EDGE_CURVE('',#13223,#13405,#13643,.T.);
#13643 = LINE('',#13644,#13645);
#13644 = CARTESIAN_POINT('',(150.8,-88.8625,-4.6E-02));
#13645 = VECTOR('',#13646,1.);
#13646 = DIRECTION('',(0.,0.,1.));
#13647 = ORIENTED_EDGE('',*,*,#13404,.F.);
#13648 = ORIENTED_EDGE('',*,*,#13642,.F.);
#13649 = CYLINDRICAL_SURFACE('',#13650,0.5);
#13650 = AXIS2_PLACEMENT_3D('',#13651,#13652,#13653);
#13651 = CARTESIAN_POINT('',(150.8,-88.3625,-4.6E-02));
#13652 = DIRECTION('',(-0.,-0.,-1.));
#13653 = DIRECTION('',(-0.,-1.,0.));
#13654 = ADVANCED_FACE('',(#13655),#13666,.F.);
#13655 = FACE_BOUND('',#13656,.T.);
#13656 = EDGE_LOOP('',(#13657,#13658,#13664,#13665));
#13657 = ORIENTED_EDGE('',*,*,#13233,.T.);
#13658 = ORIENTED_EDGE('',*,*,#13659,.T.);
#13659 = EDGE_CURVE('',#13234,#13416,#13660,.T.);
#13660 = LINE('',#13661,#13662);
#13661 = CARTESIAN_POINT('',(153.3,-88.8625,-4.6E-02));
#13662 = VECTOR('',#13663,1.);
#13663 = DIRECTION('',(0.,0.,1.));
#13664 = ORIENTED_EDGE('',*,*,#13415,.F.);
#13665 = ORIENTED_EDGE('',*,*,#13659,.F.);
#13666 = CYLINDRICAL_SURFACE('',#13667,0.5);
#13667 = AXIS2_PLACEMENT_3D('',#13668,#13669,#13670);
#13668 = CARTESIAN_POINT('',(153.3,-88.3625,-4.6E-02));
#13669 = DIRECTION('',(-0.,-0.,-1.));
#13670 = DIRECTION('',(-0.,-1.,0.));
#13671 = ADVANCED_FACE('',(#13672),#13683,.F.);
#13672 = FACE_BOUND('',#13673,.T.);
#13673 = EDGE_LOOP('',(#13674,#13675,#13681,#13682));
#13674 = ORIENTED_EDGE('',*,*,#13244,.T.);
#13675 = ORIENTED_EDGE('',*,*,#13676,.T.);
#13676 = EDGE_CURVE('',#13245,#13427,#13677,.T.);
#13677 = LINE('',#13678,#13679);
#13678 = CARTESIAN_POINT('',(152.1,-86.8625,-4.6E-02));
#13679 = VECTOR('',#13680,1.);
#13680 = DIRECTION('',(0.,0.,1.));
#13681 = ORIENTED_EDGE('',*,*,#13426,.F.);
#13682 = ORIENTED_EDGE('',*,*,#13676,.F.);
#13683 = CYLINDRICAL_SURFACE('',#13684,0.5);
#13684 = AXIS2_PLACEMENT_3D('',#13685,#13686,#13687);
#13685 = CARTESIAN_POINT('',(152.1,-86.3625,-4.6E-02));
#13686 = DIRECTION('',(-0.,-0.,-1.));
#13687 = DIRECTION('',(-0.,-1.,0.));
#13688 = ADVANCED_FACE('',(#13689),#13700,.F.);
#13689 = FACE_BOUND('',#13690,.T.);
#13690 = EDGE_LOOP('',(#13691,#13692,#13698,#13699));
#13691 = ORIENTED_EDGE('',*,*,#13255,.T.);
#13692 = ORIENTED_EDGE('',*,*,#13693,.T.);
#13693 = EDGE_CURVE('',#13256,#13438,#13694,.T.);
#13694 = LINE('',#13695,#13696);
#13695 = CARTESIAN_POINT('',(150.8,-84.8625,-4.6E-02));
#13696 = VECTOR('',#13697,1.);
#13697 = DIRECTION('',(0.,0.,1.));
#13698 = ORIENTED_EDGE('',*,*,#13437,.F.);
#13699 = ORIENTED_EDGE('',*,*,#13693,.F.);
#13700 = CYLINDRICAL_SURFACE('',#13701,0.5);
#13701 = AXIS2_PLACEMENT_3D('',#13702,#13703,#13704);
#13702 = CARTESIAN_POINT('',(150.8,-84.3625,-4.6E-02));
#13703 = DIRECTION('',(-0.,-0.,-1.));
#13704 = DIRECTION('',(-0.,-1.,0.));
#13705 = ADVANCED_FACE('',(#13706),#13717,.F.);
#13706 = FACE_BOUND('',#13707,.T.);
#13707 = EDGE_LOOP('',(#13708,#13709,#13715,#13716));
#13708 = ORIENTED_EDGE('',*,*,#13266,.T.);
#13709 = ORIENTED_EDGE('',*,*,#13710,.T.);
#13710 = EDGE_CURVE('',#13267,#13449,#13711,.T.);
#13711 = LINE('',#13712,#13713);
#13712 = CARTESIAN_POINT('',(154.5,-86.8625,-4.6E-02));
#13713 = VECTOR('',#13714,1.);
#13714 = DIRECTION('',(0.,0.,1.));
#13715 = ORIENTED_EDGE('',*,*,#13448,.F.);
#13716 = ORIENTED_EDGE('',*,*,#13710,.F.);
#13717 = CYLINDRICAL_SURFACE('',#13718,0.5);
#13718 = AXIS2_PLACEMENT_3D('',#13719,#13720,#13721);
#13719 = CARTESIAN_POINT('',(154.5,-86.3625,-4.6E-02));
#13720 = DIRECTION('',(-0.,-0.,-1.));
#13721 = DIRECTION('',(-0.,-1.,0.));
#13722 = ADVANCED_FACE('',(#13723),#13734,.F.);
#13723 = FACE_BOUND('',#13724,.T.);
#13724 = EDGE_LOOP('',(#13725,#13726,#13732,#13733));
#13725 = ORIENTED_EDGE('',*,*,#13277,.T.);
#13726 = ORIENTED_EDGE('',*,*,#13727,.T.);
#13727 = EDGE_CURVE('',#13278,#13460,#13728,.T.);
#13728 = LINE('',#13729,#13730);
#13729 = CARTESIAN_POINT('',(153.3,-84.8625,-4.6E-02));
#13730 = VECTOR('',#13731,1.);
#13731 = DIRECTION('',(0.,0.,1.));
#13732 = ORIENTED_EDGE('',*,*,#13459,.F.);
#13733 = ORIENTED_EDGE('',*,*,#13727,.F.);
#13734 = CYLINDRICAL_SURFACE('',#13735,0.5);
#13735 = AXIS2_PLACEMENT_3D('',#13736,#13737,#13738);
#13736 = CARTESIAN_POINT('',(153.3,-84.3625,-4.6E-02));
#13737 = DIRECTION('',(-0.,-0.,-1.));
#13738 = DIRECTION('',(-0.,-1.,0.));
#13739 = ( GEOMETRIC_REPRESENTATION_CONTEXT(3) 
GLOBAL_UNCERTAINTY_ASSIGNED_CONTEXT((#13743)) 
GLOBAL_UNIT_ASSIGNED_CONTEXT((#13740,#13741,#13742)) 
REPRESENTATION_CONTEXT('Context #1',
  '3D Context with UNIT and UNCERTAINTY') );
#13740 = ( LENGTH_UNIT() NAMED_UNIT(*) SI_UNIT(.MILLI.,.METRE.) );
#13741 = ( NAMED_UNIT(*) PLANE_ANGLE_UNIT() SI_UNIT($,.RADIAN.) );
#13742 = ( NAMED_UNIT(*) SI_UNIT($,.STERADIAN.) SOLID_ANGLE_UNIT() );
#13743 = UNCERTAINTY_MEASURE_WITH_UNIT(LENGTH_MEASURE(1.E-07),#13740,
  'distance_accuracy_value','confusion accuracy');
#13744 = CONTEXT_DEPENDENT_SHAPE_REPRESENTATION(#13745,#13747);
#13745 = ( REPRESENTATION_RELATIONSHIP('','',#13003,#10) 
REPRESENTATION_RELATIONSHIP_WITH_TRANSFORMATION(#13746) 
SHAPE_REPRESENTATION_RELATIONSHIP() );
#13746 = ITEM_DEFINED_TRANSFORMATION('','',#11,#27);
#13747 = PRODUCT_DEFINITION_SHAPE('Placement','Placement of an item',
  #13748);
#13748 = NEXT_ASSEMBLY_USAGE_OCCURRENCE('4','=>[0:1:1:5]','',#5,#12998,$
  );
#13749 = PRODUCT_RELATED_PRODUCT_CATEGORY('part',$,(#13000));
#13750 = MECHANICAL_DESIGN_GEOMETRIC_PRESENTATION_REPRESENTATION('',(
    #13751),#13739);
#13751 = STYLED_ITEM('color',(#13752),#13004);
#13752 = PRESENTATION_STYLE_ASSIGNMENT((#13753));
#13753 = SURFACE_STYLE_USAGE(.BOTH.,#13754);
#13754 = SURFACE_SIDE_STYLE('',(#13755));
#13755 = SURFACE_STYLE_FILL_AREA(#13756);
#13756 = FILL_AREA_STYLE('',(#13757));
#13757 = FILL_AREA_STYLE_COLOUR('',#13758);
#13758 = COLOUR_RGB('',0.583831500637,0.583831500637,0.583831500637);
#13759 = MECHANICAL_DESIGN_GEOMETRIC_PRESENTATION_REPRESENTATION('',(
    #13760,#13770,#13779,#13788,#13797,#13806,#13815,#13824,#13833,
    #13842,#13851,#13860,#13869,#13878,#13887,#13896,#13905,#13914,
    #13923,#13932,#13941),#12552);
#13760 = STYLED_ITEM('color',(#13761),#11200);
#13761 = PRESENTATION_STYLE_ASSIGNMENT((#13762));
#13762 = SURFACE_STYLE_USAGE(.BOTH.,#13763);
#13763 = SURFACE_SIDE_STYLE('',(#13764,#13768));
#13764 = SURFACE_STYLE_FILL_AREA(#13765);
#13765 = FILL_AREA_STYLE('',(#13766));
#13766 = FILL_AREA_STYLE_COLOUR('',#13767);
#13767 = DRAUGHTING_PRE_DEFINED_COLOUR('white');
#13768 = SURFACE_STYLE_RENDERING_WITH_PROPERTIES(.NORMAL_SHADING.,#13767
  ,(#13769));
#13769 = SURFACE_STYLE_TRANSPARENT(0.100000023842);
#13770 = STYLED_ITEM('color',(#13771),#11312);
#13771 = PRESENTATION_STYLE_ASSIGNMENT((#13772));
#13772 = SURFACE_STYLE_USAGE(.BOTH.,#13773);
#13773 = SURFACE_SIDE_STYLE('',(#13774,#13777));
#13774 = SURFACE_STYLE_FILL_AREA(#13775);
#13775 = FILL_AREA_STYLE('',(#13776));
#13776 = FILL_AREA_STYLE_COLOUR('',#13767);
#13777 = SURFACE_STYLE_RENDERING_WITH_PROPERTIES(.NORMAL_SHADING.,#13767
  ,(#13778));
#13778 = SURFACE_STYLE_TRANSPARENT(0.100000023842);
#13779 = STYLED_ITEM('color',(#13780),#11331);
#13780 = PRESENTATION_STYLE_ASSIGNMENT((#13781));
#13781 = SURFACE_STYLE_USAGE(.BOTH.,#13782);
#13782 = SURFACE_SIDE_STYLE('',(#13783,#13786));
#13783 = SURFACE_STYLE_FILL_AREA(#13784);
#13784 = FILL_AREA_STYLE('',(#13785));
#13785 = FILL_AREA_STYLE_COLOUR('',#13767);
#13786 = SURFACE_STYLE_RENDERING_WITH_PROPERTIES(.NORMAL_SHADING.,#13767
  ,(#13787));
#13787 = SURFACE_STYLE_TRANSPARENT(0.100000023842);
#13788 = STYLED_ITEM('color',(#13789),#11425);
#13789 = PRESENTATION_STYLE_ASSIGNMENT((#13790));
#13790 = SURFACE_STYLE_USAGE(.BOTH.,#13791);
#13791 = SURFACE_SIDE_STYLE('',(#13792,#13795));
#13792 = SURFACE_STYLE_FILL_AREA(#13793);
#13793 = FILL_AREA_STYLE('',(#13794));
#13794 = FILL_AREA_STYLE_COLOUR('',#13767);
#13795 = SURFACE_STYLE_RENDERING_WITH_PROPERTIES(.NORMAL_SHADING.,#13767
  ,(#13796));
#13796 = SURFACE_STYLE_TRANSPARENT(0.100000023842);
#13797 = STYLED_ITEM('color',(#13798),#11568);
#13798 = PRESENTATION_STYLE_ASSIGNMENT((#13799));
#13799 = SURFACE_STYLE_USAGE(.BOTH.,#13800);
#13800 = SURFACE_SIDE_STYLE('',(#13801,#13804));
#13801 = SURFACE_STYLE_FILL_AREA(#13802);
#13802 = FILL_AREA_STYLE('',(#13803));
#13803 = FILL_AREA_STYLE_COLOUR('',#13767);
#13804 = SURFACE_STYLE_RENDERING_WITH_PROPERTIES(.NORMAL_SHADING.,#13767
  ,(#13805));
#13805 = SURFACE_STYLE_TRANSPARENT(0.100000023842);
#13806 = STYLED_ITEM('color',(#13807),#11587);
#13807 = PRESENTATION_STYLE_ASSIGNMENT((#13808));
#13808 = SURFACE_STYLE_USAGE(.BOTH.,#13809);
#13809 = SURFACE_SIDE_STYLE('',(#13810,#13813));
#13810 = SURFACE_STYLE_FILL_AREA(#13811);
#13811 = FILL_AREA_STYLE('',(#13812));
#13812 = FILL_AREA_STYLE_COLOUR('',#13767);
#13813 = SURFACE_STYLE_RENDERING_WITH_PROPERTIES(.NORMAL_SHADING.,#13767
  ,(#13814));
#13814 = SURFACE_STYLE_TRANSPARENT(0.100000023842);
#13815 = STYLED_ITEM('color',(#13816),#11681);
#13816 = PRESENTATION_STYLE_ASSIGNMENT((#13817));
#13817 = SURFACE_STYLE_USAGE(.BOTH.,#13818);
#13818 = SURFACE_SIDE_STYLE('',(#13819,#13822));
#13819 = SURFACE_STYLE_FILL_AREA(#13820);
#13820 = FILL_AREA_STYLE('',(#13821));
#13821 = FILL_AREA_STYLE_COLOUR('',#13767);
#13822 = SURFACE_STYLE_RENDERING_WITH_PROPERTIES(.NORMAL_SHADING.,#13767
  ,(#13823));
#13823 = SURFACE_STYLE_TRANSPARENT(0.100000023842);
#13824 = STYLED_ITEM('color',(#13825),#11725);
#13825 = PRESENTATION_STYLE_ASSIGNMENT((#13826));
#13826 = SURFACE_STYLE_USAGE(.BOTH.,#13827);
#13827 = SURFACE_SIDE_STYLE('',(#13828,#13831));
#13828 = SURFACE_STYLE_FILL_AREA(#13829);
#13829 = FILL_AREA_STYLE('',(#13830));
#13830 = FILL_AREA_STYLE_COLOUR('',#13767);
#13831 = SURFACE_STYLE_RENDERING_WITH_PROPERTIES(.NORMAL_SHADING.,#13767
  ,(#13832));
#13832 = SURFACE_STYLE_TRANSPARENT(0.100000023842);
#13833 = STYLED_ITEM('color',(#13834),#11769);
#13834 = PRESENTATION_STYLE_ASSIGNMENT((#13835));
#13835 = SURFACE_STYLE_USAGE(.BOTH.,#13836);
#13836 = SURFACE_SIDE_STYLE('',(#13837,#13840));
#13837 = SURFACE_STYLE_FILL_AREA(#13838);
#13838 = FILL_AREA_STYLE('',(#13839));
#13839 = FILL_AREA_STYLE_COLOUR('',#13767);
#13840 = SURFACE_STYLE_RENDERING_WITH_PROPERTIES(.NORMAL_SHADING.,#13767
  ,(#13841));
#13841 = SURFACE_STYLE_TRANSPARENT(0.100000023842);
#13842 = STYLED_ITEM('color',(#13843),#11813);
#13843 = PRESENTATION_STYLE_ASSIGNMENT((#13844));
#13844 = SURFACE_STYLE_USAGE(.BOTH.,#13845);
#13845 = SURFACE_SIDE_STYLE('',(#13846,#13849));
#13846 = SURFACE_STYLE_FILL_AREA(#13847);
#13847 = FILL_AREA_STYLE('',(#13848));
#13848 = FILL_AREA_STYLE_COLOUR('',#13767);
#13849 = SURFACE_STYLE_RENDERING_WITH_PROPERTIES(.NORMAL_SHADING.,#13767
  ,(#13850));
#13850 = SURFACE_STYLE_TRANSPARENT(0.100000023842);
#13851 = STYLED_ITEM('color',(#13852),#11857);
#13852 = PRESENTATION_STYLE_ASSIGNMENT((#13853));
#13853 = SURFACE_STYLE_USAGE(.BOTH.,#13854);
#13854 = SURFACE_SIDE_STYLE('',(#13855,#13858));
#13855 = SURFACE_STYLE_FILL_AREA(#13856);
#13856 = FILL_AREA_STYLE('',(#13857));
#13857 = FILL_AREA_STYLE_COLOUR('',#13767);
#13858 = SURFACE_STYLE_RENDERING_WITH_PROPERTIES(.NORMAL_SHADING.,#13767
  ,(#13859));
#13859 = SURFACE_STYLE_TRANSPARENT(0.100000023842);
#13860 = STYLED_ITEM('color',(#13861),#11901);
#13861 = PRESENTATION_STYLE_ASSIGNMENT((#13862));
#13862 = SURFACE_STYLE_USAGE(.BOTH.,#13863);
#13863 = SURFACE_SIDE_STYLE('',(#13864,#13867));
#13864 = SURFACE_STYLE_FILL_AREA(#13865);
#13865 = FILL_AREA_STYLE('',(#13866));
#13866 = FILL_AREA_STYLE_COLOUR('',#13767);
#13867 = SURFACE_STYLE_RENDERING_WITH_PROPERTIES(.NORMAL_SHADING.,#13767
  ,(#13868));
#13868 = SURFACE_STYLE_TRANSPARENT(0.100000023842);
#13869 = STYLED_ITEM('color',(#13870),#11945);
#13870 = PRESENTATION_STYLE_ASSIGNMENT((#13871));
#13871 = SURFACE_STYLE_USAGE(.BOTH.,#13872);
#13872 = SURFACE_SIDE_STYLE('',(#13873,#13876));
#13873 = SURFACE_STYLE_FILL_AREA(#13874);
#13874 = FILL_AREA_STYLE('',(#13875));
#13875 = FILL_AREA_STYLE_COLOUR('',#13767);
#13876 = SURFACE_STYLE_RENDERING_WITH_PROPERTIES(.NORMAL_SHADING.,#13767
  ,(#13877));
#13877 = SURFACE_STYLE_TRANSPARENT(0.100000023842);
#13878 = STYLED_ITEM('color',(#13879),#12039);
#13879 = PRESENTATION_STYLE_ASSIGNMENT((#13880));
#13880 = SURFACE_STYLE_USAGE(.BOTH.,#13881);
#13881 = SURFACE_SIDE_STYLE('',(#13882,#13885));
#13882 = SURFACE_STYLE_FILL_AREA(#13883);
#13883 = FILL_AREA_STYLE('',(#13884));
#13884 = FILL_AREA_STYLE_COLOUR('',#13767);
#13885 = SURFACE_STYLE_RENDERING_WITH_PROPERTIES(.NORMAL_SHADING.,#13767
  ,(#13886));
#13886 = SURFACE_STYLE_TRANSPARENT(0.100000023842);
#13887 = STYLED_ITEM('color',(#13888),#12083);
#13888 = PRESENTATION_STYLE_ASSIGNMENT((#13889));
#13889 = SURFACE_STYLE_USAGE(.BOTH.,#13890);
#13890 = SURFACE_SIDE_STYLE('',(#13891,#13894));
#13891 = SURFACE_STYLE_FILL_AREA(#13892);
#13892 = FILL_AREA_STYLE('',(#13893));
#13893 = FILL_AREA_STYLE_COLOUR('',#13767);
#13894 = SURFACE_STYLE_RENDERING_WITH_PROPERTIES(.NORMAL_SHADING.,#13767
  ,(#13895));
#13895 = SURFACE_STYLE_TRANSPARENT(0.100000023842);
#13896 = STYLED_ITEM('color',(#13897),#12127);
#13897 = PRESENTATION_STYLE_ASSIGNMENT((#13898));
#13898 = SURFACE_STYLE_USAGE(.BOTH.,#13899);
#13899 = SURFACE_SIDE_STYLE('',(#13900,#13903));
#13900 = SURFACE_STYLE_FILL_AREA(#13901);
#13901 = FILL_AREA_STYLE('',(#13902));
#13902 = FILL_AREA_STYLE_COLOUR('',#13767);
#13903 = SURFACE_STYLE_RENDERING_WITH_PROPERTIES(.NORMAL_SHADING.,#13767
  ,(#13904));
#13904 = SURFACE_STYLE_TRANSPARENT(0.100000023842);
#13905 = STYLED_ITEM('color',(#13906),#12171);
#13906 = PRESENTATION_STYLE_ASSIGNMENT((#13907));
#13907 = SURFACE_STYLE_USAGE(.BOTH.,#13908);
#13908 = SURFACE_SIDE_STYLE('',(#13909,#13912));
#13909 = SURFACE_STYLE_FILL_AREA(#13910);
#13910 = FILL_AREA_STYLE('',(#13911));
#13911 = FILL_AREA_STYLE_COLOUR('',#13767);
#13912 = SURFACE_STYLE_RENDERING_WITH_PROPERTIES(.NORMAL_SHADING.,#13767
  ,(#13913));
#13913 = SURFACE_STYLE_TRANSPARENT(0.100000023842);
#13914 = STYLED_ITEM('color',(#13915),#12215);
#13915 = PRESENTATION_STYLE_ASSIGNMENT((#13916));
#13916 = SURFACE_STYLE_USAGE(.BOTH.,#13917);
#13917 = SURFACE_SIDE_STYLE('',(#13918,#13921));
#13918 = SURFACE_STYLE_FILL_AREA(#13919);
#13919 = FILL_AREA_STYLE('',(#13920));
#13920 = FILL_AREA_STYLE_COLOUR('',#13767);
#13921 = SURFACE_STYLE_RENDERING_WITH_PROPERTIES(.NORMAL_SHADING.,#13767
  ,(#13922));
#13922 = SURFACE_STYLE_TRANSPARENT(0.100000023842);
#13923 = STYLED_ITEM('color',(#13924),#12259);
#13924 = PRESENTATION_STYLE_ASSIGNMENT((#13925));
#13925 = SURFACE_STYLE_USAGE(.BOTH.,#13926);
#13926 = SURFACE_SIDE_STYLE('',(#13927,#13930));
#13927 = SURFACE_STYLE_FILL_AREA(#13928);
#13928 = FILL_AREA_STYLE('',(#13929));
#13929 = FILL_AREA_STYLE_COLOUR('',#13767);
#13930 = SURFACE_STYLE_RENDERING_WITH_PROPERTIES(.NORMAL_SHADING.,#13767
  ,(#13931));
#13931 = SURFACE_STYLE_TRANSPARENT(0.100000023842);
#13932 = STYLED_ITEM('color',(#13933),#12303);
#13933 = PRESENTATION_STYLE_ASSIGNMENT((#13934));
#13934 = SURFACE_STYLE_USAGE(.BOTH.,#13935);
#13935 = SURFACE_SIDE_STYLE('',(#13936,#13939));
#13936 = SURFACE_STYLE_FILL_AREA(#13937);
#13937 = FILL_AREA_STYLE('',(#13938));
#13938 = FILL_AREA_STYLE_COLOUR('',#13767);
#13939 = SURFACE_STYLE_RENDERING_WITH_PROPERTIES(.NORMAL_SHADING.,#13767
  ,(#13940));
#13940 = SURFACE_STYLE_TRANSPARENT(0.100000023842);
#13941 = STYLED_ITEM('color',(#13942),#12460);
#13942 = PRESENTATION_STYLE_ASSIGNMENT((#13943));
#13943 = SURFACE_STYLE_USAGE(.BOTH.,#13944);
#13944 = SURFACE_SIDE_STYLE('',(#13945,#13948));
#13945 = SURFACE_STYLE_FILL_AREA(#13946);
#13946 = FILL_AREA_STYLE('',(#13947));
#13947 = FILL_AREA_STYLE_COLOUR('',#13767);
#13948 = SURFACE_STYLE_RENDERING_WITH_PROPERTIES(.NORMAL_SHADING.,#13767
  ,(#13949));
#13949 = SURFACE_STYLE_TRANSPARENT(0.100000023842);
#13950 = MECHANICAL_DESIGN_GEOMETRIC_PRESENTATION_REPRESENTATION('',(
    #13951,#13961),#12985);
#13951 = STYLED_ITEM('color',(#13952),#12573);
#13952 = PRESENTATION_STYLE_ASSIGNMENT((#13953));
#13953 = SURFACE_STYLE_USAGE(.BOTH.,#13954);
#13954 = SURFACE_SIDE_STYLE('',(#13955,#13959));
#13955 = SURFACE_STYLE_FILL_AREA(#13956);
#13956 = FILL_AREA_STYLE('',(#13957));
#13957 = FILL_AREA_STYLE_COLOUR('',#13958);
#13958 = COLOUR_RGB('',0.313304153717,0.484529207832,0.410020903123);
#13959 = SURFACE_STYLE_RENDERING_WITH_PROPERTIES(.NORMAL_SHADING.,#13958
  ,(#13960));
#13960 = SURFACE_STYLE_TRANSPARENT(0.170000016689);
#13961 = STYLED_ITEM('color',(#13962),#12780);
#13962 = PRESENTATION_STYLE_ASSIGNMENT((#13963));
#13963 = SURFACE_STYLE_USAGE(.BOTH.,#13964);
#13964 = SURFACE_SIDE_STYLE('',(#13965,#13968));
#13965 = SURFACE_STYLE_FILL_AREA(#13966);
#13966 = FILL_AREA_STYLE('',(#13967));
#13967 = FILL_AREA_STYLE_COLOUR('',#13958);
#13968 = SURFACE_STYLE_RENDERING_WITH_PROPERTIES(.NORMAL_SHADING.,#13958
  ,(#13969));
#13969 = SURFACE_STYLE_TRANSPARENT(0.170000016689);
ENDSEC;
END-ISO-10303-21;
